id_commande,id_client,ville,categorie,canal_achat,mode_paiement,age_client,genre,anciennete_client_jours,client_premium,quantite,prix_unitaire_fcfa,remise_pct,frais_livraison_fcfa,montant_total_fcfa,mois,jour_semaine,delai_livraison_jours,retard_livraison,satisfaction_1_5,satisfait,retour_produit
CMD200000,CLI11125,Dapaong,Alimentaire,Site web,Mobile Money,48.0,F,,1,2,1974,18.9,4336,7538,8,Dim,5.4,1,4,1,0
CMD200001,CLI11372,Lomé,Mode,Site web,Mobile Money,20.0,H,,0,4,18828,0.0,1717,77029,9,Sam,,0,4,1,0
CMD200002,CLI11679,Kpalimé,Alimentaire,Application mobile,Espèces à la livraison,26.0,H,159.0,1,5,11811,12.6,1888,53502,10,Ven,2.8,0,4,1,0
CMD200003,CLI10473,Kpalimé,Téléphonie,Application mobile,Espèces à la livraison,,F,453.0,0,3,47041,,2563,143686,11,Jeu,3.3,0,3,0,0
CMD200004,CLI11353,Dapaong,Mode,Application mobile,Espèces à la livraison,42.0,H,503.0,0,2,25763,0.0,3388,54914,2,Jeu,7.4,1,3,0,0
CMD200005,CLI10583,Lomé,Téléphonie,Application mobile,Espèces à la livraison,31.0,F,790.0,0,2,46580,0.0,842,94002,5,Mer,1.2,0,4,1,0
CMD200006,CLI11394,Lomé,Beauté,Site web,Mobile Money,36.0,H,507.0,0,2,10555,6.4,1846,21605,11,Lun,4.6,0,5,1,0
CMD200007,CLI10489,Atakpamé,Maison,Site web,Espèces à la livraison,28.0,F,333.0,0,1,19679,0.0,2690,22369,5,Ven,2.2,0,4,1,0
CMD200008,CLI11294,Kara,Maison,Application mobile,Mobile Money,33.0,H,103.0,0,2,23685,0.0,2994,50364,12,Ven,4.0,0,4,1,0
CMD200009,CLI11713,Lomé,Électronique,Application mobile,Espèces à la livraison,30.0,F,530.0,1,4,61441,6.8,2032,231084,2,Sam,2.7,0,5,1,0
CMD200010,CLI11037,Lomé,Électronique,Application mobile,Espèces à la livraison,35.0,F,81.0,0,1,46393,0.0,2343,48736,9,Sam,3.0,0,4,1,0
CMD200011,CLI10805,Lomé,Alimentaire,Réseaux sociaux,Mobile Money,45.0,F,487.0,0,1,3418,0.0,1861,5279,12,Sam,1.6,0,4,1,0
CMD200012,CLI10031,Lomé,Beauté,Application mobile,Mobile Money,30.0,F,93.0,0,3,2073,0.0,1897,8116,7,Sam,2.8,0,4,1,0
CMD200013,CLI10320,Lomé,Mode,Application mobile,Espèces à la livraison,18.0,H,57.0,0,1,13135,0.0,1350,14485,1,Mar,1.8,0,4,1,0
CMD200014,CLI10871,Dapaong,Électronique,Site web,Espèces à la livraison,42.0,H,303.0,0,2,80702,0.0,3880,165284,5,Mer,3.1,0,4,1,0
CMD200015,CLI11107,Lomé,Électronique,Site web,Espèces à la livraison,40.0,F,245.0,0,1,62974,0.0,1212,64186,4,Mar,3.1,0,4,1,0
CMD200016,CLI10867,Lomé,Mode,Site web,Mobile Money,54.0,F,256.0,1,2,25113,14.9,1910,44652,11,Sam,,0,4,1,0
CMD200017,CLI10106,Lomé,Maison,Réseaux sociaux,Mobile Money,26.0,H,126.0,0,2,32587,4.8,1513,63559,11,Dim,1.6,0,5,1,0
CMD200018,CLI11192,Lomé,Téléphonie,Site web,Mobile Money,31.0,H,679.0,0,5,55261,0.0,2135,278440,1,Lun,0.5,0,4,1,0
CMD200019,CLI10258,Lomé,Beauté,Site web,Mobile Money,33.0,H,787.0,0,1,7670,5.3,1924,9187,5,Ven,3.9,0,3,0,0
CMD200020,CLI10185,Lomé,Beauté,Site web,Espèces à la livraison,30.0,H,427.0,0,2,9011,0.0,1682,19704,7,Jeu,0.6,0,4,1,0
CMD200021,CLI11517,Sokodé,Électronique,Réseaux sociaux,Mobile Money,29.0,F,291.0,0,1,45111,8.4,2675,43997,11,Jeu,5.7,1,4,1,0
CMD200022,CLI10899,Sokodé,Mode,Application mobile,Espèces à la livraison,24.0,H,975.0,0,3,18891,0.0,3150,59823,9,Dim,1.5,0,3,0,0
CMD200023,CLI11005,Atakpamé,Électronique,Site web,Espèces à la livraison,31.0,F,,0,2,57458,2.6,2678,114606,4,Lun,4.4,0,4,1,0
CMD200024,CLI10119,Lomé,Mode,Réseaux sociaux,Mobile Money,33.0,F,270.0,0,4,5856,0.0,1887,25311,8,Mer,4.7,0,4,1,0
CMD200025,CLI10657,Lomé,Maison,Application mobile,Mobile Money,40.0,H,194.0,0,3,36453,0.0,1872,111231,7,Lun,1.4,0,4,1,0
CMD200026,CLI10245,Lomé,Alimentaire,Site web,Mobile Money,18.0,F,1532.0,0,1,14793,,1339,16132,4,Jeu,1.7,0,3,0,0
CMD200027,CLI11645,Lomé,Alimentaire,Réseaux sociaux,Mobile Money,,F,56.0,0,4,14446,7.3,1981,55547,7,Sam,,0,5,1,0
CMD200028,CLI10723,Atakpamé,Mode,Application mobile,Espèces à la livraison,36.0,H,82.0,1,4,7669,10.6,2275,29699,3,Lun,0.5,0,4,1,0
CMD200029,CLI10712,Atakpamé,Mode,Réseaux sociaux,Espèces à la livraison,32.0,H,366.0,1,2,9876,19.5,1752,17652,6,Mar,1.7,0,5,1,0
CMD200030,CLI10708,Kara,Mode,Application mobile,Espèces à la livraison,39.0,F,441.0,0,2,17574,0.0,3035,38183,4,Lun,2.7,0,4,1,0
CMD200031,CLI11439,Kpalimé,Téléphonie,Application mobile,Mobile Money,37.0,F,160.0,0,2,65726,0.0,2211,133663,2,Lun,4.9,0,4,1,0
CMD200032,CLI10628,Lomé,Mode,Application mobile,Espèces à la livraison,19.0,H,431.0,0,1,6076,0.0,1373,7449,7,Lun,1.2,0,4,1,0
CMD200033,CLI10391,Lomé,Beauté,Application mobile,Mobile Money,43.0,H,1014.0,0,5,9742,0.0,2073,50783,2,Dim,3.5,0,4,1,0
CMD200034,CLI11146,Kpalimé,Électronique,Application mobile,Mobile Money,33.0,F,505.0,1,7,3077,14.6,1907,20301,10,Jeu,1.3,0,5,1,0
CMD200035,CLI10134,Kara,Téléphonie,Site web,Espèces à la livraison,34.0,H,46.0,0,4,92954,2.1,2773,366781,9,Sam,2.7,0,3,0,0
CMD200036,CLI10396,Sokodé,Alimentaire,Réseaux sociaux,Mobile Money,41.0,F,209.0,0,1,9292,0.0,3021,12313,6,Ven,2.2,0,4,1,0
CMD200037,CLI10560,Kpalimé,Mode,Réseaux sociaux,Espèces à la livraison,21.0,H,100.0,0,1,21497,9.3,2291,21789,1,Lun,3.4,0,5,1,0
CMD200038,CLI11585,Kpalimé,Mode,Réseaux sociaux,Espèces à la livraison,35.0,F,519.0,0,1,20811,9.7,2410,21202,6,Mer,0.5,0,5,1,0
CMD200039,CLI10750,Lomé,Maison,Site web,Mobile Money,47.0,F,329.0,0,1,34648,0.0,1077,35725,5,Dim,2.8,0,3,0,1
CMD200040,CLI11334,Lomé,Téléphonie,Application mobile,Mobile Money,41.0,F,694.0,1,2,87347,16.2,1078,147472,12,Jeu,4.2,0,5,1,0
CMD200041,CLI11264,Lomé,Téléphonie,Application mobile,Carte bancaire,27.0,H,169.0,0,1,74290,0.0,1298,75588,3,Mar,3.5,0,5,1,0
CMD200042,CLI10950,Kpalimé,Téléphonie,Application mobile,Espèces à la livraison,27.0,H,22.0,1,6,38300,5.1,2740,220820,10,Lun,1.6,0,4,1,0
CMD200043,CLI11574,Lomé,Alimentaire,Réseaux sociaux,Mobile Money,19.0,H,440.0,0,2,14246,0.0,2025,30517,3,Dim,3.8,0,5,1,0
CMD200044,CLI10806,Sokodé,Électronique,Réseaux sociaux,Mobile Money,30.0,H,67.0,0,2,83982,5.1,2801,162199,10,Sam,1.0,0,4,1,0
CMD200045,CLI10393,Lomé,Électronique,Site web,Carte bancaire,30.0,F,998.0,0,1,29527,0.0,2016,31543,11,Ven,4.7,0,4,1,0
CMD200046,CLI11252,Lomé,Beauté,Réseaux sociaux,Mobile Money,34.0,F,149.0,0,4,10624,0.0,1346,43842,6,Lun,3.1,0,5,1,0
CMD200047,CLI11342,Dapaong,Mode,Réseaux sociaux,Mobile Money,34.0,F,428.0,0,4,11153,0.0,3157,47769,9,Mar,4.2,0,4,1,0
CMD200048,CLI11476,Sokodé,Électronique,Site web,Espèces à la livraison,18.0,H,63.0,1,3,87665,18.8,1995,215547,3,Mar,2.0,0,5,1,0
CMD200049,CLI10906,Dapaong,Mode,Site web,Espèces à la livraison,37.0,F,467.0,0,3,11313,3.0,3974,36895,4,Sam,2.3,0,5,1,0
CMD200050,CLI10379,Lomé,Maison,Réseaux sociaux,Mobile Money,29.0,F,333.0,0,3,25543,8.3,1398,71667,11,Lun,2.7,0,4,1,0
CMD200051,CLI11511,Atakpamé,Électronique,Site web,Espèces à la livraison,39.0,F,1013.0,0,2,41222,9.9,3007,77289,3,Sam,1.9,0,3,0,0
CMD200052,CLI10882,Lomé,Maison,Site web,Mobile Money,54.0,F,1271.0,1,3,1500,10.0,1207,5257,3,Sam,4.4,0,4,1,0
CMD200053,CLI11269,Lomé,Mode,Réseaux sociaux,Mobile Money,43.0,F,72.0,1,2,14993,5.8,1776,30023,7,Dim,3.0,0,4,1,0
CMD200054,CLI10951,Kara,Maison,Application mobile,Espèces à la livraison,39.0,F,14.0,0,2,41104,0.0,3481,85689,5,Jeu,,1,4,1,0
CMD200055,CLI11227,Kara,Mode,Site web,Espèces à la livraison,30.0,F,56.0,0,2,5184,7.0,3537,13179,12,Sam,2.8,0,4,1,0
CMD200056,CLI11430,Dapaong,Beauté,Réseaux sociaux,Mobile Money,37.0,F,285.0,0,3,1500,0.0,3736,8236,10,Dim,5.7,1,4,1,0
CMD200057,CLI10337,Dapaong,Électronique,Application mobile,Espèces à la livraison,18.0,F,143.0,0,1,28790,9.0,4648,30847,6,Sam,4.2,0,5,1,0
CMD200058,CLI11596,Atakpamé,Mode,Application mobile,Espèces à la livraison,18.0,H,975.0,0,3,15028,0.0,2570,47654,4,Sam,,0,4,1,0
CMD200059,CLI10676,Sokodé,Mode,Application mobile,Mobile Money,19.0,F,786.0,0,3,15035,7.3,2345,44157,7,Lun,2.9,0,4,1,0
CMD200060,CLI10859,Lomé,Mode,Application mobile,Mobile Money,24.0,H,310.0,0,1,10068,0.0,2038,12106,10,Ven,1.7,0,5,1,0
CMD200061,CLI10441,Lomé,Mode,Réseaux sociaux,Espèces à la livraison,32.0,F,1925.0,0,3,12276,0.0,2159,38987,5,Sam,1.3,0,5,1,0
CMD200062,CLI11394,Lomé,Beauté,Application mobile,Espèces à la livraison,35.0,H,615.0,0,3,7801,6.5,2207,24089,9,Dim,2.0,0,4,1,0
CMD200063,CLI10368,Lomé,Mode,Site web,Mobile Money,35.0,H,558.0,0,2,20538,5.9,1390,40043,6,Ven,3.5,0,5,1,0
CMD200064,CLI11104,Sokodé,Électronique,Site web,Mobile Money,38.0,F,146.0,1,2,21952,5.1,3270,44935,8,Jeu,3.4,0,5,1,0
CMD200065,CLI10620,Sokodé,Alimentaire,Site web,Mobile Money,,H,476.0,1,2,8589,15.2,2774,17341,6,Lun,2.7,0,5,1,0
CMD200066,CLI11007,Lomé,Maison,Réseaux sociaux,Mobile Money,31.0,H,378.0,0,1,14401,0.0,1260,15661,4,Sam,0.9,0,4,1,0
CMD200067,CLI10899,Lomé,Téléphonie,Site web,Mobile Money,29.0,F,308.0,0,3,47312,9.5,1118,129570,12,Sam,4.4,0,3,0,0
CMD200068,CLI11085,Kpalimé,Beauté,Application mobile,Mobile Money,45.0,H,820.0,0,4,6211,0.0,1903,26747,12,Sam,2.7,0,4,1,1
CMD200069,CLI10867,Sokodé,Beauté,Application mobile,Espèces à la livraison,20.0,H,11.0,0,1,9163,0.0,1998,11161,10,Mer,2.7,0,5,1,1
CMD200070,CLI10481,Lomé,Maison,Application mobile,Espèces à la livraison,40.0,H,11.0,0,4,29094,0.0,1216,117592,11,Dim,3.2,0,4,1,0
CMD200071,CLI11212,Lomé,Alimentaire,Application mobile,Mobile Money,26.0,H,492.0,0,2,13668,5.3,1244,27131,5,Sam,0.6,0,3,0,0
CMD200072,CLI11542,Lomé,Alimentaire,Application mobile,Carte bancaire,18.0,F,127.0,1,2,9575,5.8,1395,19434,2,Dim,3.1,0,4,1,0
CMD200073,CLI10004,Kpalimé,Mode,Réseaux sociaux,Mobile Money,18.0,F,277.0,1,1,1500,15.9,2673,3934,2,Ven,2.3,0,4,1,0
CMD200074,CLI10399,Dapaong,Maison,Application mobile,Mobile Money,28.0,F,83.0,1,1,12547,18.7,3147,13348,4,Jeu,2.6,0,5,1,1
CMD200075,CLI10279,Lomé,Alimentaire,Application mobile,Mobile Money,36.0,F,354.0,0,2,6411,0.0,1017,13839,12,Lun,2.1,0,3,0,0
CMD200076,CLI10345,Dapaong,Mode,Réseaux sociaux,Mobile Money,28.0,H,98.0,0,1,9482,9.8,4167,12720,4,Mar,5.8,1,3,0,0
CMD200077,CLI10625,Kpalimé,Mode,Application mobile,Mobile Money,30.0,F,125.0,0,2,9079,2.8,2817,20467,6,Ven,4.9,0,5,1,1
CMD200078,CLI10455,Lomé,Alimentaire,Site web,Carte bancaire,33.0,F,279.0,0,2,5632,0.0,1451,12715,3,Lun,5.1,1,5,1,0
CMD200079,CLI10826,Kara,Électronique,Application mobile,Mobile Money,39.0,H,42.0,0,1,57537,0.0,3355,60892,5,Mar,3.8,0,5,1,0
CMD200080,CLI11448,Sokodé,Électronique,Site web,Mobile Money,30.0,F,,1,1,79335,16.4,2388,68712,1,Dim,6.1,1,4,1,0
CMD200081,CLI11222,Sokodé,Électronique,Site web,Mobile Money,34.0,F,507.0,0,3,79778,4.5,2509,231073,12,Ven,3.6,0,5,1,0
CMD200082,CLI11706,Sokodé,Mode,Réseaux sociaux,Mobile Money,54.0,F,104.0,0,1,3447,0.0,2720,6167,10,Ven,2.6,0,4,1,1
CMD200083,CLI10179,Dapaong,Alimentaire,Réseaux sociaux,Espèces à la livraison,18.0,H,77.0,1,4,7999,19.0,3262,29179,8,Sam,3.0,0,4,1,0
CMD200084,CLI11545,Lomé,Alimentaire,Réseaux sociaux,Mobile Money,18.0,H,2.0,1,1,4408,9.2,1732,5734,5,Sam,4.8,0,5,1,0
CMD200085,CLI10522,Atakpamé,Électronique,Site web,Mobile Money,33.0,H,543.0,0,3,22630,0.0,2335,70225,3,Jeu,1.6,0,4,1,0
CMD200086,CLI11188,Lomé,Alimentaire,Site web,Mobile Money,33.0,F,682.0,0,4,6345,0.0,1875,27255,7,Sam,3.7,0,4,1,0
CMD200087,CLI10058,Kara,Mode,Application mobile,Mobile Money,32.0,F,76.0,0,2,11786,0.0,4392,27964,1,Sam,2.5,0,3,0,0
CMD200088,CLI10353,Lomé,Alimentaire,Réseaux sociaux,Espèces à la livraison,18.0,F,89.0,0,4,10614,0.0,1901,44357,5,Ven,1.5,0,5,1,0
CMD200089,CLI10716,Lomé,Mode,Site web,Mobile Money,29.0,H,1387.0,0,4,23362,0.0,940,94388,4,Mar,2.7,0,4,1,0
CMD200090,CLI10959,Lomé,Beauté,Site web,Mobile Money,33.0,F,683.0,0,3,3138,2.5,1978,11157,5,Lun,3.5,0,5,1,0
CMD200091,CLI10929,Kara,Mode,Réseaux sociaux,Carte bancaire,22.0,F,181.0,0,4,25908,3.6,3130,103031,2,Mar,5.1,1,4,1,0
CMD200092,CLI10312,Lomé,Maison,Application mobile,Mobile Money,29.0,H,762.0,1,1,24676,8.2,1842,24495,2,Dim,,0,4,1,0
CMD200093,CLI10320,Lomé,Mode,Application mobile,Mobile Money,28.0,F,533.0,0,3,16499,0.0,1002,50499,9,Ven,3.7,0,4,1,0
CMD200094,CLI10727,Dapaong,Mode,Site web,Espèces à la livraison,43.0,H,119.0,1,1,10889,8.8,4148,14079,3,Mer,5.8,1,4,1,0
CMD200095,CLI11141,Lomé,Alimentaire,Site web,Mobile Money,41.0,H,8.0,0,1,4661,0.0,1609,6270,8,Dim,0.9,0,4,1,0
CMD200096,CLI11579,Kpalimé,Maison,Site web,Mobile Money,22.0,H,215.0,0,3,1500,0.0,2047,6547,8,Jeu,1.0,0,4,1,0
CMD200097,CLI10575,Sokodé,Alimentaire,Application mobile,Mobile Money,37.0,H,288.0,0,1,3862,0.0,2758,6620,8,Jeu,,0,3,0,0
CMD200098,CLI10872,Lomé,Maison,Application mobile,Mobile Money,34.0,F,644.0,0,3,34399,0.0,1703,104900,5,Sam,2.4,0,4,1,0
CMD200099,CLI11671,Lomé,Mode,Réseaux sociaux,Espèces à la livraison,23.0,H,457.0,0,2,26262,0.0,1881,54405,12,Mer,3.2,0,4,1,0
CMD200100,CLI11346,Lomé,Mode,Application mobile,Mobile Money,21.0,H,845.0,1,3,20045,19.9,1364,49532,1,Ven,1.0,0,4,1,0
CMD200101,CLI11601,Lomé,Alimentaire,Réseaux sociaux,Mobile Money,18.0,F,941.0,0,2,11378,5.1,798,22393,8,Lun,0.5,0,5,1,0
CMD200102,CLI11330,Atakpamé,Beauté,Site web,Mobile Money,45.0,H,174.0,0,1,1518,7.7,2635,4036,5,Dim,5.3,1,4,1,0
CMD200103,CLI10279,Kpalimé,Électronique,Site web,Mobile Money,19.0,F,705.0,1,2,68412,14.4,2358,119479,7,Lun,5.0,0,5,1,0
CMD200104,CLI10236,Sokodé,Beauté,Application mobile,Carte bancaire,32.0,F,8.0,0,1,12365,0.0,2932,15297,8,Lun,1.9,0,5,1,0
CMD200105,CLI10666,Lomé,Mode,Application mobile,Espèces à la livraison,18.0,H,588.0,0,3,34222,,1279,103945,8,Mer,1.1,0,5,1,0
CMD200106,CLI11315,Sokodé,Alimentaire,Site web,Mobile Money,21.0,F,58.0,1,2,5955,16.2,3447,13428,7,Lun,6.1,1,4,1,0
CMD200107,CLI10843,Sokodé,Téléphonie,Réseaux sociaux,Mobile Money,36.0,F,477.0,0,4,76664,0.0,2629,309285,5,Ven,2.4,0,4,1,0
CMD200108,CLI11425,Sokodé,Maison,Site web,Espèces à la livraison,33.0,H,,0,3,35290,0.0,2605,108475,4,Mer,3.9,0,4,1,0
CMD200109,CLI10832,Lomé,Électronique,Site web,Mobile Money,38.0,H,192.0,0,1,15586,10.0,1788,15815,8,Mer,0.5,0,5,1,0
CMD200110,CLI10122,Lomé,Mode,Application mobile,Mobile Money,18.0,F,826.0,0,4,18171,4.6,1272,70613,7,Ven,1.8,0,3,0,0
CMD200111,CLI11158,Lomé,Électronique,Application mobile,Espèces à la livraison,51.0,H,435.0,0,1,62136,0.0,1363,63499,1,Sam,2.5,0,4,1,0
CMD200112,CLI11561,Kara,Téléphonie,Application mobile,Espèces à la livraison,46.0,F,109.0,0,1,94525,3.8,3371,94304,8,Dim,,1,4,1,0
CMD200113,CLI11544,Sokodé,Mode,Site web,Carte bancaire,29.0,H,244.0,0,3,9322,0.0,2403,30369,11,Lun,2.5,0,4,1,0
CMD200114,CLI10332,Lomé,Mode,Application mobile,Espèces à la livraison,38.0,F,162.0,0,2,6924,7.3,1627,14464,12,Sam,2.2,0,2,0,0
CMD200115,CLI11279,Kpalimé,Électronique,Réseaux sociaux,Mobile Money,37.0,F,28.0,0,1,52108,0.0,970,53078,1,Lun,4.3,0,5,1,0
CMD200116,CLI11561,Lomé,Téléphonie,Site web,Espèces à la livraison,30.0,H,504.0,1,3,88373,12.0,1743,235048,1,Mer,3.6,0,4,1,0
CMD200117,CLI11632,Lomé,Mode,Application mobile,Espèces à la livraison,31.0,F,21.0,0,2,27374,0.0,1776,56524,4,Jeu,4.7,0,4,1,0
CMD200118,CLI10818,Kara,Électronique,Site web,Espèces à la livraison,41.0,H,75.0,0,1,21200,2.5,2335,23005,5,Sam,1.0,0,3,0,0
CMD200119,CLI10376,Lomé,Téléphonie,Site web,Mobile Money,27.0,H,1226.0,0,4,61489,0.0,1490,247446,11,Jeu,2.3,0,5,1,0
CMD200120,CLI11351,Sokodé,Beauté,Réseaux sociaux,Espèces à la livraison,25.0,F,364.0,0,3,7765,0.0,2744,26039,12,Lun,1.7,0,4,1,0
CMD200121,CLI10088,Lomé,Mode,Site web,Espèces à la livraison,24.0,H,285.0,1,4,15950,18.7,1628,53497,12,Jeu,4.4,0,5,1,0
CMD200122,CLI10972,Lomé,Électronique,Application mobile,Espèces à la livraison,52.0,H,521.0,0,2,18360,9.4,1128,34396,1,Sam,3.8,0,5,1,0
CMD200123,CLI10637,Kara,Maison,Application mobile,Carte bancaire,28.0,H,445.0,0,4,19966,0.0,2946,82810,5,Lun,5.0,0,4,1,0
CMD200124,CLI10841,Dapaong,Maison,Site web,Mobile Money,22.0,F,107.0,0,1,28124,0.0,3847,31971,8,Mar,3.7,0,4,1,0
CMD200125,CLI10432,Lomé,Électronique,Site web,Espèces à la livraison,33.0,F,117.0,0,2,94312,0.0,1762,190386,11,Mar,0.6,0,4,1,0
CMD200126,CLI10830,Lomé,Maison,Site web,Mobile Money,,H,195.0,0,1,20404,3.3,2175,21906,2,Dim,3.7,0,4,1,1
CMD200127,CLI10869,Lomé,Électronique,Site web,Mobile Money,35.0,F,527.0,0,4,53261,0.0,1838,214882,9,Ven,2.8,0,5,1,0
CMD200128,CLI10289,Lomé,Téléphonie,Application mobile,Mobile Money,47.0,F,38.0,1,4,56656,17.1,820,188691,10,Jeu,4.2,0,4,1,0
CMD200129,CLI10294,Sokodé,Beauté,Réseaux sociaux,Espèces à la livraison,28.0,H,24.0,0,2,10421,0.0,3001,23843,4,Sam,4.0,0,3,0,0
CMD200130,CLI11620,Sokodé,Alimentaire,Réseaux sociaux,Mobile Money,18.0,H,98.0,0,4,3709,4.3,3018,17216,9,Mer,5.0,0,3,0,0
CMD200131,CLI10326,Lomé,Électronique,Application mobile,Mobile Money,31.0,F,13.0,0,1,58569,0.0,1760,60329,11,Sam,1.5,0,4,1,0
CMD200132,CLI10888,Lomé,Téléphonie,Réseaux sociaux,Mobile Money,18.0,F,137.0,0,4,110791,0.0,1961,445125,3,Sam,3.2,0,4,1,0
CMD200133,CLI11673,Lomé,Maison,Application mobile,Espèces à la livraison,40.0,H,404.0,0,3,17520,0.0,1446,54006,1,Lun,2.5,0,5,1,0
CMD200134,CLI10570,Lomé,Mode,Réseaux sociaux,Mobile Money,18.0,F,16.0,0,6,12017,0.0,1782,73884,6,Mar,2.8,0,4,1,0
CMD200135,CLI11768,Lomé,Beauté,Site web,Mobile Money,36.0,F,46.0,0,3,4190,0.0,1802,14372,6,Sam,3.7,0,5,1,0
CMD200136,CLI10793,Lomé,Beauté,Application mobile,Mobile Money,49.0,H,1029.0,1,2,16822,11.9,2414,32054,3,Ven,2.9,0,5,1,0
CMD200137,CLI11050,Dapaong,Beauté,Application mobile,Espèces à la livraison,48.0,F,556.0,0,4,3248,0.0,3596,16588,3,Ven,0.5,0,5,1,0
CMD200138,CLI11074,Lomé,Beauté,Site web,Mobile Money,32.0,H,304.0,0,3,10043,3.2,987,30152,3,Lun,1.8,0,3,0,0
CMD200139,CLI10803,Sokodé,Téléphonie,Application mobile,Mobile Money,32.0,F,234.0,0,2,1500,0.0,2240,5240,5,Dim,3.1,0,4,1,0
CMD200140,CLI10190,Lomé,Électronique,Application mobile,Mobile Money,37.0,F,498.0,0,3,53302,0.0,966,160872,5,Sam,1.6,0,4,1,1
CMD200141,CLI11676,Lomé,Maison,Application mobile,Mobile Money,25.0,F,8.0,0,2,36244,0.0,1317,73805,2,Ven,3.0,0,5,1,0
CMD200142,CLI10599,Kpalimé,Électronique,Site web,Mobile Money,46.0,H,396.0,0,2,22980,0.0,1983,47943,12,Mar,2.8,0,4,1,0
CMD200143,CLI10020,Lomé,Électronique,Application mobile,Espèces à la livraison,31.0,H,90.0,1,1,72304,10.5,1492,66204,12,Lun,0.5,0,4,1,0
CMD200144,CLI10608,Lomé,Mode,Application mobile,Mobile Money,34.0,F,54.0,0,6,12248,0.0,1981,75469,5,Sam,4.6,0,4,1,0
CMD200145,CLI11266,Lomé,Mode,Application mobile,Espèces à la livraison,25.0,H,924.0,0,3,21014,0.0,1884,64926,10,Jeu,4.9,0,4,1,0
CMD200146,CLI10138,Sokodé,Téléphonie,Application mobile,Espèces à la livraison,25.0,H,306.0,1,2,51436,9.3,2966,96271,3,Dim,4.3,0,3,0,0
CMD200147,CLI11332,Dapaong,Électronique,Application mobile,Espèces à la livraison,35.0,F,284.0,0,1,1500,0.0,3938,5438,10,Mar,7.7,1,2,0,0
CMD200148,CLI11694,Atakpamé,Électronique,Application mobile,Espèces à la livraison,30.0,F,996.0,1,5,31401,18.5,2490,130449,3,Ven,4.4,0,4,1,0
CMD200149,CLI11198,Lomé,Beauté,Réseaux sociaux,Mobile Money,,H,210.0,0,3,17996,7.1,1880,52035,9,Mer,1.3,0,4,1,0
CMD200150,CLI10849,Kara,Mode,Application mobile,Espèces à la livraison,53.0,F,377.0,0,3,22469,8.8,3126,64601,3,Jeu,5.1,1,3,0,0
CMD200151,CLI10886,Kpalimé,Mode,Site web,Espèces à la livraison,38.0,H,626.0,0,1,6099,5.4,2724,8494,1,Sam,2.7,0,3,0,0
CMD200152,CLI10110,Lomé,Maison,Site web,Mobile Money,33.0,F,45.0,0,4,12065,0.0,1297,49557,12,Mar,4.1,0,4,1,0
CMD200153,CLI11148,Kara,Mode,Application mobile,Mobile Money,22.0,F,674.0,0,4,8428,,3587,37299,9,Lun,3.4,0,3,0,0
CMD200154,CLI10206,Lomé,Téléphonie,Site web,Mobile Money,21.0,F,44.0,0,3,73322,,1964,221930,9,Jeu,0.5,0,3,0,0
CMD200155,CLI11545,Lomé,Maison,Application mobile,Espèces à la livraison,18.0,F,330.0,1,3,10242,18.9,1194,26113,11,Ven,5.3,1,4,1,0
CMD200156,CLI11797,Kara,Maison,Application mobile,Mobile Money,29.0,F,2091.0,0,1,34275,6.5,3153,35200,12,Mar,1.5,0,4,1,0
CMD200157,CLI10514,Lomé,Électronique,Site web,Mobile Money,30.0,H,662.0,0,3,53535,0.0,1577,162182,1,Ven,,0,4,1,0
CMD200158,CLI10328,Kara,Téléphonie,Site web,Espèces à la livraison,26.0,F,977.0,0,1,77454,3.4,2938,77759,12,Lun,2.7,0,4,1,0
CMD200159,CLI11561,Lomé,Alimentaire,Application mobile,Mobile Money,39.0,F,1425.0,0,2,4595,0.0,1448,10638,5,Mar,2.9,0,4,1,0
CMD200160,CLI10464,Lomé,Maison,Application mobile,Mobile Money,33.0,H,114.0,0,2,17311,0.0,1388,36010,9,Sam,0.5,0,4,1,0
CMD200161,CLI10754,Sokodé,Beauté,Application mobile,Espèces à la livraison,18.0,F,38.0,1,2,3742,16.5,2813,9062,6,Mar,4.9,0,4,1,0
CMD200162,CLI10748,Lomé,Alimentaire,Site web,Mobile Money,43.0,H,598.0,0,2,12437,0.0,1292,26166,7,Jeu,,0,4,1,0
CMD200163,CLI10597,Lomé,Alimentaire,Application mobile,Mobile Money,60.0,F,23.0,0,3,17424,0.0,1786,54058,2,Ven,3.2,0,4,1,0
CMD200164,CLI11195,Lomé,Mode,Application mobile,Mobile Money,43.0,H,89.0,0,3,14674,4.1,1359,43576,10,Ven,1.9,0,5,1,0
CMD200165,CLI10112,Dapaong,Beauté,Application mobile,Espèces à la livraison,33.0,F,458.0,0,3,17614,4.8,3338,53644,8,Mar,3.8,0,4,1,0
CMD200166,CLI10399,Sokodé,Téléphonie,Application mobile,Espèces à la livraison,38.0,H,202.0,0,3,145570,5.5,2253,414944,12,Mer,,0,4,1,0
CMD200167,CLI11732,Atakpamé,Mode,Site web,Mobile Money,43.0,F,610.0,1,1,1860,17.1,3143,4685,5,Mer,3.5,0,5,1,0
CMD200168,CLI11355,Lomé,Mode,Application mobile,Mobile Money,27.0,H,81.0,1,2,14255,8.8,2166,28167,5,Jeu,0.8,0,4,1,0
CMD200169,CLI11075,Lomé,Électronique,Application mobile,Espèces à la livraison,,H,345.0,0,2,48699,0.0,973,98371,5,Jeu,4.9,0,5,1,0
CMD200170,CLI10663,Lomé,Mode,Application mobile,Mobile Money,32.0,F,1202.0,0,1,18343,9.5,1605,18205,1,Mer,,0,5,1,0
CMD200171,CLI10473,Kara,Téléphonie,Réseaux sociaux,Carte bancaire,33.0,F,766.0,0,2,22384,2.1,3036,46864,6,Ven,3.0,0,5,1,0
CMD200172,CLI11392,Lomé,Maison,Site web,Espèces à la livraison,37.0,F,1158.0,0,6,24056,0.0,1283,145619,4,Mer,2.1,0,5,1,0
CMD200173,CLI10885,Lomé,Beauté,Site web,Espèces à la livraison,41.0,F,29.0,0,1,1650,0.0,1409,3059,2,Lun,3.3,0,4,1,0
CMD200174,CLI11374,Kara,Alimentaire,Réseaux sociaux,Mobile Money,18.0,F,178.0,0,1,2443,0.0,2074,4517,11,Mer,3.2,0,4,1,0
CMD200175,CLI10899,Lomé,Mode,Réseaux sociaux,Espèces à la livraison,36.0,H,225.0,0,3,5449,0.0,1776,18123,5,Mer,2.5,0,4,1,0
CMD200176,CLI11385,Lomé,Électronique,Application mobile,Carte bancaire,42.0,F,25.0,0,1,51934,0.0,1640,53574,3,Mer,0.9,0,4,1,0
CMD200177,CLI11147,Lomé,Mode,Réseaux sociaux,Espèces à la livraison,47.0,F,1134.0,0,2,17954,0.0,1868,37776,2,Ven,3.5,0,3,0,0
CMD200178,CLI10791,Lomé,Mode,Application mobile,Espèces à la livraison,18.0,F,471.0,0,1,14068,0.0,2187,16255,7,Mer,4.3,0,3,0,0
CMD200179,CLI10139,Lomé,Mode,Réseaux sociaux,Mobile Money,45.0,H,132.0,0,4,17380,0.0,1699,71219,1,Mer,4.5,0,5,1,0
CMD200180,CLI10912,Kpalimé,Alimentaire,Site web,Mobile Money,41.0,F,1329.0,0,1,1699,0.0,3377,5076,8,Ven,2.9,0,4,1,0
CMD200181,CLI10637,Sokodé,Mode,Réseaux sociaux,Mobile Money,34.0,F,245.0,0,2,4314,0.0,2737,11365,9,Lun,4.6,0,4,1,0
CMD200182,CLI11646,Lomé,Maison,Application mobile,Espèces à la livraison,25.0,F,132.0,0,4,39662,9.4,1243,144978,12,Ven,4.8,0,5,1,0
CMD200183,CLI11501,Lomé,Maison,Site web,Mobile Money,23.0,H,973.0,0,3,44323,0.0,1756,134725,4,Lun,5.0,0,4,1,0
CMD200184,CLI11194,Kara,Électronique,Site web,Espèces à la livraison,31.0,F,316.0,0,3,52883,4.4,2917,154585,7,Sam,3.0,0,3,0,0
CMD200185,CLI10362,Lomé,Alimentaire,Site web,Mobile Money,25.0,F,219.0,0,2,3006,0.0,1929,7941,3,Mer,3.7,0,5,1,0
CMD200186,CLI10850,Kara,Beauté,Réseaux sociaux,Espèces à la livraison,37.0,H,104.0,1,1,2590,5.8,2638,5078,9,Lun,3.8,0,4,1,0
CMD200187,CLI11532,Dapaong,Beauté,Réseaux sociaux,Espèces à la livraison,43.0,H,753.0,1,4,9455,7.6,3974,38920,4,Sam,3.0,0,5,1,0
CMD200188,CLI11263,Sokodé,Mode,Application mobile,Mobile Money,26.0,H,365.0,1,2,16160,7.1,2768,32793,12,Mer,1.4,0,4,1,0
CMD200189,CLI10223,Dapaong,Beauté,Application mobile,Mobile Money,33.0,H,175.0,0,2,13338,0.0,4432,31108,10,Mar,1.3,0,4,1,0
CMD200190,CLI10314,Lomé,Électronique,Site web,Espèces à la livraison,25.0,H,86.0,0,2,17440,0.0,1399,36279,7,Mar,4.4,0,4,1,0
CMD200191,CLI10950,Lomé,Maison,Application mobile,Espèces à la livraison,29.0,H,586.0,1,2,6065,15.1,2053,12351,5,Sam,0.5,0,5,1,0
CMD200192,CLI10379,Lomé,Maison,Application mobile,Mobile Money,36.0,F,496.0,0,4,6937,5.2,2183,28488,6,Sam,1.0,0,4,1,0
CMD200193,CLI10195,Sokodé,Mode,Application mobile,Espèces à la livraison,36.0,F,612.0,0,2,6271,7.2,3346,14985,11,Jeu,3.7,0,4,1,0
CMD200194,CLI10800,Lomé,Téléphonie,Site web,Mobile Money,30.0,H,503.0,0,5,4500,0.0,1678,24178,7,Sam,1.7,0,3,0,0
CMD200195,CLI11067,Lomé,Électronique,Application mobile,Mobile Money,30.0,H,143.0,1,5,93751,14.6,1451,401768,7,Mar,,0,4,1,0
CMD200196,CLI10924,Kpalimé,Électronique,Application mobile,Mobile Money,18.0,H,158.0,1,3,38991,18.5,3006,98339,11,Mer,1.8,0,5,1,0
CMD200197,CLI11378,Lomé,Beauté,Application mobile,Mobile Money,50.0,F,719.0,0,1,7299,0.0,1671,8970,8,Mar,0.5,0,4,1,0
CMD200198,CLI10758,Lomé,Électronique,Site web,Espèces à la livraison,29.0,H,608.0,0,2,24072,7.4,1887,46468,1,Ven,4.6,0,5,1,0
CMD200199,CLI10537,Lomé,Maison,Application mobile,Mobile Money,27.0,H,614.0,1,2,12174,12.7,1171,22427,7,Mar,1.0,0,4,1,0
CMD200200,CLI10998,Lomé,Maison,Site web,Mobile Money,18.0,H,101.0,0,3,1990,0.0,2210,8180,9,Sam,0.5,0,3,0,0
CMD200201,CLI11103,Lomé,Mode,Réseaux sociaux,Espèces à la livraison,18.0,H,360.0,1,1,35202,14.6,1623,31686,6,Ven,5.1,1,4,1,0
CMD200202,CLI10734,Kara,Alimentaire,Site web,Mobile Money,35.0,F,913.0,0,3,16018,0.0,2723,50777,7,Mer,3.8,0,4,1,0
CMD200203,CLI10124,Lomé,Mode,Réseaux sociaux,Mobile Money,30.0,H,107.0,0,2,22466,7.9,2338,43720,9,Ven,2.4,0,5,1,0
CMD200204,CLI11737,Kpalimé,Mode,Site web,Espèces à la livraison,51.0,F,407.0,0,3,15639,8.7,1762,44597,2,Mer,3.7,0,3,0,0
CMD200205,CLI10261,Dapaong,Électronique,Application mobile,Mobile Money,32.0,H,950.0,0,2,50219,8.8,3950,95549,9,Ven,1.7,0,5,1,0
CMD200206,CLI10961,Sokodé,Alimentaire,Site web,Mobile Money,29.0,F,309.0,0,2,4340,0.0,2953,11633,2,Sam,1.3,0,4,1,0
CMD200207,CLI10930,Sokodé,Alimentaire,Application mobile,Mobile Money,29.0,F,586.0,0,3,1500,0.0,2730,7230,7,Mar,2.5,0,4,1,0
CMD200208,CLI10113,Atakpamé,Mode,Réseaux sociaux,Carte bancaire,39.0,H,41.0,1,2,21627,7.0,2853,43079,2,Sam,1.1,0,3,0,0
CMD200209,CLI10025,Lomé,Mode,Application mobile,Espèces à la livraison,39.0,F,646.0,0,2,1500,0.0,1515,4515,1,Dim,5.1,1,3,0,0
CMD200210,CLI10712,Kara,Téléphonie,Site web,Carte bancaire,40.0,F,1371.0,0,3,36918,0.0,2764,113518,10,Ven,4.8,0,5,1,0
CMD200211,CLI11074,Atakpamé,Téléphonie,Application mobile,Carte bancaire,23.0,F,938.0,0,4,43077,0.0,2552,174860,3,Sam,0.8,0,5,1,0
CMD200212,CLI11392,Lomé,Alimentaire,Application mobile,Mobile Money,40.0,H,334.0,1,7,6899,14.5,1435,42726,8,Jeu,,0,4,1,0
CMD200213,CLI10704,Kpalimé,Mode,Application mobile,Mobile Money,23.0,F,228.0,0,3,11909,0.0,2461,38188,7,Mar,,0,4,1,0
CMD200214,CLI11629,Lomé,Mode,Application mobile,Espèces à la livraison,38.0,F,349.0,0,2,10102,0.0,1693,21897,2,Dim,7.1,1,3,0,0
CMD200215,CLI11761,Lomé,Alimentaire,Application mobile,Carte bancaire,31.0,H,305.0,0,5,1500,0.0,1238,8738,2,Sam,3.8,0,4,1,0
CMD200216,CLI10340,Lomé,Alimentaire,Réseaux sociaux,Espèces à la livraison,35.0,F,848.0,0,2,6346,2.3,1506,13906,10,Jeu,2.1,0,5,1,0
CMD200217,CLI11033,Dapaong,Téléphonie,Application mobile,Mobile Money,19.0,F,22.0,0,3,73061,0.0,3982,223165,3,Mer,6.9,1,3,0,1
CMD200218,CLI10307,Kpalimé,Maison,Site web,Espèces à la livraison,19.0,F,248.0,0,3,21295,0.0,2803,66688,4,Mar,5.0,0,4,1,0
CMD200219,CLI10465,Kara,Maison,Site web,Mobile Money,26.0,F,1726.0,0,2,38568,0.0,3546,80682,7,Ven,4.1,0,4,1,0
CMD200220,CLI10892,Sokodé,Électronique,Application mobile,Espèces à la livraison,23.0,F,470.0,0,3,32598,0.0,2372,100166,4,Mer,0.8,0,4,1,0
CMD200221,CLI11484,Lomé,Alimentaire,Site web,Mobile Money,24.0,F,420.0,0,4,1500,0.0,1738,7738,2,Dim,3.7,0,5,1,0
CMD200222,CLI10212,Lomé,Beauté,Application mobile,Espèces à la livraison,32.0,F,26.0,0,2,13805,0.0,1433,29043,5,Lun,1.0,0,4,1,0
CMD200223,CLI10143,Lomé,Alimentaire,Site web,Mobile Money,40.0,H,324.0,0,6,4317,0.0,1716,27618,7,Mar,5.5,1,4,1,0
CMD200224,CLI10775,Lomé,Maison,Site web,Mobile Money,27.0,F,192.0,0,5,59549,0.0,2062,299807,3,Mer,4.0,0,5,1,0
CMD200225,CLI10972,Kara,Mode,Application mobile,Carte bancaire,51.0,H,644.0,1,3,18788,17.2,3591,50260,5,Jeu,6.7,1,4,1,0
CMD200226,CLI10298,Lomé,Téléphonie,Réseaux sociaux,Espèces à la livraison,47.0,F,583.0,0,2,19672,5.3,1886,39145,3,Dim,4.3,0,4,1,0
CMD200227,CLI11093,Atakpamé,Alimentaire,Application mobile,Carte bancaire,42.0,H,904.0,0,3,2355,0.0,2039,9104,9,Lun,4.7,0,4,1,0
CMD200228,CLI10108,Lomé,Mode,Application mobile,Mobile Money,34.0,H,242.0,0,2,22420,0.0,1892,46732,2,Sam,0.5,0,4,1,0
CMD200229,CLI10631,Lomé,Beauté,Application mobile,Mobile Money,,F,3.0,0,3,1500,4.1,1969,6284,10,Mar,1.8,0,4,1,0
CMD200230,CLI11584,Kara,Mode,Site web,Espèces à la livraison,43.0,F,112.0,1,2,8884,10.8,2795,18644,4,Sam,3.8,0,3,0,0
CMD200231,CLI10102,Lomé,Maison,Application mobile,Mobile Money,33.0,F,342.0,0,3,37268,5.5,1928,107583,4,Ven,2.6,0,5,1,0
CMD200232,CLI11695,Lomé,Alimentaire,Site web,Espèces à la livraison,21.0,H,143.0,0,2,5227,0.0,1638,12092,8,Dim,3.0,0,4,1,0
CMD200233,CLI11484,Dapaong,Mode,Site web,Mobile Money,42.0,F,143.0,0,3,16234,,3430,52132,1,Jeu,3.4,0,4,1,0
CMD200234,CLI10696,Lomé,Maison,Application mobile,Carte bancaire,38.0,F,252.0,0,2,26389,0.0,1235,54013,3,Mer,2.9,0,4,1,0
CMD200235,CLI10063,Lomé,Mode,Application mobile,Espèces à la livraison,24.0,H,524.0,1,3,19243,18.3,1841,49006,2,Ven,1.7,0,4,1,0
CMD200236,CLI10990,Sokodé,Électronique,Site web,Mobile Money,28.0,H,442.0,0,1,65106,0.0,2528,67634,8,Dim,3.4,0,5,1,0
CMD200237,CLI10482,Kara,Alimentaire,Réseaux sociaux,Mobile Money,32.0,F,31.0,1,4,7829,7.5,2315,31282,1,Dim,6.3,1,5,1,0
CMD200238,CLI11230,Sokodé,Mode,Site web,Mobile Money,31.0,H,38.0,0,1,1500,0.0,2794,4294,11,Sam,5.6,1,3,0,1
CMD200239,CLI10359,Lomé,Mode,Application mobile,Mobile Money,30.0,H,464.0,0,2,23856,0.0,1175,48887,2,Mar,1.3,0,5,1,0
CMD200240,CLI10976,Lomé,Téléphonie,Site web,Mobile Money,24.0,H,38.0,0,5,50230,0.0,1084,252234,3,Mar,0.9,0,5,1,0
CMD200241,CLI11387,Lomé,Maison,Application mobile,Mobile Money,37.0,H,241.0,0,2,30534,0.0,1826,62894,12,Sam,3.8,0,4,1,0
CMD200242,CLI11312,Lomé,Téléphonie,Site web,Mobile Money,48.0,F,56.0,0,3,12656,0.0,1445,39413,5,Lun,1.8,0,3,0,0
CMD200243,CLI11749,Dapaong,Alimentaire,Application mobile,Carte bancaire,18.0,F,1197.0,1,1,6289,11.7,3997,9550,5,Sam,3.0,0,5,1,1
CMD200244,CLI10791,Lomé,Beauté,Application mobile,Mobile Money,61.0,H,238.0,0,3,5515,0.0,1306,17851,2,Dim,2.2,0,4,1,0
CMD200245,CLI11730,Lomé,Téléphonie,Réseaux sociaux,Mobile Money,36.0,H,222.0,0,4,101980,0.0,1240,409160,1,Sam,2.5,0,4,1,0
CMD200246,CLI11186,Lomé,Électronique,Application mobile,Mobile Money,25.0,H,967.0,1,2,61660,11.2,1737,111245,6,Ven,0.5,0,4,1,0
CMD200247,CLI11475,Lomé,Beauté,Application mobile,Mobile Money,35.0,F,252.0,1,3,15499,15.8,1191,40341,12,Jeu,4.2,0,4,1,0
CMD200248,CLI11624,Lomé,Alimentaire,Réseaux sociaux,Espèces à la livraison,18.0,F,207.0,1,2,10224,16.6,1570,18624,5,Sam,2.0,0,5,1,0
CMD200249,CLI11354,Atakpamé,Maison,Application mobile,Mobile Money,27.0,H,822.0,0,2,23032,0.0,2634,48698,8,Mar,2.8,0,4,1,0
CMD200250,CLI10322,Lomé,Téléphonie,Application mobile,Mobile Money,34.0,F,182.0,0,3,86457,4.8,1468,248389,3,Ven,4.6,0,4,1,0
CMD200251,CLI11017,Atakpamé,Alimentaire,Application mobile,Mobile Money,18.0,H,218.0,1,3,7855,19.3,2758,21775,7,Jeu,3.2,0,4,1,0
CMD200252,CLI10667,Lomé,Alimentaire,Site web,Mobile Money,35.0,H,666.0,0,2,3853,0.0,1660,9366,3,Mer,3.4,0,4,1,0
CMD200253,CLI11204,Lomé,Mode,Application mobile,Mobile Money,20.0,F,333.0,0,1,23649,6.8,1923,23964,3,Jeu,3.5,0,4,1,0
CMD200254,CLI11333,Kara,Maison,Site web,Espèces à la livraison,41.0,H,578.0,0,2,35078,0.0,3288,73444,2,Mar,5.0,0,5,1,0
CMD200255,CLI10928,Lomé,Téléphonie,Réseaux sociaux,Espèces à la livraison,18.0,F,19.0,0,1,35261,0.0,1724,36985,4,Sam,0.5,0,5,1,0
CMD200256,CLI11072,Kara,Mode,Site web,Espèces à la livraison,45.0,F,805.0,1,1,10671,10.7,2716,12245,2,Lun,5.5,1,4,1,0
CMD200257,CLI10232,Lomé,Alimentaire,Site web,Mobile Money,48.0,H,215.0,0,5,11628,0.0,1842,59982,7,Mar,1.3,0,4,1,0
CMD200258,CLI11410,Lomé,Maison,Application mobile,Mobile Money,34.0,F,56.0,0,4,13792,0.0,1436,56604,9,Sam,1.1,0,5,1,0
CMD200259,CLI11673,Sokodé,Mode,Application mobile,Espèces à la livraison,27.0,H,385.0,0,2,7881,0.0,2563,18325,1,Jeu,5.0,0,3,0,0
CMD200260,CLI10681,Lomé,Maison,Réseaux sociaux,Mobile Money,40.0,H,85.0,0,2,22425,3.7,1407,44598,9,Dim,5.9,1,3,0,0
CMD200261,CLI10780,Lomé,Alimentaire,Application mobile,Espèces à la livraison,27.0,F,241.0,0,2,3761,0.0,1937,9459,4,Mer,1.4,0,4,1,0
CMD200262,CLI10384,Atakpamé,Téléphonie,Site web,Espèces à la livraison,18.0,F,1050.0,0,6,93980,0.0,2733,566613,6,Dim,4.4,0,4,1,0
CMD200263,CLI11502,Sokodé,Alimentaire,Site web,Mobile Money,51.0,H,478.0,0,3,1500,0.0,2557,7057,9,Lun,3.0,0,4,1,0
CMD200264,CLI10190,Lomé,Maison,Application mobile,Espèces à la livraison,24.0,F,139.0,1,1,25562,15.0,1502,23230,7,Dim,0.5,0,5,1,0
CMD200265,CLI11131,Dapaong,Mode,Application mobile,Mobile Money,34.0,F,481.0,0,1,1500,0.0,4023,5523,6,Jeu,0.8,0,5,1,0
CMD200266,CLI11294,Sokodé,Mode,Réseaux sociaux,Mobile Money,18.0,H,19.0,0,4,12852,0.0,2600,54008,3,Mar,4.3,0,5,1,0
CMD200267,CLI10313,Lomé,Téléphonie,Application mobile,Espèces à la livraison,32.0,H,103.0,0,3,105016,7.1,2109,294789,4,Ven,3.3,0,3,0,0
CMD200268,CLI10458,Kpalimé,Mode,Site web,Mobile Money,43.0,F,24.0,0,6,24820,6.0,2176,142161,5,Ven,1.6,0,4,1,0
CMD200269,CLI11410,Kara,Mode,Site web,Espèces à la livraison,37.0,F,178.0,0,4,10832,0.0,3170,46498,7,Mar,3.7,0,4,1,0
CMD200270,CLI11796,Sokodé,Mode,Application mobile,Espèces à la livraison,27.0,F,8.0,1,2,23306,9.6,2103,44240,11,Mar,3.2,0,4,1,0
CMD200271,CLI11139,Lomé,Téléphonie,Site web,Mobile Money,18.0,F,451.0,0,2,101609,8.1,1475,188232,10,Jeu,2.7,0,4,1,1
CMD200272,CLI10732,Lomé,Maison,Site web,Mobile Money,34.0,F,113.0,0,8,21635,0.0,1407,174487,10,Mar,3.5,0,5,1,0
CMD200273,CLI10960,Lomé,Électronique,Site web,Mobile Money,38.0,H,230.0,0,4,28383,0.0,1308,114840,6,Dim,4.1,0,4,1,0
CMD200274,CLI11511,Atakpamé,Beauté,Application mobile,Mobile Money,30.0,H,277.0,0,2,2420,0.0,2754,7594,1,Dim,3.9,0,5,1,0
CMD200275,CLI11048,Lomé,Mode,Réseaux sociaux,Carte bancaire,26.0,F,381.0,0,4,10346,0.0,988,42372,9,Sam,3.3,0,4,1,0
CMD200276,CLI10386,Sokodé,Beauté,Site web,Mobile Money,18.0,H,638.0,0,2,3387,4.0,2756,9259,10,Ven,3.8,0,3,0,0
CMD200277,CLI11259,Lomé,Maison,Site web,Mobile Money,25.0,F,565.0,0,3,21099,0.0,1875,65172,7,Mar,1.2,0,5,1,0
CMD200278,CLI10819,Sokodé,Mode,Application mobile,Espèces à la livraison,31.0,F,108.0,0,2,19512,2.6,3703,41712,12,Dim,2.1,0,4,1,0
CMD200279,CLI10200,Lomé,Maison,Application mobile,Mobile Money,31.0,F,14.0,1,4,34085,9.7,2340,125455,5,Ven,3.2,0,4,1,0
CMD200280,CLI10058,Lomé,Électronique,Réseaux sociaux,Mobile Money,23.0,F,144.0,1,3,61781,7.8,1562,172448,4,Mer,,0,3,0,0
CMD200281,CLI10583,Lomé,Maison,Application mobile,Mobile Money,46.0,H,201.0,1,2,23136,19.0,1510,38990,2,Mar,6.0,1,5,1,0
CMD200282,CLI10923,Lomé,Téléphonie,Application mobile,Mobile Money,27.0,H,459.0,0,3,70414,0.0,1506,212748,7,Dim,5.8,1,3,0,0
CMD200283,CLI11211,Kpalimé,Mode,Application mobile,Mobile Money,26.0,H,587.0,0,3,14743,3.1,2642,45500,1,Mer,2.1,0,4,1,1
CMD200284,CLI11753,Lomé,Mode,Site web,Espèces à la livraison,27.0,F,58.0,1,2,19599,9.4,2134,37647,3,Ven,1.8,0,5,1,0
CMD200285,CLI10109,Lomé,Électronique,Site web,Espèces à la livraison,35.0,F,30.0,0,3,51009,0.0,2158,155185,1,Mar,2.8,0,4,1,0
CMD200286,CLI10623,Lomé,Mode,Site web,Mobile Money,23.0,H,,0,3,38560,0.0,1829,117509,11,Dim,4.6,0,3,0,0
CMD200287,CLI10118,Lomé,Mode,Application mobile,Mobile Money,26.0,F,2200.0,0,6,9185,0.0,1512,56622,3,Sam,0.7,0,4,1,0
CMD200288,CLI11028,Lomé,Beauté,Application mobile,Mobile Money,28.0,F,415.0,0,2,7321,0.0,871,15513,11,Jeu,1.9,0,4,1,0
CMD200289,CLI10187,Kpalimé,Mode,Application mobile,Espèces à la livraison,24.0,F,163.0,0,3,1500,0.0,3426,7926,3,Jeu,3.6,0,4,1,0
CMD200290,CLI10170,Dapaong,Électronique,Site web,Espèces à la livraison,48.0,F,1369.0,0,5,42346,0.0,3588,215318,7,Sam,4.6,0,4,1,0
CMD200291,CLI10133,Sokodé,Mode,Site web,Mobile Money,34.0,F,139.0,0,4,36815,0.0,3016,150276,6,Lun,4.7,0,4,1,0
CMD200292,CLI10959,Kara,Alimentaire,Site web,Mobile Money,23.0,H,159.0,0,2,8459,3.7,3105,19397,3,Sam,7.3,1,2,0,0
CMD200293,CLI10340,Lomé,Alimentaire,Application mobile,Espèces à la livraison,45.0,H,1381.0,0,2,4067,3.9,1367,9184,3,Ven,1.8,0,3,0,0
CMD200294,CLI11582,Lomé,Maison,Application mobile,Mobile Money,18.0,F,825.0,0,2,18373,2.8,1569,37286,4,Sam,,0,4,1,0
CMD200295,CLI10104,Lomé,Électronique,Site web,Mobile Money,36.0,H,562.0,0,6,73810,8.0,1960,409391,6,Sam,0.8,0,3,0,0
CMD200296,CLI10780,Sokodé,Maison,Site web,Carte bancaire,23.0,H,467.0,0,2,17230,0.0,2808,37268,12,Sam,5.7,1,3,0,0
CMD200297,CLI10113,Kara,Maison,Réseaux sociaux,Carte bancaire,42.0,F,55.0,0,2,20691,0.0,2960,44342,8,Sam,3.1,0,4,1,0
CMD200298,CLI10432,Lomé,Mode,Site web,Mobile Money,42.0,F,374.0,0,4,1500,0.0,879,6879,5,Sam,1.6,0,3,0,0
CMD200299,CLI11106,Lomé,Téléphonie,Site web,Mobile Money,32.0,F,199.0,0,5,71599,0.0,1299,359294,9,Mer,3.1,0,4,1,0
CMD200300,CLI10888,Lomé,Électronique,Site web,Mobile Money,31.0,H,1168.0,0,3,60256,0.0,2050,182818,11,Jeu,5.0,0,3,0,0
CMD200301,CLI11608,Kara,Téléphonie,Application mobile,Espèces à la livraison,39.0,F,124.0,0,4,50939,3.6,2786,199207,5,Lun,3.3,0,4,1,0
CMD200302,CLI11354,Lomé,Mode,Application mobile,Mobile Money,33.0,F,58.0,0,3,3555,0.0,781,11446,3,Dim,2.5,0,4,1,0
CMD200303,CLI10235,Lomé,Alimentaire,Site web,Mobile Money,24.0,H,519.0,0,3,6765,0.0,2016,22311,8,Ven,3.7,0,5,1,0
CMD200304,CLI11599,Lomé,Mode,Site web,Mobile Money,28.0,H,132.0,0,1,26502,0.0,1596,28098,8,Ven,2.6,0,5,1,0
CMD200305,CLI10490,Lomé,Maison,Application mobile,Mobile Money,39.0,H,72.0,0,3,21809,0.0,1458,66885,7,Ven,3.7,0,4,1,0
CMD200306,CLI11675,Lomé,Téléphonie,Site web,Mobile Money,18.0,H,282.0,0,2,93612,0.0,1730,188954,1,Sam,3.6,0,4,1,0
CMD200307,CLI11385,Kpalimé,Mode,Application mobile,Mobile Money,23.0,H,188.0,0,3,28555,0.0,1890,87555,4,Sam,3.0,0,4,1,0
CMD200308,CLI11796,Lomé,Alimentaire,Application mobile,Carte bancaire,25.0,H,447.0,1,2,12162,5.0,1859,24967,2,Mar,,0,5,1,0
CMD200309,CLI11306,Kara,Alimentaire,Site web,Carte bancaire,34.0,H,91.0,0,5,10336,0.0,3396,55076,9,Jeu,4.2,0,4,1,0
CMD200310,CLI10522,Lomé,Mode,Application mobile,Espèces à la livraison,27.0,F,292.0,1,3,18895,14.5,1401,49867,8,Mer,2.3,0,5,1,0
CMD200311,CLI10856,Kpalimé,Électronique,Application mobile,Espèces à la livraison,38.0,F,51.0,0,4,37400,0.0,1693,151293,9,Ven,4.6,0,4,1,0
CMD200312,CLI11759,Kpalimé,Mode,Réseaux sociaux,Espèces à la livraison,41.0,F,51.0,0,1,4750,0.0,2395,7145,3,Dim,4.4,0,3,0,0
CMD200313,CLI10632,Lomé,Téléphonie,Application mobile,Mobile Money,26.0,F,221.0,0,3,45402,5.8,1393,129699,7,Sam,0.5,0,4,1,0
CMD200314,CLI11613,Atakpamé,Alimentaire,Application mobile,Mobile Money,32.0,H,135.0,0,1,12202,7.1,2383,13719,1,Dim,2.3,0,5,1,0
CMD200315,CLI10729,Lomé,Électronique,Application mobile,Espèces à la livraison,30.0,F,323.0,0,1,40491,5.4,1420,39724,10,Dim,2.3,0,4,1,0
CMD200316,CLI10154,Lomé,Électronique,Application mobile,Mobile Money,35.0,F,33.0,0,3,94865,0.0,1293,285888,3,Lun,1.7,0,4,1,0
CMD200317,CLI10910,Lomé,Électronique,Application mobile,Carte bancaire,35.0,F,78.0,1,5,46533,10.3,1806,210507,3,Jeu,3.1,0,5,1,0
CMD200318,CLI10557,Kpalimé,Électronique,Réseaux sociaux,Espèces à la livraison,33.0,F,409.0,0,3,37871,0.0,2605,116218,1,Mar,1.9,0,5,1,0
CMD200319,CLI11227,Kara,Mode,Site web,Mobile Money,26.0,F,1488.0,1,5,20123,12.8,3056,90792,7,Lun,4.1,0,5,1,0
CMD200320,CLI11216,Kpalimé,Électronique,Application mobile,Mobile Money,25.0,F,291.0,0,1,46770,0.0,2721,49491,5,Sam,3.3,0,4,1,0
CMD200321,CLI11441,Sokodé,Mode,Site web,Mobile Money,39.0,H,194.0,1,3,12570,17.7,2489,33524,4,Dim,2.4,0,5,1,0
CMD200322,CLI10220,Sokodé,Mode,Réseaux sociaux,Mobile Money,53.0,H,125.0,1,2,28031,6.5,3060,55478,2,Jeu,1.2,0,5,1,0
CMD200323,CLI11606,Kara,Beauté,Site web,Mobile Money,39.0,H,161.0,0,2,13804,0.0,2603,30211,10,Mer,5.5,1,3,0,0
CMD200324,CLI10210,Kara,Électronique,Application mobile,Mobile Money,34.0,F,367.0,0,1,4542,0.0,3647,8189,9,Sam,3.1,0,2,0,0
CMD200325,CLI10579,Lomé,Téléphonie,Réseaux sociaux,Mobile Money,43.0,F,854.0,1,5,60011,11.8,1191,265840,2,Mar,1.3,0,5,1,0
CMD200326,CLI11194,Atakpamé,Mode,Application mobile,Carte bancaire,18.0,F,16.0,0,1,3923,0.0,2543,6466,2,Lun,3.7,0,4,1,0
CMD200327,CLI11691,Lomé,Mode,Application mobile,Mobile Money,45.0,F,634.0,1,2,20968,19.5,1498,35256,4,Mer,,0,5,1,0
CMD200328,CLI10301,Atakpamé,Beauté,Réseaux sociaux,Mobile Money,41.0,H,395.0,0,2,6887,5.1,3513,16585,11,Jeu,4.1,0,4,1,0
CMD200329,CLI10351,Lomé,Électronique,Réseaux sociaux,Mobile Money,,F,70.0,0,6,34761,8.3,1610,192865,9,Sam,3.6,0,5,1,0
CMD200330,CLI10444,Lomé,Mode,Réseaux sociaux,Espèces à la livraison,21.0,H,129.0,0,3,6445,3.7,1729,20349,2,Jeu,2.4,0,4,1,0
CMD200331,CLI11008,Lomé,Téléphonie,Site web,Mobile Money,33.0,F,950.0,0,4,110044,0.0,1328,441504,1,Mar,1.9,0,4,1,0
CMD200332,CLI11627,Lomé,Électronique,Application mobile,Mobile Money,41.0,F,1394.0,0,5,73730,0.0,1426,370076,10,Jeu,2.5,0,4,1,0
CMD200333,CLI10073,Dapaong,Mode,Site web,Espèces à la livraison,27.0,F,398.0,0,1,30949,0.0,3988,34937,2,Dim,4.4,0,4,1,0
CMD200334,CLI10237,Lomé,Téléphonie,Réseaux sociaux,Mobile Money,36.0,F,380.0,0,3,1500,0.0,2433,6933,9,Mer,1.6,0,5,1,0
CMD200335,CLI10208,Lomé,Beauté,Application mobile,Espèces à la livraison,35.0,F,34.0,1,3,11769,11.4,1548,32830,6,Dim,4.6,0,4,1,0
CMD200336,CLI11118,Sokodé,Mode,Réseaux sociaux,Mobile Money,37.0,H,258.0,0,2,9272,0.0,3196,21740,4,Sam,5.8,1,4,1,0
CMD200337,CLI11086,Lomé,Téléphonie,Application mobile,Espèces à la livraison,35.0,H,1105.0,0,2,8804,0.0,2149,19757,3,Lun,4.4,0,5,1,0
CMD200338,CLI11584,Lomé,Alimentaire,Site web,Mobile Money,33.0,F,1061.0,0,5,4413,0.0,1548,23613,6,Sam,0.5,0,5,1,0
CMD200339,CLI11755,Lomé,Maison,Site web,Mobile Money,41.0,F,68.0,0,3,2266,0.0,1198,7996,10,Lun,1.1,0,4,1,0
CMD200340,CLI10822,Lomé,Téléphonie,Site web,Espèces à la livraison,25.0,F,683.0,0,3,72752,0.0,2125,220381,11,Dim,1.6,0,4,1,0
CMD200341,CLI10082,Lomé,Alimentaire,Site web,Mobile Money,39.0,F,199.0,1,5,12179,8.5,799,56518,11,Lun,6.4,1,4,1,0
CMD200342,CLI11786,Lomé,Mode,Réseaux sociaux,Mobile Money,36.0,H,18.0,0,3,10367,0.0,1432,32533,7,Mer,0.5,0,4,1,0
CMD200343,CLI11023,Atakpamé,Mode,Application mobile,Espèces à la livraison,24.0,H,82.0,1,4,27960,,2792,103784,11,Lun,1.9,0,4,1,0
CMD200344,CLI10003,Sokodé,Téléphonie,Application mobile,Espèces à la livraison,29.0,H,41.0,1,1,47460,5.5,2419,47269,7,Jeu,3.3,0,3,0,0
CMD200345,CLI10394,Lomé,Beauté,Réseaux sociaux,Mobile Money,42.0,F,261.0,1,2,9253,9.8,1555,18247,9,Jeu,2.8,0,5,1,0
CMD200346,CLI10527,Lomé,Beauté,Réseaux sociaux,Espèces à la livraison,19.0,H,818.0,1,2,1500,11.3,1749,4410,2,Lun,3.8,0,4,1,1
CMD200347,CLI10562,Dapaong,Maison,Site web,Mobile Money,21.0,F,110.0,0,2,38942,0.0,3429,81313,4,Jeu,2.4,0,4,1,0
CMD200348,CLI11737,Kara,Alimentaire,Site web,Mobile Money,34.0,F,243.0,0,1,9750,0.0,2827,12577,9,Sam,5.9,1,4,1,0
CMD200349,CLI10760,Sokodé,Alimentaire,Application mobile,Mobile Money,27.0,F,1320.0,0,4,9111,0.0,3131,39575,7,Mar,4.2,0,4,1,0
CMD200350,CLI10152,Kara,Alimentaire,Application mobile,Mobile Money,32.0,F,90.0,1,2,11376,14.7,2979,22386,11,Mer,7.4,1,3,0,0
CMD200351,CLI11440,Kpalimé,Mode,Application mobile,Carte bancaire,23.0,F,644.0,0,4,7982,0.0,2756,34684,5,Lun,5.3,1,3,0,0
CMD200352,CLI10681,Kara,Téléphonie,Application mobile,Mobile Money,22.0,H,290.0,1,2,63277,11.4,2583,114710,8,Ven,4.4,0,5,1,0
CMD200353,CLI10632,Dapaong,Beauté,Site web,Mobile Money,35.0,F,1086.0,0,1,8458,0.0,3597,12055,7,Lun,,0,4,1,0
CMD200354,CLI10760,Sokodé,Électronique,Application mobile,Mobile Money,35.0,H,45.0,1,2,2382,6.1,2848,7321,2,Jeu,5.5,1,5,1,1
CMD200355,CLI11688,Kpalimé,Mode,Application mobile,Carte bancaire,20.0,F,158.0,1,3,9139,16.4,2991,25912,9,Mar,2.4,0,3,0,0
CMD200356,CLI10836,Lomé,Maison,Site web,Carte bancaire,39.0,F,22.0,0,3,31062,2.9,1802,92286,7,Mar,0.8,0,3,0,0
CMD200357,CLI10912,Lomé,Téléphonie,Application mobile,Mobile Money,31.0,H,64.0,0,3,10011,0.0,1432,31465,7,Sam,2.7,0,4,1,0
CMD200358,CLI10310,Kpalimé,Beauté,Réseaux sociaux,Carte bancaire,38.0,H,923.0,0,2,17163,3.2,1810,35038,4,Lun,0.7,0,3,0,0
CMD200359,CLI11658,Lomé,Beauté,Réseaux sociaux,Mobile Money,32.0,F,692.0,0,3,6507,0.0,1402,20923,11,Lun,2.8,0,5,1,0
CMD200360,CLI10471,Lomé,Alimentaire,Application mobile,Mobile Money,36.0,H,205.0,0,3,8998,0.0,2087,29081,7,Ven,,0,5,1,0
CMD200361,CLI11484,Lomé,Maison,Site web,Mobile Money,39.0,F,,1,2,28758,8.8,1166,53621,4,Lun,,0,4,1,0
CMD200362,CLI10876,Lomé,Alimentaire,Réseaux sociaux,Mobile Money,31.0,F,392.0,0,1,4852,2.8,1858,6574,1,Ven,0.5,0,4,1,0
CMD200363,CLI11696,Lomé,Alimentaire,Application mobile,Mobile Money,23.0,H,9.0,0,2,12558,9.2,2115,24920,1,Mar,2.8,0,4,1,0
CMD200364,CLI11327,Dapaong,Électronique,Site web,Mobile Money,18.0,H,74.0,0,4,80462,0.0,4236,326084,3,Mer,2.6,0,5,1,0
CMD200365,CLI10172,Sokodé,Téléphonie,Site web,Mobile Money,40.0,F,133.0,1,2,82823,12.0,2708,148476,4,Ven,1.3,0,4,1,0
CMD200366,CLI11249,Dapaong,Électronique,Application mobile,Espèces à la livraison,18.0,H,61.0,1,2,41912,7.7,3675,81045,9,Sam,2.0,0,3,0,0
CMD200367,CLI11478,Lomé,Mode,Réseaux sociaux,Mobile Money,52.0,F,288.0,0,3,2464,7.1,2141,9008,1,Ven,,0,5,1,0
CMD200368,CLI10038,Lomé,Électronique,Application mobile,Espèces à la livraison,44.0,H,79.0,0,3,15975,0.0,1186,49111,8,Dim,3.6,0,4,1,0
CMD200369,CLI11209,Kpalimé,Mode,Site web,Mobile Money,48.0,F,1064.0,0,4,1500,,2073,8073,12,Mar,5.9,1,4,1,1
CMD200370,CLI10429,Lomé,Beauté,Site web,Espèces à la livraison,38.0,F,138.0,0,4,1500,0.0,1648,7648,2,Lun,4.1,0,5,1,0
CMD200371,CLI10788,Kpalimé,Mode,Application mobile,Mobile Money,34.0,F,87.0,0,1,22243,0.0,2539,24782,7,Sam,3.5,0,4,1,1
CMD200372,CLI11153,Sokodé,Électronique,Application mobile,Mobile Money,45.0,H,235.0,1,2,55693,10.4,2980,102782,1,Sam,3.7,0,4,1,0
CMD200373,CLI10869,Lomé,Électronique,Application mobile,Mobile Money,33.0,F,549.0,1,4,42086,,1508,148809,1,Jeu,0.5,0,5,1,0
CMD200374,CLI10559,Lomé,Beauté,Application mobile,Espèces à la livraison,40.0,F,88.0,0,2,11210,0.0,2572,24992,11,Dim,4.4,0,4,1,0
CMD200375,CLI10056,Lomé,Maison,Application mobile,Espèces à la livraison,39.0,F,882.0,0,3,37127,8.8,1973,103552,11,Ven,4.6,0,3,0,0
CMD200376,CLI10907,Kara,Électronique,Application mobile,Mobile Money,42.0,H,106.0,0,5,79629,7.0,3723,373998,9,Lun,4.0,0,5,1,0
CMD200377,CLI10224,Atakpamé,Téléphonie,Site web,Mobile Money,18.0,F,325.0,1,1,82047,14.5,2591,72741,11,Dim,2.7,0,5,1,0
CMD200378,CLI10340,Lomé,Alimentaire,Site web,Mobile Money,,H,517.0,0,2,7259,4.4,1124,15003,4,Sam,,0,5,1,0
CMD200379,CLI10171,Lomé,Mode,Site web,Espèces à la livraison,,F,492.0,1,2,21730,9.3,2109,41527,12,Sam,4.1,0,4,1,0
CMD200380,CLI10139,Atakpamé,Électronique,Application mobile,Espèces à la livraison,31.0,H,252.0,0,5,95816,0.0,1503,480583,3,Ven,1.5,0,4,1,0
CMD200381,CLI11059,Dapaong,Mode,Site web,Espèces à la livraison,20.0,H,115.0,1,3,26758,9.8,3858,76265,7,Mer,3.0,0,5,1,0
CMD200382,CLI11773,Atakpamé,Téléphonie,Application mobile,Mobile Money,33.0,H,347.0,0,1,82376,0.0,2401,84777,8,Mer,,0,5,1,0
CMD200383,CLI10435,Atakpamé,Mode,Application mobile,Mobile Money,31.0,H,108.0,1,2,20575,12.5,2672,38678,4,Dim,2.2,0,5,1,0
CMD200384,CLI11004,Lomé,Beauté,Application mobile,Espèces à la livraison,40.0,H,551.0,1,1,11084,,1770,11014,11,Dim,5.1,1,5,1,0
CMD200385,CLI10812,Lomé,Maison,Application mobile,Mobile Money,30.0,F,281.0,0,4,24926,,1822,96541,5,Dim,2.9,0,3,0,0
CMD200386,CLI10760,Sokodé,Électronique,Réseaux sociaux,Mobile Money,23.0,H,877.0,0,4,54042,0.0,2509,218677,5,Dim,4.1,0,4,1,0
CMD200387,CLI11362,Lomé,Maison,Application mobile,Espèces à la livraison,23.0,H,34.0,0,4,20952,4.9,1787,81488,2,Ven,0.7,0,5,1,0
CMD200388,CLI10961,Lomé,Beauté,Application mobile,Espèces à la livraison,36.0,H,272.0,1,4,9287,12.2,1453,34069,10,Lun,1.8,0,5,1,0
CMD200389,CLI10905,Kpalimé,Mode,Application mobile,Mobile Money,27.0,H,401.0,0,3,6414,9.2,2106,19578,11,Lun,2.0,0,5,1,0
CMD200390,CLI11216,Lomé,Téléphonie,Site web,Espèces à la livraison,37.0,H,,0,2,12641,0.0,1396,26678,9,Dim,1.8,0,3,0,0
CMD200391,CLI11341,Lomé,Maison,Réseaux sociaux,Espèces à la livraison,18.0,H,45.0,1,3,17803,19.8,1337,44171,10,Lun,3.1,0,5,1,0
CMD200392,CLI11167,Atakpamé,Mode,Réseaux sociaux,Mobile Money,27.0,H,170.0,0,1,30511,7.3,2988,31272,4,Sam,2.6,0,4,1,0
CMD200393,CLI10632,Kpalimé,Électronique,Site web,Mobile Money,40.0,H,551.0,0,3,7289,2.6,2965,24263,9,Ven,2.1,0,5,1,0
CMD200394,CLI10246,Kpalimé,Alimentaire,Site web,Espèces à la livraison,42.0,H,249.0,0,4,5672,7.3,2422,23454,3,Mer,2.6,0,4,1,0
CMD200395,CLI10638,Lomé,Mode,Application mobile,Mobile Money,36.0,H,484.0,0,1,9956,0.0,2362,12318,2,Ven,0.8,0,4,1,0
CMD200396,CLI11075,Lomé,Mode,Application mobile,Mobile Money,45.0,H,203.0,0,3,18525,0.0,1604,57179,6,Lun,2.1,0,4,1,0
CMD200397,CLI10495,Lomé,Mode,Site web,Mobile Money,26.0,F,38.0,0,3,29428,0.0,1400,89684,4,Lun,4.0,0,4,1,0
CMD200398,CLI10257,Kara,Alimentaire,Application mobile,Mobile Money,29.0,F,1006.0,0,1,8372,,3121,11493,2,Lun,6.9,1,4,1,0
CMD200399,CLI10973,Sokodé,Beauté,Application mobile,Mobile Money,47.0,H,92.0,0,3,14851,3.5,2233,45227,9,Dim,4.0,0,3,0,0
CMD200400,CLI11230,Lomé,Mode,Site web,Mobile Money,24.0,H,45.0,0,3,11834,0.0,1857,37359,6,Dim,6.2,1,4,1,0
CMD200401,CLI11661,Kpalimé,Beauté,Application mobile,Espèces à la livraison,18.0,H,179.0,0,2,10943,0.0,1679,23565,1,Sam,2.7,0,3,0,0
CMD200402,CLI10013,Kara,Maison,Application mobile,Mobile Money,34.0,F,488.0,1,1,16532,15.9,3651,17554,9,Lun,0.5,0,4,1,0
CMD200403,CLI10225,Atakpamé,Électronique,Application mobile,Mobile Money,33.0,F,284.0,0,2,65638,0.0,3438,134714,10,Jeu,5.2,1,4,1,0
CMD200404,CLI10945,Sokodé,Alimentaire,Réseaux sociaux,Mobile Money,26.0,F,420.0,0,4,9516,0.0,3215,41279,4,Jeu,2.3,0,3,0,0
CMD200405,CLI11760,Sokodé,Beauté,Site web,Espèces à la livraison,53.0,F,101.0,0,2,12286,0.0,2664,27236,7,Mar,4.7,0,3,0,0
CMD200406,CLI10100,Lomé,Alimentaire,Application mobile,Mobile Money,39.0,F,608.0,0,3,8342,0.0,2340,27366,7,Lun,2.3,0,4,1,0
CMD200407,CLI10572,Sokodé,Mode,Application mobile,Espèces à la livraison,25.0,F,106.0,0,2,29642,6.0,2847,58574,8,Mer,2.3,0,4,1,0
CMD200408,CLI10647,Lomé,Électronique,Site web,Espèces à la livraison,35.0,F,147.0,0,1,1500,0.0,2141,3641,12,Mar,4.1,0,4,1,0
CMD200409,CLI11032,Lomé,Téléphonie,Réseaux sociaux,Mobile Money,40.0,H,,0,1,51733,0.0,1490,53223,12,Mer,0.5,0,4,1,0
CMD200410,CLI11750,Lomé,Alimentaire,Réseaux sociaux,Espèces à la livraison,35.0,F,224.0,0,1,4475,0.0,1121,5596,12,Mar,3.7,0,3,0,1
CMD200411,CLI11020,Sokodé,Alimentaire,Réseaux sociaux,Mobile Money,18.0,H,124.0,0,4,10621,0.0,3146,45630,9,Ven,1.3,0,5,1,0
CMD200412,CLI10846,Lomé,Beauté,Réseaux sociaux,Espèces à la livraison,31.0,F,487.0,1,2,4101,15.6,1971,8893,10,Lun,3.7,0,3,0,0
CMD200413,CLI10426,Kpalimé,Maison,Réseaux sociaux,Espèces à la livraison,22.0,F,355.0,0,4,41456,6.2,1701,157244,3,Mar,1.8,0,4,1,0
CMD200414,CLI11111,Lomé,Alimentaire,Application mobile,Mobile Money,24.0,F,1689.0,0,4,5819,0.0,1731,25007,11,Dim,4.4,0,5,1,0
CMD200415,CLI11349,Lomé,Électronique,Application mobile,Espèces à la livraison,41.0,F,137.0,1,5,2777,,1863,13943,1,Lun,1.4,0,4,1,0
CMD200416,CLI11586,Lomé,Alimentaire,Site web,Espèces à la livraison,47.0,H,149.0,0,1,1500,2.5,2001,3464,9,Ven,0.7,0,5,1,0
CMD200417,CLI11765,Lomé,Téléphonie,Application mobile,Mobile Money,50.0,F,163.0,0,3,79691,0.0,1443,240516,1,Mer,0.7,0,4,1,0
CMD200418,CLI11278,Kara,Électronique,Réseaux sociaux,Espèces à la livraison,28.0,F,372.0,0,1,48002,0.0,3423,51425,2,Mar,6.4,1,4,1,0
CMD200419,CLI10737,Kpalimé,Téléphonie,Application mobile,Espèces à la livraison,34.0,F,95.0,0,2,61402,3.8,2517,120654,11,Jeu,4.9,0,4,1,0
CMD200420,CLI10974,Kpalimé,Alimentaire,Application mobile,Mobile Money,34.0,F,200.0,0,2,7742,0.0,2509,17993,8,Dim,3.8,0,3,0,0
CMD200421,CLI10458,Lomé,Mode,Site web,Mobile Money,57.0,H,624.0,0,2,2922,0.0,2178,8022,2,Mer,6.3,1,3,0,0
CMD200422,CLI10107,Kara,Électronique,Application mobile,Espèces à la livraison,21.0,F,158.0,0,3,37463,0.0,4053,116442,3,Lun,1.0,0,3,0,0
CMD200423,CLI10114,Kara,Alimentaire,Application mobile,Mobile Money,31.0,H,350.0,0,4,6022,0.0,3170,27258,1,Mer,4.4,0,4,1,0
CMD200424,CLI11413,Atakpamé,Alimentaire,Application mobile,Mobile Money,32.0,F,875.0,0,2,3631,0.0,3363,10625,3,Ven,4.7,0,2,0,0
CMD200425,CLI10079,Lomé,Téléphonie,Site web,Espèces à la livraison,18.0,F,1242.0,0,1,62028,0.0,1687,63715,4,Jeu,2.9,0,3,0,0
CMD200426,CLI10559,Lomé,Électronique,Site web,Espèces à la livraison,22.0,F,608.0,0,3,1500,0.0,765,5265,3,Jeu,2.2,0,3,0,0
CMD200427,CLI10815,Lomé,Alimentaire,Application mobile,Mobile Money,39.0,F,363.0,0,1,4388,0.0,1456,5844,9,Sam,2.1,0,3,0,0
CMD200428,CLI11237,Lomé,Mode,Site web,Mobile Money,23.0,F,267.0,1,5,17035,11.1,1474,77195,4,Ven,0.5,0,4,1,0
CMD200429,CLI10417,Atakpamé,Mode,Application mobile,Mobile Money,27.0,F,618.0,1,3,12851,16.6,3223,35376,10,Ven,1.9,0,4,1,0
CMD200430,CLI11370,Kpalimé,Mode,Application mobile,Espèces à la livraison,31.0,F,57.0,1,4,28372,6.1,1714,108279,11,Sam,4.7,0,4,1,0
CMD200431,CLI10946,Lomé,Mode,Application mobile,Mobile Money,36.0,F,41.0,0,1,8372,0.0,1641,10013,3,Jeu,4.1,0,5,1,0
CMD200432,CLI11122,Kara,Mode,Application mobile,Mobile Money,31.0,H,1152.0,0,2,9238,0.0,2741,21217,11,Dim,5.9,1,4,1,0
CMD200433,CLI10139,Dapaong,Maison,Réseaux sociaux,Mobile Money,30.0,H,208.0,0,1,14873,6.6,3792,17683,1,Mer,3.9,0,4,1,0
CMD200434,CLI10555,Lomé,Alimentaire,Application mobile,Mobile Money,35.0,F,275.0,0,2,6479,0.0,1271,14229,12,Ven,1.4,0,3,0,0
CMD200435,CLI11095,Kpalimé,Maison,Application mobile,Carte bancaire,51.0,H,86.0,0,2,30631,8.3,2142,58319,5,Ven,2.8,0,4,1,0
CMD200436,CLI11207,Lomé,Alimentaire,Application mobile,Espèces à la livraison,58.0,H,170.0,0,2,11057,0.0,1397,23511,8,Sam,2.7,0,3,0,0
CMD200437,CLI11048,Lomé,Maison,Application mobile,Espèces à la livraison,43.0,H,1611.0,1,1,32162,12.7,1909,29986,1,Mar,0.5,0,5,1,0
CMD200438,CLI10097,Atakpamé,Mode,Application mobile,Mobile Money,28.0,H,94.0,1,1,25442,9.6,2680,25680,9,Sam,5.7,1,4,1,0
CMD200439,CLI10077,Lomé,Mode,Réseaux sociaux,Espèces à la livraison,44.0,H,118.0,1,3,1500,17.3,1282,5004,4,Mar,1.3,0,5,1,0
CMD200440,CLI10826,Dapaong,Alimentaire,Application mobile,Mobile Money,45.0,H,32.0,0,2,4765,0.0,4322,13852,2,Lun,5.5,1,4,1,0
CMD200441,CLI11108,Sokodé,Maison,Site web,Carte bancaire,23.0,H,33.0,0,2,18842,0.0,2549,40233,12,Mer,1.9,0,3,0,0
CMD200442,CLI11108,Lomé,Électronique,Application mobile,Carte bancaire,22.0,H,1221.0,0,2,44136,0.0,1663,89935,11,Jeu,5.2,1,3,0,0
CMD200443,CLI11290,Lomé,Alimentaire,Réseaux sociaux,Carte bancaire,35.0,F,146.0,0,6,6426,0.0,1795,40351,12,Jeu,1.3,0,5,1,0
CMD200444,CLI11585,Kara,Maison,Réseaux sociaux,Mobile Money,45.0,H,26.0,0,3,27472,0.0,2513,84929,1,Ven,5.5,1,5,1,0
CMD200445,CLI10722,Lomé,Électronique,Application mobile,Carte bancaire,34.0,F,361.0,0,2,45087,0.0,1600,91774,12,Ven,3.4,0,3,0,0
CMD200446,CLI10214,Lomé,Mode,Réseaux sociaux,Espèces à la livraison,18.0,F,488.0,0,2,18491,0.0,1636,38618,11,Sam,2.4,0,4,1,1
CMD200447,CLI11139,Lomé,Téléphonie,Application mobile,Espèces à la livraison,50.0,H,37.0,0,4,25558,0.0,1000,103232,2,Jeu,3.3,0,4,1,0
CMD200448,CLI11599,Sokodé,Électronique,Application mobile,Espèces à la livraison,25.0,F,609.0,1,3,64400,7.1,2196,181679,12,Jeu,1.4,0,5,1,0
CMD200449,CLI10536,Kara,Mode,Application mobile,Mobile Money,36.0,F,36.0,0,9,9526,0.0,2743,88477,9,Ven,2.6,0,4,1,0
CMD200450,CLI11693,Sokodé,Alimentaire,Application mobile,Mobile Money,35.0,H,300.0,1,1,1500,9.4,3235,4594,9,Lun,5.4,1,4,1,0
CMD200451,CLI11103,Kpalimé,Mode,Réseaux sociaux,Carte bancaire,46.0,F,124.0,0,3,23749,0.0,2451,73698,9,Ven,3.6,0,4,1,0
CMD200452,CLI11560,Lomé,Électronique,Réseaux sociaux,Mobile Money,,F,707.0,0,4,27939,3.8,1189,108698,9,Jeu,2.5,0,5,1,0
CMD200453,CLI10800,Lomé,Électronique,Application mobile,Mobile Money,18.0,F,602.0,0,2,4864,0.0,947,10675,10,Jeu,4.0,0,5,1,0
CMD200454,CLI10170,Dapaong,Beauté,Site web,Espèces à la livraison,30.0,H,57.0,0,5,8487,0.0,3920,46355,11,Lun,,0,5,1,0
CMD200455,CLI11645,Lomé,Électronique,Site web,Mobile Money,31.0,F,110.0,1,4,5603,10.2,2235,22361,8,Ven,0.7,0,5,1,0
CMD200456,CLI11477,Atakpamé,Mode,Réseaux sociaux,Mobile Money,36.0,F,673.0,0,4,5144,0.0,2359,22935,12,Mar,2.7,0,3,0,0
CMD200457,CLI10489,Kara,Électronique,Application mobile,Mobile Money,35.0,H,126.0,0,3,93715,0.0,2737,283882,6,Sam,3.1,0,4,1,0
CMD200458,CLI11141,Lomé,Mode,Site web,Espèces à la livraison,44.0,H,167.0,0,5,15909,0.0,1491,81036,11,Ven,3.6,0,4,1,0
CMD200459,CLI11282,Lomé,Électronique,Site web,Mobile Money,30.0,F,1300.0,0,1,54165,0.0,1519,55684,5,Sam,0.8,0,3,0,0
CMD200460,CLI11063,Lomé,Électronique,Application mobile,Mobile Money,34.0,H,275.0,0,4,1500,0.0,2038,8038,3,Mar,,0,5,1,0
CMD200461,CLI11258,Lomé,Mode,Application mobile,Carte bancaire,18.0,F,18.0,0,3,22936,6.3,1984,66457,7,Mar,4.1,0,5,1,0
CMD200462,CLI10802,Kara,Maison,Application mobile,Mobile Money,,F,97.0,0,2,22636,0.0,3241,48513,6,Sam,3.0,0,4,1,0
CMD200463,CLI10234,Atakpamé,Mode,Application mobile,Mobile Money,41.0,F,,0,5,8706,3.8,2290,44166,11,Mar,1.5,0,4,1,0
CMD200464,CLI10743,Lomé,Téléphonie,Application mobile,Espèces à la livraison,42.0,F,915.0,0,2,44110,0.0,1493,89713,10,Mer,2.4,0,4,1,0
CMD200465,CLI10642,Lomé,Téléphonie,Application mobile,Mobile Money,18.0,H,49.0,0,4,81402,0.0,1441,327049,7,Mer,4.6,0,3,0,0
CMD200466,CLI10025,Lomé,Alimentaire,Site web,Mobile Money,39.0,F,702.0,1,2,17233,19.9,973,28580,10,Sam,,0,4,1,0
CMD200467,CLI11317,Lomé,Mode,Application mobile,Espèces à la livraison,48.0,F,57.0,1,4,8556,5.4,1830,34206,10,Jeu,1.7,0,4,1,0
CMD200468,CLI10750,Atakpamé,Mode,Réseaux sociaux,Carte bancaire,39.0,F,367.0,0,1,18699,0.0,2623,21322,3,Jeu,3.6,0,3,0,0
CMD200469,CLI10641,Sokodé,Mode,Site web,Espèces à la livraison,40.0,H,16.0,0,2,5741,0.0,2254,13736,4,Sam,2.0,0,5,1,0
CMD200470,CLI10374,Lomé,Beauté,Site web,Mobile Money,36.0,H,328.0,0,1,9748,0.0,1034,10782,11,Mar,3.6,0,5,1,0
CMD200471,CLI10149,Kara,Beauté,Site web,Espèces à la livraison,30.0,H,221.0,0,5,18431,0.0,3261,95416,1,Dim,4.4,0,4,1,0
CMD200472,CLI10210,Lomé,Maison,Réseaux sociaux,Carte bancaire,,F,266.0,0,3,12593,0.0,1840,39619,12,Jeu,1.9,0,4,1,0
CMD200473,CLI10190,Sokodé,Maison,Site web,Mobile Money,22.0,H,261.0,0,2,33709,0.0,2323,69741,10,Sam,3.9,0,4,1,0
CMD200474,CLI11793,Kara,Beauté,Site web,Espèces à la livraison,51.0,H,441.0,0,3,8158,7.0,2918,25679,2,Lun,2.0,0,3,0,0
CMD200475,CLI10618,Kara,Mode,Réseaux sociaux,Mobile Money,,H,921.0,0,3,12533,0.0,3720,41319,7,Mar,0.8,0,4,1,0
CMD200476,CLI10557,Lomé,Téléphonie,Application mobile,Mobile Money,31.0,H,56.0,1,2,129527,,2094,213223,8,Sam,0.5,0,5,1,0
CMD200477,CLI11556,Sokodé,Maison,Application mobile,Mobile Money,36.0,F,614.0,0,2,22202,0.0,2989,47393,11,Lun,4.6,0,5,1,0
CMD200478,CLI11274,Lomé,Beauté,Site web,Mobile Money,39.0,F,197.0,0,3,1500,2.9,1765,6134,12,Dim,4.7,0,4,1,0
CMD200479,CLI10336,Atakpamé,Alimentaire,Application mobile,Mobile Money,57.0,F,121.0,0,4,5556,8.7,3442,23733,8,Sam,4.7,0,4,1,0
CMD200480,CLI11752,Atakpamé,Alimentaire,Application mobile,Espèces à la livraison,23.0,F,96.0,0,1,5282,5.2,3322,8329,10,Jeu,2.9,0,4,1,0
CMD200481,CLI11727,Kpalimé,Mode,Application mobile,Espèces à la livraison,42.0,H,116.0,0,1,18338,0.0,2319,20657,10,Mer,0.5,0,4,1,0
CMD200482,CLI11126,Kara,Beauté,Site web,Espèces à la livraison,30.0,H,161.0,0,1,10148,7.1,2961,12388,3,Lun,3.1,0,4,1,0
CMD200483,CLI10298,Dapaong,Beauté,Réseaux sociaux,Mobile Money,43.0,H,,0,6,16122,4.5,3287,95666,2,Dim,5.6,1,5,1,0
CMD200484,CLI10593,Kara,Téléphonie,Application mobile,Mobile Money,35.0,H,277.0,0,3,130066,0.0,2746,392944,4,Jeu,5.2,1,3,0,0
CMD200485,CLI10297,Sokodé,Mode,Application mobile,Espèces à la livraison,21.0,H,66.0,0,6,12411,9.2,3164,70779,10,Mer,5.2,1,5,1,0
CMD200486,CLI11755,Sokodé,Alimentaire,Site web,Mobile Money,33.0,F,69.0,0,4,8034,0.0,2937,35073,11,Jeu,3.6,0,4,1,0
CMD200487,CLI10275,Lomé,Beauté,Site web,Carte bancaire,20.0,F,25.0,0,5,15188,0.0,1984,77924,3,Mar,2.2,0,4,1,0
CMD200488,CLI11513,Kara,Beauté,Site web,Mobile Money,44.0,F,62.0,1,1,14312,14.4,3458,15709,9,Mar,2.6,0,4,1,0
CMD200489,CLI11608,Dapaong,Maison,Réseaux sociaux,Espèces à la livraison,28.0,F,516.0,0,4,35216,0.0,3583,144447,2,Mer,0.6,0,4,1,0
CMD200490,CLI10604,Atakpamé,Maison,Application mobile,Mobile Money,18.0,F,348.0,1,3,21615,14.2,2777,58414,10,Mer,3.2,0,4,1,0
CMD200491,CLI10690,Lomé,Mode,Application mobile,Mobile Money,39.0,F,374.0,0,2,9209,0.0,1504,19922,11,Mar,2.2,0,5,1,0
CMD200492,CLI10197,Lomé,Maison,Réseaux sociaux,Espèces à la livraison,,F,454.0,0,2,27185,0.0,1336,55706,10,Lun,4.1,0,5,1,0
CMD200493,CLI10206,Kpalimé,Mode,Application mobile,Mobile Money,28.0,F,398.0,1,3,10753,8.1,1902,31548,1,Mar,3.2,0,5,1,0
CMD200494,CLI10645,Atakpamé,Alimentaire,Réseaux sociaux,Espèces à la livraison,39.0,H,165.0,0,2,9339,7.6,3399,20657,4,Dim,4.5,0,5,1,0
CMD200495,CLI10609,Kpalimé,Maison,Réseaux sociaux,Mobile Money,31.0,H,32.0,0,3,11371,0.0,2674,36787,4,Lun,2.5,0,3,0,0
CMD200496,CLI10568,Atakpamé,Mode,Site web,Espèces à la livraison,38.0,F,29.0,0,3,27679,0.0,2218,85255,8,Lun,5.1,1,4,1,0
CMD200497,CLI11079,Lomé,Téléphonie,Réseaux sociaux,Espèces à la livraison,30.0,H,173.0,0,1,36126,0.0,1329,37455,6,Ven,3.9,0,4,1,0
CMD200498,CLI11121,Kara,Maison,Application mobile,Mobile Money,45.0,F,1107.0,0,2,14720,3.8,2999,31320,8,Mar,4.8,0,5,1,0
CMD200499,CLI11027,Lomé,Maison,Application mobile,Mobile Money,29.0,F,463.0,0,6,21463,0.0,1742,130520,11,Ven,2.8,0,3,0,0
CMD200500,CLI10778,Lomé,Mode,Application mobile,Mobile Money,41.0,H,206.0,0,2,20076,0.0,997,41149,12,Mer,2.0,0,5,1,0
CMD200501,CLI10614,Kara,Électronique,Réseaux sociaux,Espèces à la livraison,41.0,F,168.0,0,2,1500,0.0,3445,6445,2,Lun,1.3,0,4,1,0
CMD200502,CLI10233,Dapaong,Alimentaire,Site web,Espèces à la livraison,51.0,H,1194.0,0,3,3033,0.0,4243,13342,5,Sam,5.2,1,2,0,0
CMD200503,CLI10025,Sokodé,Téléphonie,Application mobile,Mobile Money,31.0,F,4.0,0,3,99175,0.0,2415,299940,12,Sam,2.2,0,4,1,0
CMD200504,CLI10531,Kpalimé,Maison,Site web,Mobile Money,28.0,H,822.0,0,6,21450,3.1,2005,126715,5,Lun,2.6,0,3,0,0
CMD200505,CLI10189,Lomé,Mode,Réseaux sociaux,Espèces à la livraison,18.0,F,163.0,0,2,16177,0.0,1108,33462,2,Dim,5.9,1,4,1,0
CMD200506,CLI10391,Lomé,Électronique,Application mobile,Mobile Money,27.0,F,45.0,0,1,4770,0.0,2142,6912,5,Dim,4.4,0,5,1,0
CMD200507,CLI11113,Lomé,Alimentaire,Site web,Mobile Money,41.0,F,264.0,0,1,11273,0.0,1387,12660,4,Dim,4.5,0,5,1,0
CMD200508,CLI10266,Sokodé,Électronique,Application mobile,Espèces à la livraison,36.0,H,536.0,0,2,43832,0.0,2883,90547,8,Jeu,3.1,0,5,1,0
CMD200509,CLI11630,Kpalimé,Beauté,Application mobile,Mobile Money,40.0,H,521.0,0,3,10003,8.2,2486,30034,4,Mar,2.8,0,4,1,0
CMD200510,CLI10380,Lomé,Électronique,Site web,Espèces à la livraison,33.0,H,33.0,1,3,41962,18.7,1116,103461,8,Lun,1.4,0,4,1,0
CMD200511,CLI10947,Lomé,Beauté,Application mobile,Mobile Money,27.0,H,825.0,0,2,4964,0.0,500,10428,5,Sam,4.7,0,3,0,0
CMD200512,CLI10129,Lomé,Beauté,Application mobile,Mobile Money,35.0,F,86.0,0,2,11276,3.6,1662,23402,10,Mer,2.0,0,4,1,0
CMD200513,CLI11035,Lomé,Électronique,Application mobile,Mobile Money,35.0,H,401.0,0,3,17798,8.5,1806,50662,7,Jeu,0.6,0,4,1,0
CMD200514,CLI10829,Sokodé,Électronique,Application mobile,Espèces à la livraison,26.0,H,548.0,0,2,7210,4.0,3075,16918,9,Mer,5.2,1,3,0,0
CMD200515,CLI10522,Lomé,Mode,Réseaux sociaux,Mobile Money,34.0,F,100.0,0,2,17016,,1767,34982,4,Mer,0.5,0,4,1,1
CMD200516,CLI10888,Lomé,Mode,Site web,Espèces à la livraison,35.0,H,79.0,0,2,6496,8.9,1949,13785,7,Ven,,0,4,1,0
CMD200517,CLI11029,Lomé,Maison,Réseaux sociaux,Espèces à la livraison,,F,669.0,0,2,1500,0.0,1306,4306,5,Dim,3.1,0,4,1,0
CMD200518,CLI11018,Lomé,Maison,Réseaux sociaux,Mobile Money,18.0,H,70.0,0,4,40818,0.0,1496,164768,5,Mar,5.5,1,3,0,0
CMD200519,CLI10827,Lomé,Électronique,Réseaux sociaux,Carte bancaire,22.0,H,496.0,1,2,11211,13.9,744,20049,11,Dim,3.3,0,4,1,0
CMD200520,CLI10711,Sokodé,Beauté,Application mobile,Espèces à la livraison,45.0,H,8.0,1,1,1550,,2644,3988,6,Jeu,,0,5,1,1
CMD200521,CLI10237,Lomé,Mode,Site web,Carte bancaire,34.0,H,1698.0,0,4,17255,2.4,1200,68564,9,Mer,0.9,0,4,1,0
CMD200522,CLI11496,Lomé,Mode,Réseaux sociaux,Mobile Money,53.0,H,1268.0,0,2,10770,0.0,2238,23778,2,Sam,3.6,0,3,0,0
CMD200523,CLI10983,Lomé,Alimentaire,Application mobile,Mobile Money,33.0,F,568.0,0,2,7940,0.0,1385,17265,5,Sam,2.1,0,4,1,0
CMD200524,CLI10742,Lomé,Maison,Application mobile,Mobile Money,44.0,F,660.0,1,2,21216,11.5,1918,39470,4,Jeu,3.8,0,4,1,0
CMD200525,CLI11310,Lomé,Mode,Application mobile,Mobile Money,31.0,F,22.0,1,1,21660,14.7,1091,19567,3,Mar,3.4,0,5,1,0
CMD200526,CLI11568,Lomé,Électronique,Application mobile,Mobile Money,18.0,F,320.0,0,3,58415,0.0,1687,176932,11,Jeu,4.7,0,4,1,0
CMD200527,CLI11119,Kpalimé,Mode,Site web,Mobile Money,45.0,H,1222.0,0,3,18176,0.0,1812,56340,11,Sam,3.1,0,5,1,0
CMD200528,CLI10157,Dapaong,Téléphonie,Réseaux sociaux,Espèces à la livraison,29.0,H,308.0,0,3,7873,0.0,3023,26642,12,Sam,4.5,0,4,1,0
CMD200529,CLI11515,Lomé,Électronique,Réseaux sociaux,Mobile Money,30.0,F,339.0,0,3,25774,0.0,2363,79685,11,Mar,3.4,0,4,1,0
CMD200530,CLI11299,Lomé,Alimentaire,Site web,Mobile Money,39.0,H,301.0,0,3,10931,0.0,1518,34311,4,Lun,4.0,0,4,1,0
CMD200531,CLI10613,Lomé,Maison,Site web,Mobile Money,19.0,F,79.0,0,1,13612,0.0,1611,15223,6,Mar,2.4,0,4,1,0
CMD200532,CLI10457,Lomé,Mode,Application mobile,Mobile Money,30.0,H,546.0,1,5,27517,10.4,2040,125316,6,Mer,1.3,0,4,1,0
CMD200533,CLI10056,Lomé,Alimentaire,Réseaux sociaux,Espèces à la livraison,39.0,H,1759.0,0,2,7542,,891,15296,11,Lun,4.2,0,5,1,0
CMD200534,CLI11096,Lomé,Électronique,Application mobile,Espèces à la livraison,25.0,H,691.0,0,2,48752,0.0,1915,99419,6,Mar,4.6,0,4,1,0
CMD200535,CLI10077,Lomé,Alimentaire,Réseaux sociaux,Carte bancaire,33.0,F,84.0,0,1,6698,0.0,1594,8292,9,Sam,5.5,1,3,0,0
CMD200536,CLI10879,Atakpamé,Alimentaire,Application mobile,Mobile Money,18.0,F,313.0,0,1,5588,0.0,2251,7839,6,Dim,6.0,1,5,1,0
CMD200537,CLI10290,Sokodé,Beauté,Application mobile,Mobile Money,38.0,F,462.0,0,2,16172,2.3,1607,33207,12,Sam,5.4,1,4,1,0
CMD200538,CLI10197,Sokodé,Maison,Application mobile,Mobile Money,28.0,F,1151.0,0,2,22250,0.0,2441,46941,1,Mar,0.8,0,5,1,0
CMD200539,CLI10900,Lomé,Beauté,Site web,Mobile Money,28.0,F,15.0,0,2,11907,4.1,2214,25052,3,Lun,1.0,0,5,1,0
CMD200540,CLI10458,Sokodé,Alimentaire,Réseaux sociaux,Espèces à la livraison,40.0,F,307.0,0,3,4104,0.0,2225,14537,2,Mer,5.8,1,3,0,0
CMD200541,CLI10837,Lomé,Maison,Réseaux sociaux,Espèces à la livraison,33.0,F,302.0,0,3,30403,0.0,1341,92550,12,Ven,2.8,0,4,1,0
CMD200542,CLI10131,Kpalimé,Alimentaire,Réseaux sociaux,Mobile Money,29.0,F,1557.0,0,3,8059,3.8,2940,26198,1,Mer,2.8,0,3,0,0
CMD200543,CLI10321,Dapaong,Mode,Application mobile,Carte bancaire,48.0,F,762.0,0,1,17094,0.0,4289,21383,12,Dim,2.6,0,4,1,0
CMD200544,CLI10883,Lomé,Beauté,Application mobile,Espèces à la livraison,27.0,F,213.0,0,2,2375,6.0,1801,6266,2,Jeu,3.2,0,4,1,0
CMD200545,CLI11395,Atakpamé,Électronique,Site web,Espèces à la livraison,40.0,H,236.0,0,2,1500,0.0,2552,5552,3,Mar,5.6,1,3,0,0
CMD200546,CLI10041,Atakpamé,Mode,Application mobile,Mobile Money,26.0,H,206.0,1,3,32265,7.6,3254,92693,10,Mer,3.8,0,4,1,0
CMD200547,CLI10846,Sokodé,Mode,Réseaux sociaux,Carte bancaire,37.0,F,,0,2,12731,9.0,1999,25169,7,Dim,4.0,0,4,1,0
CMD200548,CLI10578,Kara,Beauté,Application mobile,Espèces à la livraison,37.0,F,380.0,0,1,1544,0.0,2828,4372,4,Mar,4.2,0,5,1,0
CMD200549,CLI10103,Lomé,Alimentaire,Site web,Espèces à la livraison,29.0,F,517.0,0,3,11897,,1458,37149,10,Mar,2.0,0,3,0,0
CMD200550,CLI10807,Sokodé,Beauté,Site web,Espèces à la livraison,30.0,H,1770.0,0,1,13829,0.0,2352,16181,8,Mer,4.0,0,3,0,0
CMD200551,CLI11794,Lomé,Électronique,Site web,Mobile Money,33.0,F,295.0,1,2,56844,13.0,1157,100066,10,Dim,3.6,0,4,1,0
CMD200552,CLI10185,Kara,Mode,Réseaux sociaux,Espèces à la livraison,47.0,H,1280.0,1,2,16285,10.2,2162,31410,12,Jeu,0.9,0,4,1,0
CMD200553,CLI10600,Kpalimé,Maison,Site web,Espèces à la livraison,18.0,H,818.0,0,3,37777,0.0,1986,115317,11,Mer,2.8,0,5,1,0
CMD200554,CLI10618,Lomé,Maison,Site web,Mobile Money,41.0,H,105.0,0,4,28458,0.0,1766,115598,2,Ven,3.0,0,3,0,0
CMD200555,CLI11034,Lomé,Maison,Application mobile,Mobile Money,39.0,F,48.0,1,3,1500,,1179,5391,5,Sam,0.8,0,4,1,0
CMD200556,CLI10097,Kpalimé,Téléphonie,Application mobile,Mobile Money,47.0,F,98.0,0,3,1500,7.7,2076,6230,8,Ven,1.7,0,5,1,0
CMD200557,CLI10589,Lomé,Électronique,Application mobile,Mobile Money,26.0,H,436.0,0,2,78720,2.3,1860,155679,5,Sam,3.6,0,4,1,0
CMD200558,CLI11792,Lomé,Téléphonie,Application mobile,Mobile Money,26.0,F,488.0,0,4,17990,7.4,2223,68858,11,Dim,,0,3,0,0
CMD200559,CLI11259,Sokodé,Alimentaire,Réseaux sociaux,Mobile Money,29.0,F,17.0,0,2,10934,3.3,2187,23333,11,Ven,1.7,0,4,1,0
CMD200560,CLI11087,Lomé,Mode,Application mobile,Espèces à la livraison,26.0,F,61.0,0,2,3753,0.0,1563,9069,1,Sam,3.0,0,4,1,0
CMD200561,CLI10351,Lomé,Électronique,Application mobile,Espèces à la livraison,45.0,H,96.0,1,4,51552,18.6,783,168636,12,Lun,2.7,0,4,1,0
CMD200562,CLI10539,Lomé,Téléphonie,Site web,Espèces à la livraison,31.0,F,1474.0,1,2,61285,11.0,1759,110846,5,Mer,5.8,1,5,1,0
CMD200563,CLI11654,Dapaong,Mode,Site web,Mobile Money,40.0,F,551.0,0,1,1500,0.0,3978,5478,7,Lun,4.0,0,4,1,0
CMD200564,CLI11433,Lomé,Mode,Application mobile,Espèces à la livraison,39.0,F,683.0,0,4,8087,5.9,1871,32310,4,Sam,4.4,0,4,1,0
CMD200565,CLI11791,Lomé,Maison,Application mobile,Mobile Money,35.0,F,61.0,0,4,27309,0.0,1909,111145,6,Jeu,7.1,1,4,1,0
CMD200566,CLI10710,Lomé,Mode,Site web,Mobile Money,37.0,H,361.0,1,3,8678,5.9,2162,26660,8,Dim,2.7,0,4,1,0
CMD200567,CLI10051,Kara,Électronique,Application mobile,Espèces à la livraison,33.0,F,295.0,1,1,63816,7.4,3120,62214,12,Dim,1.6,0,4,1,0
CMD200568,CLI11540,Dapaong,Téléphonie,Application mobile,Mobile Money,35.0,H,463.0,0,1,137177,0.0,3703,140880,10,Sam,5.3,1,3,0,0
CMD200569,CLI11413,Lomé,Mode,Application mobile,Espèces à la livraison,27.0,H,184.0,0,1,14600,0.0,2012,16612,5,Mer,5.4,1,4,1,0
CMD200570,CLI10060,Lomé,Alimentaire,Application mobile,Mobile Money,36.0,H,205.0,1,2,1931,17.6,1706,4888,8,Ven,1.9,0,4,1,0
CMD200571,CLI11594,Lomé,Téléphonie,Application mobile,Mobile Money,24.0,F,596.0,1,2,61818,17.9,1620,103125,4,Dim,6.3,1,4,1,0
CMD200572,CLI11020,Lomé,Téléphonie,Réseaux sociaux,Mobile Money,32.0,H,287.0,0,3,108852,0.0,1641,328197,8,Sam,0.6,0,5,1,0
CMD200573,CLI11698,Lomé,Mode,Site web,Mobile Money,31.0,F,496.0,0,3,11399,0.0,2359,36556,10,Jeu,2.4,0,4,1,0
CMD200574,CLI10620,Dapaong,Beauté,Application mobile,Mobile Money,35.0,H,41.0,0,3,21401,0.0,4391,68594,3,Lun,2.7,0,4,1,0
CMD200575,CLI10678,Atakpamé,Maison,Site web,Mobile Money,47.0,F,217.0,0,1,38405,2.9,2809,40100,1,Jeu,4.4,0,3,0,0
CMD200576,CLI11637,Lomé,Mode,Application mobile,Mobile Money,,F,106.0,0,2,17701,0.0,1251,36653,8,Mer,1.8,0,4,1,0
CMD200577,CLI10337,Lomé,Électronique,Application mobile,Mobile Money,39.0,F,484.0,1,3,51683,7.2,1541,145426,1,Lun,2.8,0,4,1,0
CMD200578,CLI10629,Lomé,Mode,Site web,Mobile Money,24.0,F,708.0,1,2,1500,9.8,1249,3955,6,Jeu,3.0,0,5,1,0
CMD200579,CLI10625,Lomé,Alimentaire,Réseaux sociaux,Mobile Money,30.0,F,304.0,0,1,10809,0.0,1189,11998,4,Jeu,4.4,0,3,0,0
CMD200580,CLI11456,Sokodé,Téléphonie,Application mobile,Mobile Money,29.0,F,34.0,0,1,107314,6.5,3055,103394,6,Ven,2.6,0,3,0,0
CMD200581,CLI11718,Lomé,Téléphonie,Application mobile,Mobile Money,22.0,F,259.0,0,1,75649,0.0,2147,77796,11,Sam,2.3,0,5,1,0
CMD200582,CLI10190,Lomé,Alimentaire,Site web,Espèces à la livraison,28.0,H,265.0,0,2,2176,0.0,1604,5956,6,Jeu,,0,4,1,0
CMD200583,CLI10644,Lomé,Mode,Réseaux sociaux,Mobile Money,40.0,F,213.0,0,3,19492,0.0,1265,59741,10,Dim,3.4,0,4,1,0
CMD200584,CLI11759,Kara,Téléphonie,Application mobile,Espèces à la livraison,20.0,H,366.0,1,2,85680,16.9,3363,145763,9,Mar,3.8,0,4,1,0
CMD200585,CLI11519,Lomé,Mode,Site web,Mobile Money,48.0,F,998.0,1,1,7789,13.5,1080,7817,3,Lun,1.2,0,4,1,1
CMD200586,CLI11393,Lomé,Mode,Site web,Mobile Money,18.0,H,177.0,0,1,4095,0.0,1891,5986,1,Mer,3.2,0,4,1,0
CMD200587,CLI10737,Lomé,Mode,Site web,Mobile Money,42.0,H,407.0,0,3,24234,7.1,988,68528,10,Sam,2.1,0,5,1,0
CMD200588,CLI10512,Kara,Mode,Application mobile,Mobile Money,28.0,H,128.0,0,1,1500,0.0,3043,4543,8,Mar,1.9,0,4,1,0
CMD200589,CLI10774,Lomé,Alimentaire,Application mobile,Mobile Money,43.0,F,161.0,1,4,11185,10.7,2027,41980,9,Dim,3.0,0,4,1,0
CMD200590,CLI11709,Lomé,Mode,Réseaux sociaux,Mobile Money,50.0,F,205.0,0,2,12418,2.6,1976,26166,8,Jeu,0.5,0,5,1,0
CMD200591,CLI11461,Lomé,Alimentaire,Réseaux sociaux,Mobile Money,35.0,H,976.0,0,3,3817,2.6,1227,12380,3,Mar,2.7,0,4,1,0
CMD200592,CLI11378,Lomé,Maison,Réseaux sociaux,Espèces à la livraison,27.0,H,,1,2,19359,8.6,1839,37227,10,Dim,3.4,0,4,1,0
CMD200593,CLI10828,Kara,Beauté,Réseaux sociaux,Mobile Money,41.0,H,233.0,1,2,13199,16.3,2329,24424,3,Ven,5.0,0,5,1,0
CMD200594,CLI11208,Lomé,Beauté,Application mobile,Carte bancaire,46.0,F,6.0,0,5,12876,9.4,2026,60354,11,Dim,,0,4,1,0
CMD200595,CLI11367,Lomé,Alimentaire,Réseaux sociaux,Mobile Money,37.0,F,12.0,1,3,9167,13.0,2393,26319,3,Lun,1.1,0,5,1,0
CMD200596,CLI11596,Lomé,Maison,Application mobile,Espèces à la livraison,41.0,F,1250.0,0,2,26669,0.0,1190,54528,3,Ven,2.1,0,4,1,0
CMD200597,CLI11638,Lomé,Beauté,Site web,Mobile Money,44.0,H,39.0,0,2,8797,0.0,1875,19469,3,Jeu,0.7,0,4,1,0
CMD200598,CLI10227,Lomé,Téléphonie,Application mobile,Espèces à la livraison,28.0,F,270.0,1,1,11948,11.9,1328,11854,5,Dim,3.4,0,3,0,0
CMD200599,CLI10701,Lomé,Maison,Application mobile,Mobile Money,40.0,F,1271.0,1,1,15529,11.8,1898,15595,4,Lun,1.3,0,5,1,0
CMD200600,CLI11774,Lomé,Maison,Réseaux sociaux,Mobile Money,47.0,F,430.0,0,4,10742,3.8,1719,43054,6,Ven,0.5,0,3,0,0
CMD200601,CLI10511,Lomé,Électronique,Application mobile,Mobile Money,31.0,H,614.0,0,2,51270,0.0,782,103322,6,Jeu,2.9,0,4,1,0
CMD200602,CLI11423,Kara,Mode,Application mobile,Carte bancaire,38.0,H,989.0,0,2,3186,0.0,2423,8795,10,Sam,6.4,1,4,1,0
CMD200603,CLI11080,Kara,Alimentaire,Site web,Mobile Money,18.0,F,23.0,0,2,15153,0.0,3169,33475,4,Sam,2.4,0,4,1,0
CMD200604,CLI10615,Kara,Beauté,Application mobile,Mobile Money,27.0,F,275.0,0,2,3578,,3403,9851,6,Ven,2.8,0,4,1,0
CMD200605,CLI10604,Sokodé,Maison,Application mobile,Carte bancaire,18.0,F,254.0,0,2,29744,2.8,2117,59939,5,Jeu,7.9,1,4,1,0
CMD200606,CLI10319,Lomé,Beauté,Application mobile,Mobile Money,45.0,H,118.0,0,3,5543,0.0,1802,18431,5,Ven,5.8,1,3,0,0
CMD200607,CLI11352,Kara,Électronique,Réseaux sociaux,Mobile Money,51.0,H,326.0,1,2,86587,13.4,2402,152371,2,Dim,5.7,1,4,1,0
CMD200608,CLI10309,Lomé,Maison,Application mobile,Mobile Money,27.0,F,69.0,0,4,5759,3.6,978,23185,7,Mer,3.8,0,4,1,0
CMD200609,CLI11654,Lomé,Maison,Application mobile,Mobile Money,30.0,F,873.0,1,2,37429,14.8,1528,65307,12,Jeu,2.2,0,4,1,0
CMD200610,CLI10165,Kpalimé,Maison,Application mobile,Mobile Money,35.0,F,254.0,0,2,22977,0.0,2870,48824,5,Mar,1.9,0,4,1,0
CMD200611,CLI10990,Dapaong,Beauté,Site web,Mobile Money,31.0,H,871.0,0,3,1987,0.0,3860,9821,1,Sam,6.0,1,2,0,1
CMD200612,CLI10585,Atakpamé,Mode,Site web,Mobile Money,31.0,F,90.0,0,2,26409,0.0,2161,54979,10,Ven,2.6,0,3,0,0
CMD200613,CLI11004,Lomé,Électronique,Application mobile,Mobile Money,22.0,F,586.0,0,4,49425,0.0,2117,199817,2,Ven,2.9,0,4,1,0
CMD200614,CLI10155,Lomé,Beauté,Réseaux sociaux,Mobile Money,21.0,F,60.0,0,1,18683,0.0,1771,20454,5,Jeu,3.4,0,3,0,0
CMD200615,CLI10842,Kara,Mode,Site web,Espèces à la livraison,28.0,H,20.0,0,4,18442,0.0,3220,76988,11,Ven,0.8,0,4,1,0
CMD200616,CLI10009,Lomé,Électronique,Application mobile,Mobile Money,18.0,H,312.0,0,3,16535,0.0,1661,51266,8,Mar,0.5,0,5,1,0
CMD200617,CLI11203,Lomé,Électronique,Application mobile,Espèces à la livraison,29.0,H,2123.0,0,2,34548,0.0,1257,70353,2,Dim,3.9,0,4,1,0
CMD200618,CLI10492,Lomé,Maison,Application mobile,Espèces à la livraison,33.0,F,299.0,1,2,36465,12.6,1312,65053,4,Ven,3.2,0,5,1,0
CMD200619,CLI11479,Lomé,Mode,Application mobile,Espèces à la livraison,40.0,H,132.0,1,1,19318,7.6,906,18756,8,Sam,0.5,0,4,1,0
CMD200620,CLI10982,Sokodé,Alimentaire,Application mobile,Espèces à la livraison,19.0,F,55.0,0,2,10758,0.0,3154,24670,2,Ven,4.1,0,4,1,0
CMD200621,CLI11147,Lomé,Électronique,Réseaux sociaux,Mobile Money,32.0,H,425.0,0,1,50936,,932,51868,6,Mer,2.7,0,5,1,0
CMD200622,CLI10407,Lomé,Alimentaire,Application mobile,Mobile Money,22.0,H,420.0,0,3,9418,0.0,2354,30608,6,Mar,1.1,0,3,0,0
CMD200623,CLI11459,Lomé,Mode,Réseaux sociaux,Mobile Money,25.0,F,744.0,1,3,1772,17.3,1662,6058,2,Lun,2.4,0,5,1,0
CMD200624,CLI10442,Lomé,Électronique,Application mobile,Espèces à la livraison,28.0,F,1.0,1,2,60508,19.1,1529,99431,12,Lun,3.3,0,5,1,0
CMD200625,CLI11193,Lomé,Maison,Application mobile,Mobile Money,35.0,H,94.0,0,2,3926,0.0,1541,9393,4,Mar,0.5,0,4,1,0
CMD200626,CLI11593,Sokodé,Mode,Application mobile,Mobile Money,35.0,F,196.0,0,4,11580,0.0,2415,48735,1,Sam,4.2,0,4,1,0
CMD200627,CLI11424,Kara,Mode,Application mobile,Espèces à la livraison,,F,173.0,0,3,21490,3.7,3589,65674,5,Lun,8.0,1,4,1,0
CMD200628,CLI11236,Sokodé,Beauté,Site web,Mobile Money,40.0,F,2.0,1,3,12535,19.1,2662,33084,12,Mer,4.7,0,5,1,0
CMD200629,CLI10131,Lomé,Téléphonie,Réseaux sociaux,Mobile Money,31.0,H,705.0,1,1,1500,15.1,1524,2798,6,Mer,2.2,0,5,1,0
CMD200630,CLI11280,Lomé,Mode,Application mobile,Mobile Money,34.0,H,264.0,1,2,19442,14.2,1267,34629,12,Mer,1.7,0,4,1,1
CMD200631,CLI10461,Lomé,Alimentaire,Application mobile,Mobile Money,41.0,F,161.0,1,1,9630,5.4,1882,10992,3,Jeu,1.0,0,4,1,0
CMD200632,CLI10442,Lomé,Alimentaire,Application mobile,Espèces à la livraison,37.0,F,1293.0,1,5,11461,18.6,1752,48398,2,Mer,1.4,0,4,1,0
CMD200633,CLI11431,Lomé,Maison,Réseaux sociaux,Espèces à la livraison,29.0,H,503.0,1,3,20307,7.8,1540,57709,5,Dim,3.4,0,5,1,0
CMD200634,CLI10656,Dapaong,Mode,Application mobile,Espèces à la livraison,,H,135.0,0,3,7820,0.0,3330,26790,6,Mar,4.8,0,5,1,0
CMD200635,CLI10334,Lomé,Électronique,Application mobile,Espèces à la livraison,43.0,F,661.0,0,2,76216,0.0,823,153255,11,Sam,,0,4,1,0
CMD200636,CLI10937,Kpalimé,Maison,Réseaux sociaux,Carte bancaire,22.0,H,169.0,0,5,24647,8.2,2836,115966,3,Dim,2.7,0,4,1,0
CMD200637,CLI11345,Lomé,Beauté,Site web,Mobile Money,33.0,F,53.0,0,1,10814,,1716,12530,6,Dim,4.6,0,4,1,0
CMD200638,CLI11259,Kpalimé,Alimentaire,Site web,Mobile Money,,F,153.0,1,2,8222,14.9,2800,16794,3,Ven,0.7,0,5,1,0
CMD200639,CLI10425,Lomé,Beauté,Application mobile,Mobile Money,35.0,H,109.0,1,5,11017,15.2,1946,48658,9,Sam,2.5,0,5,1,0
CMD200640,CLI11690,Lomé,Électronique,Application mobile,Espèces à la livraison,25.0,H,21.0,0,2,56714,0.0,1583,115011,1,Mar,3.0,0,5,1,0
CMD200641,CLI10671,Lomé,Mode,Site web,Carte bancaire,38.0,H,433.0,1,1,17088,18.3,1501,15462,4,Sam,2.0,0,5,1,0
CMD200642,CLI10285,Kpalimé,Mode,Application mobile,Espèces à la livraison,18.0,F,770.0,1,2,15650,9.4,1981,30339,9,Dim,2.7,0,4,1,0
CMD200643,CLI10445,Sokodé,Maison,Application mobile,Espèces à la livraison,27.0,H,85.0,0,5,1500,0.0,2293,9793,9,Jeu,1.4,0,4,1,0
CMD200644,CLI10386,Lomé,Mode,Site web,Mobile Money,24.0,F,491.0,0,4,23537,3.2,1245,92380,11,Jeu,0.5,0,5,1,0
CMD200645,CLI10637,Atakpamé,Électronique,Application mobile,Espèces à la livraison,33.0,H,98.0,0,2,67907,0.0,2827,138641,8,Sam,4.6,0,4,1,0
CMD200646,CLI11365,Lomé,Alimentaire,Application mobile,Mobile Money,34.0,H,1163.0,0,3,4559,0.0,2177,15854,12,Mer,2.6,0,3,0,0
CMD200647,CLI10560,Kpalimé,Maison,Application mobile,Mobile Money,45.0,F,425.0,0,4,36887,0.0,2421,149969,2,Mer,1.4,0,4,1,0
CMD200648,CLI11417,Lomé,Téléphonie,Site web,Mobile Money,38.0,F,19.0,1,2,51675,15.1,1488,89232,5,Lun,3.0,0,4,1,0
CMD200649,CLI11205,Kara,Mode,Site web,Mobile Money,19.0,H,79.0,0,2,8213,5.8,2961,18434,12,Ven,1.0,0,5,1,0
CMD200650,CLI11361,Lomé,Électronique,Application mobile,Mobile Money,,H,28.0,0,2,66404,0.0,1017,133825,5,Lun,0.7,0,3,0,0
CMD200651,CLI10579,Lomé,Mode,Site web,Mobile Money,41.0,H,267.0,1,2,10584,10.2,719,19728,10,Lun,2.4,0,4,1,0
CMD200652,CLI11272,Kpalimé,Alimentaire,Site web,Mobile Money,40.0,F,131.0,1,1,3659,19.1,2481,5441,9,Mar,5.6,1,3,0,0
CMD200653,CLI10980,Lomé,Maison,Site web,Espèces à la livraison,34.0,F,824.0,1,5,19839,12.9,1784,88183,4,Sam,0.5,0,4,1,0
CMD200654,CLI10610,Lomé,Beauté,Site web,Espèces à la livraison,40.0,H,63.0,0,2,12608,0.0,1666,26882,7,Ven,5.3,1,3,0,0
CMD200655,CLI10618,Lomé,Beauté,Application mobile,Mobile Money,45.0,F,972.0,1,1,13616,10.6,1508,13681,6,Ven,3.7,0,5,1,0
CMD200656,CLI11002,Kara,Mode,Site web,Mobile Money,34.0,F,281.0,1,3,16430,11.5,3387,47009,2,Jeu,4.4,0,4,1,0
CMD200657,CLI10763,Lomé,Maison,Application mobile,Carte bancaire,18.0,H,409.0,0,2,18985,0.0,2166,40136,10,Sam,2.8,0,3,0,0
CMD200658,CLI10369,Lomé,Beauté,Application mobile,Mobile Money,26.0,F,802.0,1,2,1500,6.1,1640,4457,11,Lun,6.0,1,4,1,0
CMD200659,CLI10886,Dapaong,Mode,Réseaux sociaux,Espèces à la livraison,26.0,H,748.0,0,2,16068,0.0,4038,36174,5,Lun,4.3,0,3,0,0
CMD200660,CLI10592,Sokodé,Maison,Application mobile,Mobile Money,26.0,F,174.0,1,1,14439,16.0,2716,14845,7,Ven,,0,5,1,0
CMD200661,CLI11409,Lomé,Beauté,Site web,Espèces à la livraison,31.0,F,471.0,0,3,11130,,2357,34345,3,Mar,3.2,0,4,1,0
CMD200662,CLI10215,Kpalimé,Maison,Site web,Espèces à la livraison,38.0,F,81.0,1,5,17779,18.6,2371,74732,10,Lun,2.5,0,3,0,0
CMD200663,CLI10074,Kpalimé,Alimentaire,Application mobile,Mobile Money,39.0,H,773.0,1,2,1500,19.4,2396,4814,5,Dim,6.1,1,4,1,0
CMD200664,CLI10410,Lomé,Électronique,Application mobile,Espèces à la livraison,45.0,H,41.0,0,2,62760,6.3,1565,119177,7,Mer,1.5,0,4,1,0
CMD200665,CLI11661,Sokodé,Alimentaire,Site web,Espèces à la livraison,24.0,H,94.0,0,1,4541,0.0,2940,7481,10,Lun,4.9,0,4,1,0
CMD200666,CLI11541,Kpalimé,Téléphonie,Application mobile,Mobile Money,18.0,F,110.0,0,3,85129,8.0,2657,237613,1,Sam,1.1,0,4,1,0
CMD200667,CLI10624,Lomé,Maison,Application mobile,Mobile Money,45.0,H,471.0,0,3,18869,,1478,58085,7,Jeu,,0,4,1,0
CMD200668,CLI11148,Lomé,Beauté,Site web,Espèces à la livraison,25.0,H,52.0,1,3,7616,13.0,1071,20949,7,Ven,0.7,0,5,1,0
CMD200669,CLI10787,Kpalimé,Beauté,Application mobile,Mobile Money,26.0,F,352.0,1,2,12817,15.3,1803,23515,12,Ven,5.3,1,4,1,0
CMD200670,CLI10745,Sokodé,Alimentaire,Application mobile,Mobile Money,28.0,F,332.0,0,4,11183,0.0,3623,48355,12,Ven,2.0,0,5,1,0
CMD200671,CLI10719,Kpalimé,Téléphonie,Application mobile,Espèces à la livraison,36.0,H,266.0,0,2,1500,0.0,2362,5362,5,Sam,3.7,0,4,1,0
CMD200672,CLI11348,Kpalimé,Mode,Site web,Espèces à la livraison,29.0,F,1131.0,0,1,18888,0.0,2242,21130,8,Sam,4.6,0,3,0,0
CMD200673,CLI11224,Kara,Beauté,Application mobile,Espèces à la livraison,39.0,F,235.0,0,3,6240,0.0,3145,21865,10,Dim,5.8,1,4,1,0
CMD200674,CLI11198,Kara,Mode,Réseaux sociaux,Mobile Money,32.0,H,,0,4,12522,0.0,3177,53265,12,Jeu,4.0,0,4,1,0
CMD200675,CLI10668,Lomé,Beauté,Site web,Mobile Money,33.0,H,,0,1,1500,0.0,1546,3046,6,Mer,2.3,0,4,1,0
CMD200676,CLI10736,Kara,Beauté,Application mobile,Espèces à la livraison,48.0,H,36.0,1,3,7577,7.9,3046,23981,2,Mer,2.5,0,4,1,0
CMD200677,CLI11666,Lomé,Mode,Application mobile,Mobile Money,45.0,F,54.0,0,2,28547,0.0,942,58036,9,Jeu,0.5,0,4,1,0
CMD200678,CLI10657,Sokodé,Alimentaire,Application mobile,Mobile Money,,F,534.0,0,4,14017,6.1,3030,55678,1,Sam,,0,4,1,0
CMD200679,CLI10563,Lomé,Téléphonie,Réseaux sociaux,Mobile Money,20.0,H,680.0,0,4,89808,5.6,2486,341601,3,Mer,0.5,0,4,1,1
CMD200680,CLI11091,Lomé,Téléphonie,Application mobile,Espèces à la livraison,30.0,F,258.0,0,2,26034,6.5,2142,50826,5,Ven,2.3,0,3,0,0
CMD200681,CLI10778,Kara,Mode,Site web,Mobile Money,42.0,F,341.0,0,5,26148,0.0,3647,134387,2,Jeu,3.4,0,3,0,0
CMD200682,CLI11179,Kpalimé,Mode,Application mobile,Espèces à la livraison,27.0,F,82.0,0,3,12711,9.7,2891,37325,10,Sam,4.8,0,4,1,0
CMD200683,CLI10546,Sokodé,Maison,Application mobile,Mobile Money,30.0,F,837.0,0,3,24023,2.7,3564,73687,12,Mer,0.5,0,3,0,0
CMD200684,CLI10515,Atakpamé,Téléphonie,Réseaux sociaux,Mobile Money,35.0,F,135.0,1,2,56229,9.1,2676,104900,7,Sam,3.2,0,5,1,0
CMD200685,CLI11109,Sokodé,Mode,Réseaux sociaux,Espèces à la livraison,36.0,H,486.0,1,2,8557,19.9,3435,17143,4,Mer,3.7,0,4,1,0
CMD200686,CLI11119,Lomé,Électronique,Site web,Mobile Money,42.0,H,196.0,0,3,18901,,1371,58074,7,Ven,2.9,0,4,1,1
CMD200687,CLI11788,Atakpamé,Mode,Site web,Mobile Money,27.0,H,1050.0,0,5,13407,0.0,2920,69955,2,Dim,3.5,0,4,1,0
CMD200688,CLI11730,Lomé,Maison,Réseaux sociaux,Espèces à la livraison,25.0,H,412.0,0,1,40108,3.0,1182,40087,8,Lun,4.7,0,4,1,0
CMD200689,CLI11285,Kara,Électronique,Application mobile,Espèces à la livraison,33.0,H,748.0,1,4,92936,12.1,3067,329830,5,Sam,2.5,0,4,1,0
CMD200690,CLI10874,Lomé,Électronique,Site web,Mobile Money,37.0,F,803.0,0,4,58587,4.4,1031,225068,1,Mar,2.5,0,4,1,0
CMD200691,CLI11504,Sokodé,Mode,Site web,Espèces à la livraison,21.0,F,131.0,0,1,9851,8.2,2101,11144,12,Mar,4.5,0,4,1,0
CMD200692,CLI10539,Lomé,Mode,Réseaux sociaux,Mobile Money,34.0,F,11.0,1,2,6398,6.6,1588,13539,8,Sam,3.4,0,5,1,0
CMD200693,CLI10764,Lomé,Maison,Application mobile,Mobile Money,26.0,H,301.0,0,3,19586,0.0,2310,61068,6,Ven,3.2,0,4,1,0
CMD200694,CLI11531,Lomé,Beauté,Application mobile,Carte bancaire,31.0,H,190.0,0,2,14667,0.0,2134,31468,1,Dim,4.0,0,4,1,0
CMD200695,CLI11061,Lomé,Téléphonie,Site web,Espèces à la livraison,41.0,F,943.0,1,2,111355,7.1,1159,208057,9,Dim,3.6,0,4,1,0
CMD200696,CLI10261,Sokodé,Beauté,Site web,Espèces à la livraison,23.0,F,408.0,0,3,15517,8.7,3008,45509,4,Ven,1.8,0,3,0,0
CMD200697,CLI11154,Lomé,Maison,Site web,Carte bancaire,24.0,H,630.0,0,2,10464,0.0,1962,22890,8,Sam,4.4,0,4,1,0
CMD200698,CLI10653,Lomé,Téléphonie,Application mobile,Mobile Money,19.0,F,664.0,0,2,43281,0.0,1788,88350,10,Lun,1.1,0,4,1,0
CMD200699,CLI10194,Sokodé,Mode,Réseaux sociaux,Mobile Money,38.0,F,115.0,0,3,12469,0.0,3346,40753,2,Mer,0.5,0,4,1,0
CMD200700,CLI11767,Kara,Mode,Site web,Espèces à la livraison,35.0,H,210.0,0,1,7004,0.0,2567,9571,3,Lun,1.3,0,3,0,0
CMD200701,CLI11170,Lomé,Beauté,Application mobile,Espèces à la livraison,45.0,F,527.0,1,5,18910,6.5,1279,89683,5,Sam,2.5,0,3,0,0
CMD200702,CLI10666,Lomé,Téléphonie,Application mobile,Mobile Money,30.0,F,853.0,1,2,94841,19.1,1914,155367,6,Mer,,0,5,1,1
CMD200703,CLI11767,Lomé,Mode,Réseaux sociaux,Espèces à la livraison,34.0,F,280.0,1,1,4283,6.0,1455,5481,4,Sam,3.5,0,4,1,0
CMD200704,CLI10904,Lomé,Alimentaire,Application mobile,Mobile Money,,F,814.0,0,3,8534,0.0,1947,27549,9,Ven,5.1,1,3,0,0
CMD200705,CLI11023,Atakpamé,Beauté,Application mobile,Mobile Money,33.0,H,231.0,1,5,7766,18.0,2269,34110,1,Mar,,0,4,1,0
CMD200706,CLI11351,Lomé,Maison,Application mobile,Mobile Money,40.0,F,3.0,0,3,10812,9.0,1683,31200,8,Lun,2.7,0,4,1,0
CMD200707,CLI10290,Sokodé,Alimentaire,Application mobile,Mobile Money,39.0,F,397.0,0,3,8693,0.0,3135,29214,6,Mer,,1,4,1,0
CMD200708,CLI11325,Lomé,Téléphonie,Application mobile,Mobile Money,28.0,F,73.0,0,5,100058,0.0,1828,502118,2,Jeu,2.5,0,4,1,0
CMD200709,CLI11435,Lomé,Mode,Réseaux sociaux,Espèces à la livraison,30.0,H,1180.0,0,4,16957,0.0,1431,69259,9,Ven,1.5,0,5,1,0
CMD200710,CLI10588,Sokodé,Maison,Application mobile,Mobile Money,,F,878.0,0,1,20767,0.0,2814,23581,2,Sam,5.4,1,4,1,0
CMD200711,CLI10881,Lomé,Mode,Site web,Carte bancaire,18.0,F,225.0,0,1,11606,0.0,978,12584,10,Jeu,4.9,0,5,1,0
CMD200712,CLI10709,Lomé,Électronique,Application mobile,Espèces à la livraison,29.0,F,260.0,1,2,63342,5.8,1707,121043,12,Mar,2.4,0,4,1,0
CMD200713,CLI10318,Lomé,Mode,Application mobile,Mobile Money,38.0,F,161.0,0,5,28390,0.0,1506,143456,9,Ven,4.1,0,4,1,0
CMD200714,CLI10351,Lomé,Maison,Site web,Mobile Money,38.0,H,410.0,0,5,40278,0.0,1135,202525,7,Sam,2.5,0,4,1,0
CMD200715,CLI11182,Kpalimé,Électronique,Réseaux sociaux,Mobile Money,25.0,H,231.0,0,3,23779,0.0,3303,74640,6,Sam,3.6,0,4,1,0
CMD200716,CLI10397,Lomé,Électronique,Site web,Mobile Money,31.0,H,1228.0,0,2,17557,0.0,1600,36714,11,Lun,0.5,0,4,1,0
CMD200717,CLI11611,Lomé,Maison,Application mobile,Mobile Money,37.0,F,701.0,0,2,24049,7.1,1700,46383,10,Jeu,0.9,0,4,1,0
CMD200718,CLI10125,Kara,Électronique,Site web,Mobile Money,18.0,F,1333.0,0,3,68528,0.0,3376,208960,10,Mar,6.1,1,3,0,0
CMD200719,CLI10090,Lomé,Électronique,Application mobile,Carte bancaire,28.0,H,90.0,0,4,38676,0.0,1930,156634,6,Lun,0.7,0,4,1,0
CMD200720,CLI10759,Lomé,Maison,Application mobile,Mobile Money,40.0,H,233.0,0,2,17710,9.6,1396,33416,6,Sam,2.9,0,4,1,0
CMD200721,CLI10647,Lomé,Téléphonie,Site web,Mobile Money,37.0,F,302.0,0,2,53430,0.0,958,107818,8,Sam,,0,4,1,1
CMD200722,CLI11656,Kpalimé,Électronique,Application mobile,Mobile Money,28.0,H,383.0,0,3,29958,3.2,2421,89419,5,Sam,2.8,0,3,0,0
CMD200723,CLI10879,Lomé,Alimentaire,Application mobile,Espèces à la livraison,28.0,H,294.0,0,3,3149,9.9,1667,10179,1,Ven,3.9,0,5,1,0
CMD200724,CLI10342,Lomé,Électronique,Site web,Espèces à la livraison,28.0,H,679.0,0,2,18368,0.0,1080,37816,11,Dim,5.4,1,4,1,0
CMD200725,CLI10448,Sokodé,Maison,Application mobile,Mobile Money,24.0,H,238.0,0,2,24370,0.0,2464,51204,5,Mer,4.3,0,3,0,0
CMD200726,CLI11399,Kpalimé,Électronique,Application mobile,Mobile Money,35.0,H,226.0,1,1,117269,,2725,104749,12,Sam,2.0,0,4,1,0
CMD200727,CLI10325,Lomé,Téléphonie,Application mobile,Carte bancaire,26.0,F,74.0,1,3,3973,16.9,1064,10969,2,Lun,,0,3,0,0
CMD200728,CLI10278,Lomé,Mode,Application mobile,Mobile Money,36.0,H,920.0,0,3,3669,0.0,1378,12385,7,Mer,5.0,0,4,1,0
CMD200729,CLI10834,Sokodé,Mode,Application mobile,Carte bancaire,45.0,F,203.0,0,1,14391,0.0,2080,16471,1,Dim,2.4,0,4,1,0
CMD200730,CLI11542,Lomé,Alimentaire,Application mobile,Mobile Money,23.0,H,13.0,1,3,5330,13.5,1356,15187,9,Sam,3.1,0,4,1,0
CMD200731,CLI11245,Lomé,Beauté,Application mobile,Espèces à la livraison,28.0,F,51.0,0,1,9328,0.0,1727,11055,7,Dim,5.4,1,4,1,0
CMD200732,CLI11398,Lomé,Beauté,Application mobile,Mobile Money,33.0,H,282.0,0,1,10856,0.0,1539,12395,2,Sam,4.2,0,4,1,0
CMD200733,CLI11135,Lomé,Mode,Réseaux sociaux,Mobile Money,46.0,F,8.0,1,1,18116,8.1,1442,18091,5,Mar,1.9,0,5,1,0
CMD200734,CLI11384,Lomé,Mode,Site web,Espèces à la livraison,37.0,F,337.0,0,2,24708,0.0,1272,50688,11,Jeu,0.5,0,4,1,0
CMD200735,CLI10863,Kara,Alimentaire,Réseaux sociaux,Espèces à la livraison,32.0,H,363.0,0,1,6357,0.0,3701,10058,11,Ven,3.3,0,4,1,0
CMD200736,CLI11761,Lomé,Maison,Réseaux sociaux,Espèces à la livraison,25.0,F,373.0,1,1,25766,13.1,695,23086,10,Lun,1.6,0,5,1,0
CMD200737,CLI11118,Kara,Maison,Réseaux sociaux,Espèces à la livraison,34.0,F,1081.0,0,4,28853,0.0,2215,117627,1,Ven,5.4,1,4,1,0
CMD200738,CLI10539,Lomé,Électronique,Application mobile,Mobile Money,26.0,F,119.0,0,4,12482,3.1,1631,50011,4,Ven,2.9,0,4,1,0
CMD200739,CLI10197,Lomé,Électronique,Application mobile,Mobile Money,20.0,F,150.0,1,2,72124,19.0,1340,118181,6,Mar,2.9,0,5,1,0
CMD200740,CLI10423,Sokodé,Mode,Site web,Mobile Money,40.0,F,565.0,0,2,5545,0.0,2692,13782,11,Mer,3.7,0,3,0,0
CMD200741,CLI11046,Lomé,Mode,Application mobile,Mobile Money,33.0,F,167.0,1,2,1500,15.5,1651,4186,11,Sam,3.0,0,4,1,0
CMD200742,CLI10949,Lomé,Électronique,Application mobile,Mobile Money,18.0,F,1185.0,0,1,69456,2.7,1308,68889,3,Mer,3.1,0,4,1,0
CMD200743,CLI11661,Atakpamé,Électronique,Réseaux sociaux,Carte bancaire,,F,92.0,0,2,34861,0.0,3307,73029,4,Sam,3.4,0,3,0,0
CMD200744,CLI10502,Dapaong,Alimentaire,Application mobile,Espèces à la livraison,18.0,H,472.0,1,2,7357,19.3,4165,16039,4,Sam,2.1,0,5,1,0
CMD200745,CLI11274,Atakpamé,Maison,Site web,Mobile Money,23.0,H,254.0,0,3,14014,0.0,2646,44688,11,Dim,6.7,1,4,1,0
CMD200746,CLI10399,Lomé,Alimentaire,Application mobile,Mobile Money,24.0,H,497.0,1,2,7539,18.7,956,13214,12,Lun,0.5,0,5,1,0
CMD200747,CLI10485,Lomé,Alimentaire,Application mobile,Carte bancaire,35.0,H,29.0,0,4,2364,0.0,1713,11169,8,Mer,,0,3,0,0
CMD200748,CLI11774,Kpalimé,Mode,Application mobile,Mobile Money,41.0,F,143.0,1,3,18724,14.1,2359,50611,4,Mar,1.7,0,5,1,0
CMD200749,CLI11553,Lomé,Mode,Site web,Espèces à la livraison,30.0,H,285.0,0,4,11590,8.2,2043,44601,1,Ven,,0,4,1,0
CMD200750,CLI10194,Sokodé,Beauté,Application mobile,Mobile Money,34.0,H,44.0,0,2,10360,0.0,3051,23771,8,Ven,4.0,0,5,1,0
CMD200751,CLI11420,Kpalimé,Alimentaire,Site web,Mobile Money,24.0,F,160.0,0,3,9500,0.0,2216,30716,8,Jeu,3.1,0,4,1,0
CMD200752,CLI10750,Lomé,Électronique,Site web,Espèces à la livraison,42.0,F,116.0,0,2,35606,2.7,1113,70402,9,Ven,0.6,0,4,1,0
CMD200753,CLI10203,Lomé,Beauté,Réseaux sociaux,Mobile Money,25.0,F,260.0,1,3,10907,9.1,1390,31133,3,Lun,4.8,0,5,1,0
CMD200754,CLI11547,Lomé,Mode,Site web,Mobile Money,36.0,H,1.0,0,1,18995,0.0,1141,20136,9,Ven,,0,4,1,0
CMD200755,CLI10409,Atakpamé,Mode,Réseaux sociaux,Carte bancaire,18.0,F,1313.0,0,2,13999,0.0,1934,29932,7,Mar,4.4,0,4,1,0
CMD200756,CLI11643,Atakpamé,Mode,Site web,Mobile Money,30.0,F,163.0,1,3,22153,18.8,2689,56654,9,Dim,3.4,0,4,1,0
CMD200757,CLI11383,Lomé,Beauté,Site web,Mobile Money,29.0,F,250.0,0,2,5848,0.0,1840,13536,3,Jeu,2.1,0,5,1,0
CMD200758,CLI10687,Lomé,Mode,Réseaux sociaux,Espèces à la livraison,18.0,F,124.0,0,1,34062,7.9,2091,33462,3,Dim,6.0,1,5,1,1
CMD200759,CLI11281,Lomé,Électronique,Site web,Mobile Money,36.0,H,469.0,1,4,57739,14.2,1574,199734,5,Lun,2.5,0,5,1,0
CMD200760,CLI10529,Atakpamé,Électronique,Site web,Espèces à la livraison,18.0,H,91.0,0,2,15071,0.0,3060,33202,3,Lun,5.1,1,3,0,0
CMD200761,CLI10815,Sokodé,Maison,Application mobile,Mobile Money,18.0,H,28.0,1,2,24935,10.8,2738,47222,12,Mer,2.1,0,5,1,0
CMD200762,CLI10967,Lomé,Maison,Site web,Mobile Money,37.0,F,394.0,0,1,19007,8.4,1180,18590,5,Mer,4.0,0,5,1,0
CMD200763,CLI10580,Dapaong,Électronique,Site web,Mobile Money,46.0,H,103.0,0,3,23771,0.0,3418,74731,12,Mer,4.2,0,4,1,0
CMD200764,CLI10124,Atakpamé,Électronique,Application mobile,Mobile Money,33.0,F,681.0,1,3,70801,10.1,2778,193728,10,Mar,1.1,0,5,1,0
CMD200765,CLI11159,Kpalimé,Mode,Application mobile,Mobile Money,27.0,H,525.0,1,3,15245,10.4,2429,43408,3,Ven,2.6,0,4,1,0
CMD200766,CLI10388,Kpalimé,Mode,Application mobile,Espèces à la livraison,42.0,F,196.0,0,3,1740,0.0,1914,7134,5,Mar,4.4,0,5,1,0
CMD200767,CLI10534,Lomé,Alimentaire,Site web,Mobile Money,24.0,F,51.0,0,3,3038,,1797,10227,8,Lun,3.8,0,4,1,0
CMD200768,CLI10841,Lomé,Mode,Application mobile,Mobile Money,35.0,H,409.0,1,2,1500,11.4,1451,4109,3,Ven,0.5,0,4,1,0
CMD200769,CLI10266,Kara,Maison,Application mobile,Espèces à la livraison,21.0,H,1278.0,0,2,18431,0.0,2882,39744,10,Dim,3.8,0,3,0,1
CMD200770,CLI10669,Dapaong,Téléphonie,Application mobile,Mobile Money,23.0,H,574.0,0,4,12784,5.8,3593,51763,1,Jeu,5.3,1,4,1,0
CMD200771,CLI11461,Sokodé,Beauté,Site web,Mobile Money,41.0,F,178.0,0,3,19402,9.3,3516,56309,5,Lun,5.0,0,2,0,1
CMD200772,CLI11110,Sokodé,Téléphonie,Réseaux sociaux,Espèces à la livraison,18.0,H,261.0,1,5,92078,17.3,2540,383283,6,Sam,3.9,0,4,1,0
CMD200773,CLI11418,Sokodé,Maison,Application mobile,Mobile Money,45.0,F,437.0,0,1,2738,0.0,3558,6296,11,Lun,4.1,0,4,1,0
CMD200774,CLI10943,Dapaong,Beauté,Site web,Mobile Money,21.0,F,22.0,0,2,5945,0.0,3566,15456,2,Sam,2.6,0,4,1,0
CMD200775,CLI11461,Dapaong,Mode,Site web,Mobile Money,26.0,F,88.0,0,2,17009,0.0,3648,37666,4,Dim,7.1,1,4,1,0
CMD200776,CLI10787,Lomé,Mode,Réseaux sociaux,Mobile Money,43.0,F,434.0,0,1,18804,5.3,1264,19071,7,Dim,4.8,0,4,1,0
CMD200777,CLI10326,Lomé,Beauté,Application mobile,Mobile Money,38.0,H,719.0,0,6,2021,7.3,1147,12388,5,Ven,3.0,0,4,1,0
CMD200778,CLI11417,Sokodé,Électronique,Application mobile,Espèces à la livraison,29.0,F,,0,4,66636,0.0,2148,268692,1,Jeu,2.5,0,3,0,0
CMD200779,CLI10392,Lomé,Maison,Application mobile,Mobile Money,36.0,H,55.0,0,5,47454,5.4,1614,226071,2,Jeu,3.0,0,4,1,0
CMD200780,CLI10959,Lomé,Beauté,Application mobile,Mobile Money,33.0,F,233.0,0,3,9015,4.8,1454,27201,10,Dim,4.6,0,4,1,0
CMD200781,CLI11747,Lomé,Électronique,Site web,Espèces à la livraison,22.0,H,30.0,0,3,46204,0.0,1839,140451,11,Mer,1.8,0,4,1,0
CMD200782,CLI10519,Atakpamé,Mode,Réseaux sociaux,Mobile Money,35.0,H,442.0,0,2,22363,7.0,2609,44204,4,Dim,3.9,0,5,1,0
CMD200783,CLI10746,Dapaong,Maison,Application mobile,Carte bancaire,32.0,F,206.0,0,3,8819,0.0,4211,30668,8,Ven,3.8,0,4,1,0
CMD200784,CLI10354,Kpalimé,Maison,Réseaux sociaux,Carte bancaire,36.0,F,310.0,0,2,19607,0.0,2238,41452,12,Lun,3.6,0,3,0,0
CMD200785,CLI11688,Dapaong,Mode,Site web,Mobile Money,34.0,H,18.0,0,4,15051,0.0,4075,64279,5,Lun,5.3,1,3,0,0
CMD200786,CLI10226,Kpalimé,Mode,Application mobile,Carte bancaire,48.0,F,70.0,0,5,19089,0.0,2482,97927,9,Mar,2.4,0,3,0,0
CMD200787,CLI11224,Lomé,Mode,Site web,Mobile Money,19.0,F,344.0,1,2,36624,7.6,1972,69653,4,Dim,4.0,0,5,1,1
CMD200788,CLI10694,Lomé,Électronique,Site web,Mobile Money,38.0,F,25.0,0,3,50468,8.6,1634,140017,6,Sam,3.8,0,5,1,0
CMD200789,CLI11177,Lomé,Électronique,Réseaux sociaux,Espèces à la livraison,30.0,H,24.0,1,4,21478,8.9,593,78859,7,Lun,4.8,0,5,1,0
CMD200790,CLI10692,Lomé,Beauté,Réseaux sociaux,Carte bancaire,23.0,F,717.0,0,4,8840,0.0,1743,37103,7,Mar,2.9,0,4,1,0
CMD200791,CLI10380,Lomé,Mode,Réseaux sociaux,Espèces à la livraison,42.0,H,19.0,0,1,14432,2.2,943,15057,2,Jeu,4.2,0,4,1,0
CMD200792,CLI10169,Lomé,Beauté,Site web,Mobile Money,36.0,H,458.0,1,1,8630,6.2,1681,9776,9,Ven,2.3,0,5,1,0
CMD200793,CLI10187,Sokodé,Maison,Réseaux sociaux,Mobile Money,33.0,H,146.0,0,1,19012,0.0,2979,21991,4,Jeu,3.5,0,4,1,0
CMD200794,CLI11187,Lomé,Électronique,Application mobile,Mobile Money,33.0,H,68.0,0,2,35442,0.0,1032,71916,5,Ven,1.6,0,5,1,0
CMD200795,CLI11237,Lomé,Maison,Réseaux sociaux,Mobile Money,42.0,F,772.0,0,3,15558,8.4,1557,44310,6,Sam,0.8,0,5,1,0
CMD200796,CLI10481,Kpalimé,Électronique,Réseaux sociaux,Espèces à la livraison,36.0,H,175.0,0,1,31520,0.0,2287,33807,3,Ven,1.2,0,4,1,0
CMD200797,CLI10808,Sokodé,Mode,Réseaux sociaux,Espèces à la livraison,29.0,F,23.0,1,3,9037,15.5,3067,25976,1,Sam,1.7,0,5,1,0
CMD200798,CLI11334,Lomé,Mode,Application mobile,Mobile Money,33.0,H,133.0,0,4,13551,0.0,1373,55577,12,Ven,0.5,0,4,1,0
CMD200799,CLI11096,Atakpamé,Maison,Application mobile,Mobile Money,36.0,F,1034.0,0,4,40195,0.0,2500,163280,7,Dim,6.2,1,4,1,0
CMD200800,CLI11427,Kpalimé,Mode,Application mobile,Espèces à la livraison,18.0,F,561.0,0,4,25178,0.0,2389,103101,10,Dim,2.0,0,4,1,0
CMD200801,CLI10518,Lomé,Maison,Site web,Espèces à la livraison,29.0,H,538.0,0,3,14731,0.0,1531,45724,12,Mer,3.1,0,4,1,0
CMD200802,CLI11144,Lomé,Alimentaire,Site web,Mobile Money,20.0,F,214.0,0,4,9318,0.0,1266,38538,2,Sam,4.3,0,3,0,0
CMD200803,CLI10150,Lomé,Beauté,Application mobile,Mobile Money,40.0,H,459.0,0,4,8167,0.0,1850,34518,5,Jeu,5.0,0,3,0,0
CMD200804,CLI11715,Kpalimé,Beauté,Application mobile,Mobile Money,20.0,H,706.0,0,6,15927,8.1,2819,90640,12,Jeu,5.5,1,4,1,0
CMD200805,CLI11647,Lomé,Mode,Réseaux sociaux,Mobile Money,42.0,F,276.0,0,4,21690,0.0,1897,88657,11,Ven,2.0,0,4,1,0
CMD200806,CLI11368,Lomé,Alimentaire,Site web,Espèces à la livraison,38.0,F,184.0,0,4,5654,0.0,796,23412,4,Ven,4.7,0,4,1,0
CMD200807,CLI10082,Lomé,Beauté,Site web,Mobile Money,37.0,H,1008.0,0,3,12802,0.0,1710,40116,1,Lun,,0,4,1,0
CMD200808,CLI11141,Lomé,Téléphonie,Application mobile,Mobile Money,42.0,F,405.0,0,4,103479,3.5,1798,401227,12,Mar,5.4,1,4,1,0
CMD200809,CLI10179,Lomé,Électronique,Application mobile,Mobile Money,18.0,F,570.0,0,3,29136,7.1,1495,82697,12,Mer,3.6,0,4,1,0
CMD200810,CLI10444,Lomé,Beauté,Application mobile,Carte bancaire,25.0,F,255.0,0,3,10101,,1662,31965,9,Ven,4.1,0,4,1,0
CMD200811,CLI10099,Lomé,Mode,Site web,Mobile Money,18.0,F,174.0,1,1,12368,18.6,1592,11660,1,Dim,2.6,0,5,1,0
CMD200812,CLI11593,Lomé,Maison,Application mobile,Espèces à la livraison,48.0,H,41.0,0,3,38603,0.0,1437,117246,1,Jeu,2.9,0,4,1,0
CMD200813,CLI10447,Lomé,Alimentaire,Application mobile,Mobile Money,35.0,F,111.0,1,1,10020,10.0,2133,11151,5,Mer,5.5,1,4,1,0
CMD200814,CLI10758,Lomé,Beauté,Application mobile,Mobile Money,30.0,F,519.0,0,2,6045,0.0,1564,13654,11,Dim,4.0,0,4,1,0
CMD200815,CLI10678,Lomé,Alimentaire,Application mobile,Mobile Money,26.0,F,45.0,0,2,10940,0.0,1359,23239,11,Ven,,0,4,1,0
CMD200816,CLI11786,Lomé,Mode,Réseaux sociaux,Mobile Money,21.0,F,949.0,0,3,16657,0.0,1546,51517,7,Lun,1.9,0,3,0,0
CMD200817,CLI11654,Sokodé,Mode,Réseaux sociaux,Mobile Money,,F,48.0,1,2,26760,16.7,2386,46968,10,Sam,3.5,0,4,1,0
CMD200818,CLI11791,Kpalimé,Beauté,Application mobile,Espèces à la livraison,29.0,F,18.0,1,4,13923,7.4,3107,54678,11,Ven,3.0,0,4,1,0
CMD200819,CLI10315,Lomé,Maison,Site web,Mobile Money,51.0,F,1235.0,0,2,24317,0.0,1987,50621,1,Sam,3.6,0,4,1,0
CMD200820,CLI11354,Sokodé,Beauté,Application mobile,Espèces à la livraison,34.0,H,515.0,0,2,7487,0.0,3253,18227,5,Sam,1.3,0,4,1,0
CMD200821,CLI10548,Atakpamé,Alimentaire,Réseaux sociaux,Espèces à la livraison,39.0,F,78.0,0,2,1949,0.0,2237,6135,12,Mer,5.4,1,4,1,0
CMD200822,CLI10680,Lomé,Alimentaire,Site web,Mobile Money,30.0,H,33.0,0,2,6943,0.0,1699,15585,3,Mer,1.5,0,5,1,0
CMD200823,CLI10363,Lomé,Maison,Application mobile,Mobile Money,32.0,H,9.0,0,2,25399,0.0,1796,52594,8,Jeu,,0,4,1,0
CMD200824,CLI11139,Lomé,Téléphonie,Réseaux sociaux,Carte bancaire,48.0,F,33.0,0,6,131004,,1136,767509,10,Sam,1.5,0,5,1,0
CMD200825,CLI11100,Kara,Électronique,Application mobile,Carte bancaire,40.0,H,52.0,0,3,3618,0.0,3290,14144,2,Mar,4.5,0,3,0,0
CMD200826,CLI10869,Kara,Électronique,Application mobile,Mobile Money,40.0,H,35.0,0,2,27479,0.0,3195,58153,8,Lun,4.5,0,5,1,0
CMD200827,CLI11227,Lomé,Électronique,Application mobile,Mobile Money,36.0,H,325.0,1,5,56955,12.8,1855,250179,10,Ven,2.7,0,5,1,0
CMD200828,CLI10083,Kpalimé,Alimentaire,Application mobile,Espèces à la livraison,22.0,H,363.0,1,2,1701,14.9,2439,5334,11,Lun,2.5,0,4,1,0
CMD200829,CLI10822,Lomé,Alimentaire,Application mobile,Espèces à la livraison,46.0,H,124.0,0,3,9823,0.0,1583,31052,12,Sam,2.1,0,4,1,0
CMD200830,CLI11598,Dapaong,Alimentaire,Site web,Carte bancaire,40.0,F,294.0,0,2,1500,8.3,3652,6403,12,Sam,,0,4,1,0
CMD200831,CLI10281,Atakpamé,Beauté,Application mobile,Mobile Money,32.0,F,493.0,0,1,6634,0.0,2166,8800,8,Sam,1.4,0,4,1,0
CMD200832,CLI10458,Sokodé,Mode,Site web,Mobile Money,55.0,F,289.0,0,2,11104,6.8,2250,22948,11,Dim,4.2,0,5,1,0
CMD200833,CLI10392,Lomé,Téléphonie,Site web,Mobile Money,,F,11.0,0,2,1500,0.0,1398,4398,1,Sam,2.7,0,4,1,0
CMD200834,CLI11520,Atakpamé,Téléphonie,Réseaux sociaux,Espèces à la livraison,26.0,F,447.0,1,1,72419,15.9,3006,63910,6,Ven,5.6,1,3,0,0
CMD200835,CLI11632,Kara,Électronique,Application mobile,Mobile Money,18.0,H,243.0,0,3,44880,0.0,2672,137312,9,Ven,4.1,0,4,1,0
CMD200836,CLI10010,Atakpamé,Mode,Site web,Mobile Money,18.0,H,76.0,0,2,19957,0.0,2668,42582,6,Mar,3.6,0,4,1,0
CMD200837,CLI11579,Lomé,Mode,Site web,Mobile Money,31.0,H,106.0,0,1,18619,3.8,1628,19539,9,Mar,4.7,0,4,1,0
CMD200838,CLI10127,Kara,Maison,Application mobile,Espèces à la livraison,41.0,H,36.0,0,4,30678,0.0,2930,125642,8,Jeu,4.4,0,4,1,0
CMD200839,CLI10782,Kpalimé,Téléphonie,Site web,Mobile Money,29.0,F,129.0,0,3,76888,,1882,225165,9,Mar,2.5,0,4,1,0
CMD200840,CLI11786,Sokodé,Maison,Application mobile,Mobile Money,50.0,F,454.0,0,2,27833,0.0,3225,58891,4,Lun,1.4,0,4,1,0
CMD200841,CLI11032,Sokodé,Électronique,Site web,Mobile Money,,F,989.0,0,1,27084,0.0,2694,29778,2,Sam,0.9,0,4,1,0
CMD200842,CLI10946,Atakpamé,Beauté,Application mobile,Mobile Money,42.0,H,159.0,0,1,7305,4.2,2989,9987,8,Mer,3.3,0,4,1,0
CMD200843,CLI10863,Lomé,Beauté,Réseaux sociaux,Mobile Money,23.0,H,587.0,0,1,1500,0.0,1510,3010,11,Lun,,0,4,1,0
CMD200844,CLI10973,Lomé,Mode,Site web,Espèces à la livraison,33.0,F,30.0,1,1,14900,14.3,1731,14500,3,Sam,4.0,0,5,1,0
CMD200845,CLI11077,Sokodé,Mode,Site web,Mobile Money,35.0,H,217.0,0,2,1500,0.0,2704,5704,10,Ven,2.7,0,4,1,0
CMD200846,CLI11659,Lomé,Beauté,Application mobile,Espèces à la livraison,20.0,F,,0,3,10250,0.0,2206,32956,11,Lun,2.0,0,3,0,0
CMD200847,CLI10810,Lomé,Électronique,Application mobile,Mobile Money,32.0,H,751.0,0,1,73744,3.1,1832,73290,4,Dim,1.3,0,4,1,0
CMD200848,CLI11365,Lomé,Maison,Site web,Mobile Money,18.0,F,91.0,0,3,27116,0.0,1633,82981,3,Jeu,0.8,0,4,1,0
CMD200849,CLI10388,Atakpamé,Maison,Site web,Espèces à la livraison,34.0,F,148.0,1,2,14290,8.6,2830,28952,7,Sam,4.4,0,5,1,0
CMD200850,CLI11794,Lomé,Alimentaire,Site web,Mobile Money,36.0,H,409.0,1,2,15211,,1600,28219,7,Dim,1.6,0,5,1,0
CMD200851,CLI11582,Kara,Alimentaire,Site web,Mobile Money,18.0,F,1373.0,0,3,9513,4.0,2205,29602,1,Dim,3.5,0,5,1,0
CMD200852,CLI10026,Dapaong,Mode,Application mobile,Mobile Money,32.0,H,599.0,0,2,20621,2.9,4379,44425,1,Mar,7.5,1,4,1,0
CMD200853,CLI10994,Lomé,Mode,Réseaux sociaux,Mobile Money,19.0,F,1836.0,0,3,22633,0.0,1745,69644,5,Mar,5.0,0,4,1,0
CMD200854,CLI10168,Sokodé,Beauté,Site web,Carte bancaire,45.0,H,104.0,0,2,18071,0.0,2783,38925,9,Sam,5.8,1,4,1,0
CMD200855,CLI11782,Lomé,Téléphonie,Application mobile,Mobile Money,35.0,F,199.0,0,2,114842,0.0,2011,231695,7,Mar,1.0,0,4,1,0
CMD200856,CLI10886,Lomé,Téléphonie,Application mobile,Mobile Money,18.0,F,624.0,0,2,7822,0.0,1819,17463,1,Dim,4.4,0,4,1,0
CMD200857,CLI10490,Lomé,Mode,Application mobile,Mobile Money,21.0,H,31.0,0,3,5989,0.0,1506,19473,2,Jeu,,0,4,1,0
CMD200858,CLI11235,Lomé,Alimentaire,Site web,Espèces à la livraison,36.0,H,43.0,0,2,12365,0.0,1507,26237,10,Mer,1.8,0,4,1,0
CMD200859,CLI10996,Lomé,Maison,Application mobile,Carte bancaire,39.0,F,594.0,0,3,57083,,1419,172668,6,Ven,3.9,0,4,1,0
CMD200860,CLI11152,Lomé,Téléphonie,Application mobile,Mobile Money,46.0,F,162.0,0,4,56076,0.0,1231,225535,4,Mer,4.9,0,4,1,0
CMD200861,CLI10978,Lomé,Mode,Réseaux sociaux,Espèces à la livraison,41.0,H,1625.0,0,7,6479,0.0,1477,46830,4,Mer,2.3,0,4,1,0
CMD200862,CLI10303,Sokodé,Beauté,Site web,Carte bancaire,34.0,H,155.0,0,1,9037,0.0,2977,12014,12,Sam,2.8,0,4,1,0
CMD200863,CLI10526,Kpalimé,Maison,Application mobile,Mobile Money,40.0,F,700.0,0,4,14015,3.9,2143,56017,4,Dim,3.1,0,3,0,0
CMD200864,CLI10917,Lomé,Téléphonie,Réseaux sociaux,Mobile Money,38.0,F,62.0,0,3,30171,0.0,1548,92061,4,Jeu,2.8,0,4,1,0
CMD200865,CLI11147,Lomé,Alimentaire,Réseaux sociaux,Mobile Money,38.0,H,112.0,1,2,5527,11.7,2316,12077,7,Sam,3.7,0,4,1,0
CMD200866,CLI11022,Kara,Mode,Application mobile,Mobile Money,48.0,H,132.0,0,2,21990,0.0,3537,47517,11,Lun,,0,4,1,0
CMD200867,CLI10579,Lomé,Maison,Application mobile,Espèces à la livraison,34.0,F,591.0,1,1,25289,13.8,2218,24017,7,Dim,3.1,0,3,0,0
CMD200868,CLI10969,Lomé,Alimentaire,Site web,Mobile Money,28.0,F,156.0,0,4,3189,6.9,2197,14073,6,Mar,2.6,0,5,1,0
CMD200869,CLI10840,Sokodé,Mode,Réseaux sociaux,Espèces à la livraison,25.0,F,301.0,0,4,9526,0.0,2664,40768,2,Sam,3.4,0,3,0,0
CMD200870,CLI10742,Lomé,Téléphonie,Application mobile,Mobile Money,35.0,F,9.0,1,2,76548,7.5,1450,143064,9,Sam,3.2,0,4,1,0
CMD200871,CLI11259,Lomé,Alimentaire,Site web,Espèces à la livraison,40.0,H,441.0,0,5,4095,0.0,2157,22632,12,Jeu,0.5,0,4,1,0
CMD200872,CLI11063,Lomé,Alimentaire,Application mobile,Carte bancaire,30.0,F,303.0,0,7,4804,6.9,1467,32775,9,Dim,2.9,0,4,1,0
CMD200873,CLI11616,Atakpamé,Mode,Application mobile,Mobile Money,25.0,H,,0,2,19508,0.0,2219,41235,11,Mar,4.2,0,4,1,0
CMD200874,CLI10673,Lomé,Maison,Site web,Carte bancaire,37.0,H,251.0,1,5,20464,7.8,1642,95981,12,Mar,7.2,1,4,1,0
CMD200875,CLI11024,Lomé,Beauté,Application mobile,Mobile Money,37.0,F,143.0,1,3,14898,5.4,1519,43800,6,Lun,0.5,0,4,1,0
CMD200876,CLI11187,Lomé,Beauté,Réseaux sociaux,Mobile Money,26.0,F,551.0,0,2,15700,0.0,875,32275,7,Jeu,3.5,0,4,1,0
CMD200877,CLI10034,Lomé,Alimentaire,Site web,Mobile Money,51.0,H,434.0,0,1,2981,0.0,1700,4681,12,Lun,0.5,0,4,1,0
CMD200878,CLI11225,Lomé,Mode,Site web,Mobile Money,37.0,H,103.0,0,1,1500,0.0,1343,2843,8,Sam,,0,4,1,0
CMD200879,CLI11586,Sokodé,Téléphonie,Application mobile,Mobile Money,44.0,F,497.0,0,2,138972,0.0,3207,281151,5,Mar,2.7,0,4,1,0
CMD200880,CLI10383,Lomé,Maison,Réseaux sociaux,Mobile Money,41.0,H,345.0,1,2,11616,14.3,1420,21330,1,Sam,0.5,0,4,1,0
CMD200881,CLI11610,Kara,Alimentaire,Application mobile,Espèces à la livraison,18.0,F,877.0,0,2,8962,6.2,2698,19511,7,Ven,4.8,0,5,1,0
CMD200882,CLI10310,Sokodé,Électronique,Site web,Mobile Money,37.0,F,122.0,0,3,23249,0.0,2015,71762,4,Sam,8.1,1,2,0,0
CMD200883,CLI11388,Lomé,Beauté,Application mobile,Mobile Money,27.0,F,214.0,0,1,12699,5.3,1814,13840,2,Mer,5.7,1,4,1,0
CMD200884,CLI10790,Lomé,Beauté,Application mobile,Mobile Money,36.0,H,560.0,0,2,3218,0.0,998,7434,3,Dim,4.0,0,4,1,0
CMD200885,CLI10137,Kpalimé,Maison,Réseaux sociaux,Mobile Money,25.0,F,176.0,0,2,8541,5.6,2588,18713,5,Mer,2.5,0,3,0,0
CMD200886,CLI10657,Kara,Électronique,Application mobile,Carte bancaire,44.0,F,172.0,0,2,18416,0.0,2669,39501,5,Ven,6.4,1,4,1,0
CMD200887,CLI10413,Lomé,Électronique,Application mobile,Espèces à la livraison,30.0,H,203.0,0,3,45861,5.4,1569,131723,10,Mar,4.0,0,4,1,0
CMD200888,CLI11437,Lomé,Beauté,Site web,Mobile Money,30.0,H,275.0,0,2,3912,,1221,9045,7,Mar,3.4,0,4,1,0
CMD200889,CLI11235,Lomé,Téléphonie,Réseaux sociaux,Espèces à la livraison,39.0,H,769.0,0,1,49930,0.0,1734,51664,1,Jeu,,0,4,1,0
CMD200890,CLI11195,Lomé,Maison,Réseaux sociaux,Espèces à la livraison,49.0,F,188.0,0,4,25157,7.0,1006,94590,11,Dim,0.5,0,5,1,0
CMD200891,CLI10219,Dapaong,Alimentaire,Réseaux sociaux,Mobile Money,34.0,F,111.0,0,5,8535,4.7,3718,44387,2,Dim,3.9,0,4,1,0
CMD200892,CLI10911,Lomé,Beauté,Application mobile,Mobile Money,24.0,F,976.0,0,1,6584,0.0,1284,7868,2,Mer,4.7,0,5,1,0
CMD200893,CLI11165,Kpalimé,Alimentaire,Réseaux sociaux,Mobile Money,33.0,F,222.0,0,3,14085,0.0,2879,45134,4,Sam,3.7,0,3,0,0
CMD200894,CLI10182,Kpalimé,Électronique,Site web,Mobile Money,32.0,F,733.0,0,1,53835,0.0,1199,55034,4,Ven,2.7,0,5,1,0
CMD200895,CLI11133,Lomé,Maison,Site web,Mobile Money,35.0,F,4.0,0,4,21127,0.0,1999,86507,12,Mer,0.5,0,4,1,0
CMD200896,CLI10008,Sokodé,Alimentaire,Site web,Mobile Money,31.0,H,1169.0,1,1,6725,7.9,3088,9282,3,Ven,3.8,0,5,1,0
CMD200897,CLI11652,Lomé,Maison,Site web,Mobile Money,32.0,F,139.0,0,1,13723,7.8,961,13614,1,Lun,0.9,0,4,1,0
CMD200898,CLI10409,Kara,Alimentaire,Application mobile,Mobile Money,39.0,H,131.0,0,5,8775,0.0,2710,46585,10,Sam,5.1,1,4,1,0
CMD200899,CLI10855,Lomé,Téléphonie,Application mobile,Espèces à la livraison,45.0,F,160.0,0,4,100948,0.0,1379,405171,7,Dim,2.1,0,5,1,0
CMD200900,CLI10907,Lomé,Alimentaire,Application mobile,Mobile Money,30.0,F,543.0,0,1,3631,9.0,1477,4781,11,Lun,4.6,0,4,1,0
CMD200901,CLI11197,Lomé,Maison,Application mobile,Mobile Money,37.0,F,29.0,0,2,15644,0.0,1646,32934,8,Lun,3.7,0,3,0,0
CMD200902,CLI11284,Lomé,Alimentaire,Réseaux sociaux,Mobile Money,32.0,H,311.0,0,5,12426,0.0,853,62983,2,Ven,3.1,0,4,1,0
CMD200903,CLI11226,Atakpamé,Mode,Site web,Mobile Money,54.0,F,241.0,1,3,12778,13.7,2952,36034,4,Mer,4.1,0,3,0,0
CMD200904,CLI11297,Lomé,Beauté,Application mobile,Mobile Money,32.0,H,275.0,0,1,17406,0.0,1116,18522,6,Mar,0.6,0,4,1,0
CMD200905,CLI10307,Lomé,Alimentaire,Réseaux sociaux,Espèces à la livraison,18.0,H,934.0,0,2,13617,5.1,1862,27707,2,Ven,2.9,0,5,1,0
CMD200906,CLI10976,Atakpamé,Mode,Site web,Mobile Money,,H,33.0,0,4,14498,0.0,3077,61069,5,Sam,3.0,0,4,1,0
CMD200907,CLI11403,Lomé,Mode,Application mobile,Espèces à la livraison,,F,408.0,0,3,15124,0.0,1382,46754,3,Dim,5.6,1,2,0,0
CMD200908,CLI10366,Dapaong,Alimentaire,Application mobile,Mobile Money,18.0,F,218.0,0,2,17150,8.8,3847,35129,3,Sam,6.4,1,2,0,0
CMD200909,CLI10347,Kpalimé,Beauté,Site web,Mobile Money,26.0,H,568.0,0,1,7491,6.6,2508,9505,6,Mar,4.1,0,4,1,0
CMD200910,CLI10536,Lomé,Maison,Application mobile,Espèces à la livraison,38.0,F,142.0,1,3,23245,14.7,1806,61290,7,Sam,3.0,0,5,1,1
CMD200911,CLI10553,Lomé,Alimentaire,Réseaux sociaux,Mobile Money,47.0,H,104.0,1,4,8687,13.6,1302,31324,7,Jeu,4.7,0,3,0,0
CMD200912,CLI10457,Lomé,Maison,Application mobile,Espèces à la livraison,20.0,H,348.0,0,3,37505,9.6,1497,103211,1,Mar,1.1,0,5,1,0
CMD200913,CLI10519,Kara,Maison,Site web,Mobile Money,27.0,F,74.0,0,4,25132,0.0,3917,104445,8,Dim,5.3,1,4,1,0
CMD200914,CLI10752,Atakpamé,Électronique,Application mobile,Mobile Money,38.0,H,686.0,0,5,46676,7.9,2250,217193,4,Mer,1.0,0,4,1,0
CMD200915,CLI10244,Atakpamé,Électronique,Site web,Mobile Money,36.0,F,405.0,1,5,37530,10.0,2641,171526,11,Sam,3.9,0,4,1,0
CMD200916,CLI11381,Lomé,Beauté,Application mobile,Carte bancaire,23.0,F,232.0,0,1,2266,0.0,2293,4559,9,Ven,4.0,0,4,1,0
CMD200917,CLI10080,Lomé,Alimentaire,Site web,Carte bancaire,24.0,H,685.0,0,3,7553,0.0,2455,25114,10,Lun,4.3,0,4,1,0
CMD200918,CLI10983,Kpalimé,Électronique,Application mobile,Espèces à la livraison,29.0,F,6.0,1,3,40055,17.2,2082,101579,4,Ven,3.9,0,5,1,0
CMD200919,CLI10381,Kpalimé,Mode,Application mobile,Espèces à la livraison,35.0,H,136.0,0,1,25487,6.8,2248,26002,8,Jeu,0.5,0,4,1,0
CMD200920,CLI11266,Kara,Alimentaire,Application mobile,Mobile Money,49.0,F,1.0,0,3,11872,0.0,2965,38581,1,Dim,4.9,0,5,1,0
CMD200921,CLI10371,Kara,Mode,Application mobile,Mobile Money,28.0,H,125.0,1,4,7244,13.2,2247,27398,12,Ven,0.5,0,5,1,0
CMD200922,CLI10113,Lomé,Électronique,Site web,Espèces à la livraison,32.0,H,728.0,1,2,50040,8.1,1247,93221,8,Mer,3.8,0,5,1,0
CMD200923,CLI11270,Lomé,Maison,Application mobile,Carte bancaire,25.0,H,224.0,0,2,1500,0.0,1554,4554,11,Sam,4.4,0,4,1,0
CMD200924,CLI11224,Kara,Maison,Application mobile,Mobile Money,39.0,F,559.0,0,3,5470,0.0,3085,19495,2,Jeu,5.5,1,4,1,0
CMD200925,CLI11769,Lomé,Mode,Site web,Mobile Money,37.0,H,311.0,0,4,2142,0.0,2019,10587,8,Mer,3.0,0,4,1,0
CMD200926,CLI11176,Kpalimé,Maison,Application mobile,Espèces à la livraison,29.0,H,588.0,0,4,38221,0.0,2325,155209,11,Mar,2.3,0,4,1,0
CMD200927,CLI10200,Kara,Alimentaire,Application mobile,Espèces à la livraison,31.0,H,16.0,0,2,9994,0.0,3239,23227,6,Lun,3.9,0,4,1,0
CMD200928,CLI11468,Lomé,Maison,Site web,Espèces à la livraison,41.0,H,1833.0,0,4,10825,0.0,1754,45054,10,Dim,,0,4,1,0
CMD200929,CLI10288,Lomé,Téléphonie,Site web,Espèces à la livraison,26.0,H,73.0,0,2,38121,8.6,1708,71393,11,Lun,4.9,0,5,1,0
CMD200930,CLI10240,Lomé,Mode,Réseaux sociaux,Espèces à la livraison,43.0,F,81.0,0,3,18144,5.5,1826,53264,9,Jeu,2.0,0,5,1,0
CMD200931,CLI10278,Lomé,Beauté,Application mobile,Espèces à la livraison,30.0,F,579.0,0,3,11825,0.0,1695,37170,1,Mar,0.5,0,3,0,0
CMD200932,CLI10540,Lomé,Maison,Application mobile,Mobile Money,30.0,H,,0,3,1500,0.0,1388,5888,6,Dim,2.8,0,4,1,0
CMD200933,CLI10611,Sokodé,Mode,Réseaux sociaux,Mobile Money,26.0,H,,0,3,13206,0.0,2281,41899,5,Ven,5.6,1,3,0,0
CMD200934,CLI10979,Lomé,Électronique,Application mobile,Mobile Money,25.0,F,313.0,0,1,96807,0.0,904,97711,10,Lun,4.0,0,4,1,0
CMD200935,CLI11282,Lomé,Alimentaire,Réseaux sociaux,Carte bancaire,32.0,F,1148.0,0,2,4715,0.0,1230,10660,7,Jeu,3.3,0,4,1,1
CMD200936,CLI10507,Dapaong,Électronique,Application mobile,Mobile Money,34.0,F,394.0,0,2,64343,7.2,3496,122917,5,Mer,4.6,0,4,1,0
CMD200937,CLI10952,Lomé,Alimentaire,Application mobile,Mobile Money,45.0,F,10.0,0,1,2930,0.0,1671,4601,7,Ven,3.2,0,4,1,0
CMD200938,CLI10683,Lomé,Électronique,Application mobile,Espèces à la livraison,31.0,H,265.0,1,5,68315,17.3,1169,283652,6,Lun,3.4,0,4,1,0
CMD200939,CLI10097,Lomé,Maison,Site web,Mobile Money,29.0,F,197.0,0,3,15105,0.0,1825,47140,2,Sam,3.2,0,5,1,0
CMD200940,CLI11678,Kara,Mode,Application mobile,Espèces à la livraison,42.0,H,57.0,1,2,7972,9.5,3212,17641,3,Mer,8.6,1,3,0,0
CMD200941,CLI11006,Kara,Téléphonie,Réseaux sociaux,Mobile Money,33.0,H,847.0,1,2,38890,17.0,3022,67579,3,Jeu,3.1,0,5,1,0
CMD200942,CLI11144,Kpalimé,Électronique,Site web,Espèces à la livraison,37.0,F,391.0,1,3,24907,10.9,2229,68805,8,Mer,,0,5,1,0
CMD200943,CLI11153,Lomé,Électronique,Application mobile,Mobile Money,33.0,H,604.0,1,2,54316,6.5,1773,103344,11,Sam,3.0,0,4,1,0
CMD200944,CLI11084,Kara,Mode,Site web,Mobile Money,30.0,H,18.0,1,4,23240,19.8,3238,77792,4,Sam,2.5,0,4,1,0
CMD200945,CLI10296,Lomé,Maison,Application mobile,Espèces à la livraison,42.0,F,19.0,0,1,2199,0.0,2108,4307,10,Sam,1.5,0,4,1,0
CMD200946,CLI10411,Lomé,Maison,Site web,Mobile Money,34.0,H,1559.0,0,2,1500,7.5,1799,4574,2,Sam,5.2,1,3,0,0
CMD200947,CLI11428,Kpalimé,Mode,Application mobile,Mobile Money,30.0,F,1237.0,0,1,9279,0.0,3035,12314,11,Mar,2.4,0,3,0,0
CMD200948,CLI11788,Sokodé,Maison,Application mobile,Mobile Money,20.0,H,475.0,0,2,27617,7.1,3198,54510,6,Ven,0.5,0,5,1,0
CMD200949,CLI11537,Lomé,Électronique,Site web,Espèces à la livraison,44.0,F,393.0,0,2,70961,5.9,1043,134592,3,Jeu,1.2,0,5,1,0
CMD200950,CLI10918,Lomé,Alimentaire,Application mobile,Espèces à la livraison,36.0,F,503.0,0,3,2849,,1380,9927,6,Mar,3.6,0,4,1,0
CMD200951,CLI10476,Lomé,Mode,Réseaux sociaux,Mobile Money,33.0,F,4.0,0,2,15816,8.2,2229,31267,10,Ven,1.5,0,4,1,0
CMD200952,CLI10049,Lomé,Alimentaire,Site web,Mobile Money,26.0,H,126.0,0,2,3560,0.0,2442,9562,9,Jeu,1.7,0,3,0,0
CMD200953,CLI10795,Atakpamé,Mode,Site web,Espèces à la livraison,30.0,F,23.0,0,3,9961,3.8,3055,31802,5,Mar,3.3,0,4,1,0
CMD200954,CLI11366,Sokodé,Maison,Application mobile,Espèces à la livraison,54.0,F,594.0,0,3,28459,0.0,2623,88000,4,Jeu,5.3,1,5,1,0
CMD200955,CLI11606,Kpalimé,Alimentaire,Application mobile,Espèces à la livraison,37.0,H,,0,3,10596,0.0,2671,34459,7,Jeu,1.0,0,5,1,0
CMD200956,CLI11542,Lomé,Alimentaire,Site web,Mobile Money,41.0,F,194.0,1,2,7117,7.9,1634,14744,7,Sam,4.4,0,5,1,0
CMD200957,CLI10645,Kara,Mode,Application mobile,Espèces à la livraison,37.0,F,668.0,1,3,21468,6.0,2518,63058,10,Mar,2.4,0,5,1,0
CMD200958,CLI10821,Kara,Mode,Site web,Mobile Money,32.0,F,52.0,0,3,7639,0.0,3279,26196,8,Mar,2.0,0,4,1,0
CMD200959,CLI11365,Sokodé,Alimentaire,Site web,Mobile Money,18.0,H,477.0,0,1,11457,0.0,2693,14150,2,Mer,2.7,0,5,1,0
CMD200960,CLI11267,Lomé,Électronique,Réseaux sociaux,Mobile Money,35.0,H,346.0,0,3,49995,4.3,1420,144956,11,Mer,1.0,0,4,1,0
CMD200961,CLI11048,Dapaong,Mode,Application mobile,Espèces à la livraison,32.0,H,271.0,0,3,26685,0.0,4460,84515,1,Ven,5.9,1,2,0,0
CMD200962,CLI10859,Kara,Mode,Site web,Espèces à la livraison,30.0,H,554.0,0,2,16837,0.0,3558,37232,6,Mar,0.5,0,3,0,0
CMD200963,CLI10035,Lomé,Alimentaire,Application mobile,Espèces à la livraison,50.0,F,351.0,0,1,5958,0.0,1707,7665,8,Dim,0.5,0,4,1,0
CMD200964,CLI11797,Sokodé,Alimentaire,Site web,Mobile Money,24.0,H,268.0,0,3,11713,4.0,2074,35807,2,Ven,1.7,0,4,1,0
CMD200965,CLI10355,Lomé,Téléphonie,Réseaux sociaux,Carte bancaire,33.0,H,525.0,0,1,152483,4.0,1598,147982,6,Sam,,0,4,1,0
CMD200966,CLI11754,Sokodé,Téléphonie,Application mobile,Espèces à la livraison,39.0,F,1439.0,0,3,45658,0.0,2702,139676,5,Mar,2.2,0,4,1,0
CMD200967,CLI10413,Kpalimé,Électronique,Site web,Espèces à la livraison,40.0,H,253.0,1,2,33249,11.3,2685,61669,1,Mer,3.5,0,4,1,0
CMD200968,CLI10221,Lomé,Beauté,Application mobile,Mobile Money,27.0,H,286.0,0,1,11125,6.9,1007,11364,12,Sam,2.1,0,3,0,0
CMD200969,CLI11297,Lomé,Beauté,Site web,Mobile Money,,F,720.0,0,3,5425,5.2,1467,16896,3,Dim,,1,4,1,0
CMD200970,CLI11685,Sokodé,Électronique,Application mobile,Mobile Money,,F,42.0,0,6,27986,0.0,3035,170951,8,Dim,4.4,0,5,1,0
CMD200971,CLI11111,Lomé,Mode,Réseaux sociaux,Espèces à la livraison,45.0,F,465.0,0,3,25133,0.0,2522,77921,1,Jeu,0.5,0,4,1,0
CMD200972,CLI11241,Lomé,Mode,Site web,Mobile Money,39.0,F,921.0,0,3,6289,0.0,1386,20253,7,Ven,2.8,0,5,1,0
CMD200973,CLI10239,Dapaong,Mode,Site web,Mobile Money,22.0,F,251.0,0,3,13913,,3823,45562,3,Sam,2.5,0,4,1,0
CMD200974,CLI10858,Dapaong,Mode,Site web,Mobile Money,50.0,H,446.0,0,5,1500,8.7,4080,10928,6,Lun,3.6,0,4,1,0
CMD200975,CLI10768,Sokodé,Alimentaire,Réseaux sociaux,Espèces à la livraison,38.0,H,118.0,0,1,4473,0.0,2641,7114,4,Ven,4.2,0,4,1,0
CMD200976,CLI10121,Dapaong,Électronique,Site web,Espèces à la livraison,18.0,F,502.0,0,4,16336,0.0,3680,69024,6,Lun,5.9,1,2,0,0
CMD200977,CLI10860,Kara,Maison,Application mobile,Espèces à la livraison,37.0,H,264.0,1,1,18458,15.1,2983,18654,9,Lun,3.1,0,4,1,0
CMD200978,CLI10323,Sokodé,Beauté,Réseaux sociaux,Espèces à la livraison,27.0,F,64.0,0,1,12531,0.0,2887,15418,2,Ven,2.2,0,4,1,0
CMD200979,CLI10969,Lomé,Mode,Site web,Mobile Money,40.0,H,551.0,0,3,20815,0.0,2006,64451,9,Lun,0.5,0,5,1,0
CMD200980,CLI11623,Lomé,Mode,Application mobile,Mobile Money,18.0,H,20.0,1,5,21196,11.1,1894,96110,9,Mer,3.5,0,5,1,1
CMD200981,CLI10069,Sokodé,Téléphonie,Application mobile,Mobile Money,37.0,H,853.0,0,2,119949,8.8,2950,221737,12,Mer,3.5,0,4,1,1
CMD200982,CLI11714,Lomé,Téléphonie,Application mobile,Mobile Money,22.0,F,396.0,0,3,110343,0.0,1650,332679,3,Mer,1.0,0,4,1,0
CMD200983,CLI11135,Sokodé,Mode,Application mobile,Mobile Money,37.0,F,161.0,0,4,10870,9.4,2942,42335,11,Dim,5.9,1,3,0,1
CMD200984,CLI10158,Kpalimé,Mode,Site web,Mobile Money,37.0,F,,0,2,7487,0.0,2131,17105,10,Mer,3.0,0,4,1,1
CMD200985,CLI10494,Dapaong,Mode,Réseaux sociaux,Mobile Money,44.0,H,359.0,0,4,40856,0.0,4142,167566,3,Lun,4.5,0,4,1,0
CMD200986,CLI10479,Lomé,Téléphonie,Réseaux sociaux,Espèces à la livraison,34.0,F,100.0,0,2,106710,9.5,752,193897,3,Jeu,0.5,0,4,1,0
CMD200987,CLI11569,Lomé,Électronique,Application mobile,Mobile Money,43.0,H,112.0,0,3,27900,0.0,1541,85241,1,Lun,0.5,0,5,1,0
CMD200988,CLI10538,Lomé,Mode,Application mobile,Mobile Money,50.0,F,390.0,0,4,18925,4.4,1550,73919,3,Lun,4.0,0,4,1,0
CMD200989,CLI11395,Lomé,Téléphonie,Site web,Espèces à la livraison,35.0,F,622.0,0,3,72728,0.0,1189,219373,9,Sam,4.8,0,3,0,0
CMD200990,CLI10386,Kara,Maison,Application mobile,Mobile Money,39.0,H,295.0,0,2,40132,8.1,3336,77099,5,Mar,3.4,0,3,0,0
CMD200991,CLI11083,Lomé,Maison,Application mobile,Carte bancaire,31.0,F,725.0,0,3,22663,0.0,1303,69292,3,Sam,2.4,0,4,1,0
CMD200992,CLI11687,Lomé,Électronique,Application mobile,Espèces à la livraison,35.0,F,751.0,1,1,82615,16.4,1515,70581,12,Lun,2.1,0,5,1,0
CMD200993,CLI10041,Lomé,Alimentaire,Site web,Mobile Money,37.0,F,636.0,0,3,13580,0.0,1593,42333,10,Lun,3.9,0,3,0,0
CMD200994,CLI11403,Atakpamé,Mode,Site web,Espèces à la livraison,21.0,F,965.0,0,2,13715,0.0,2676,30106,11,Ven,4.3,0,3,0,0
CMD200995,CLI10042,Lomé,Mode,Réseaux sociaux,Mobile Money,29.0,F,1081.0,0,2,24441,8.2,1109,45983,1,Lun,5.2,1,3,0,0
CMD200996,CLI10957,Lomé,Alimentaire,Site web,Espèces à la livraison,37.0,H,72.0,0,1,11397,3.6,1163,12150,10,Mer,0.5,0,5,1,0
CMD200997,CLI11181,Lomé,Alimentaire,Site web,Espèces à la livraison,31.0,F,274.0,0,2,15199,9.6,2186,29666,12,Mer,1.9,0,4,1,0
CMD200998,CLI11699,Lomé,Mode,Application mobile,Mobile Money,38.0,H,242.0,0,1,12030,0.0,1126,13156,1,Lun,4.0,0,4,1,0
CMD200999,CLI10303,Lomé,Électronique,Site web,Espèces à la livraison,40.0,H,169.0,0,4,48160,0.0,1858,194498,1,Mer,2.8,0,5,1,0
CMD201000,CLI10491,Atakpamé,Maison,Site web,Espèces à la livraison,22.0,F,330.0,1,4,14931,19.6,2989,51007,3,Dim,0.5,0,5,1,0
CMD201001,CLI11387,Lomé,Mode,Application mobile,Espèces à la livraison,32.0,H,118.0,0,2,6923,0.0,970,14816,5,Jeu,1.8,0,4,1,1
CMD201002,CLI10762,Dapaong,Mode,Site web,Espèces à la livraison,38.0,F,1230.0,0,1,10157,4.3,4412,14132,5,Jeu,6.1,1,5,1,0
CMD201003,CLI10014,Lomé,Électronique,Site web,Mobile Money,46.0,H,729.0,1,2,60177,19.0,1358,98845,11,Mer,5.5,1,4,1,0
CMD201004,CLI10000,Lomé,Alimentaire,Site web,Mobile Money,32.0,F,66.0,0,3,9381,0.0,2410,30553,1,Sam,4.7,0,4,1,1
CMD201005,CLI10989,Lomé,Maison,Site web,Mobile Money,32.0,F,103.0,0,2,14078,4.6,1189,28050,7,Dim,3.2,0,4,1,0
CMD201006,CLI11353,Lomé,Maison,Application mobile,Mobile Money,41.0,H,107.0,0,2,32423,0.0,1366,66212,12,Dim,2.1,0,3,0,0
CMD201007,CLI10172,Atakpamé,Maison,Application mobile,Espèces à la livraison,18.0,H,465.0,1,2,1500,7.4,2892,5670,3,Sam,3.8,0,3,0,0
CMD201008,CLI11171,Lomé,Mode,Site web,Mobile Money,29.0,H,15.0,0,1,20815,0.0,1807,22622,2,Mer,4.0,0,4,1,0
CMD201009,CLI11010,Dapaong,Mode,Réseaux sociaux,Espèces à la livraison,21.0,F,462.0,0,2,7696,2.9,2873,17819,8,Ven,4.5,0,5,1,0
CMD201010,CLI11581,Lomé,Électronique,Site web,Mobile Money,39.0,F,18.0,0,6,70646,0.0,1709,425585,7,Sam,4.1,0,4,1,0
CMD201011,CLI10287,Lomé,Électronique,Application mobile,Mobile Money,39.0,F,790.0,0,4,55227,0.0,1585,222493,7,Lun,3.4,0,3,0,0
CMD201012,CLI10780,Lomé,Électronique,Application mobile,Carte bancaire,37.0,F,134.0,0,2,1500,0.0,1753,4753,9,Ven,2.0,0,4,1,0
CMD201013,CLI10792,Lomé,Électronique,Site web,Mobile Money,43.0,F,432.0,0,3,69255,4.5,1911,200327,7,Ven,0.9,0,4,1,0
CMD201014,CLI10910,Sokodé,Mode,Réseaux sociaux,Espèces à la livraison,31.0,F,,0,3,1500,0.0,2759,7259,8,Sam,3.4,0,4,1,0
CMD201015,CLI10751,Atakpamé,Mode,Application mobile,Espèces à la livraison,18.0,F,167.0,0,2,23723,5.5,3170,48006,1,Sam,4.1,0,5,1,0
CMD201016,CLI11201,Kara,Alimentaire,Application mobile,Mobile Money,36.0,H,6.0,1,2,11547,15.4,2917,22455,6,Dim,5.0,0,3,0,0
CMD201017,CLI10240,Kpalimé,Téléphonie,Réseaux sociaux,Mobile Money,33.0,F,420.0,1,3,1500,9.0,2994,7089,2,Ven,3.7,0,5,1,1
CMD201018,CLI11721,Lomé,Mode,Application mobile,Mobile Money,39.0,H,893.0,0,3,10129,3.9,2322,31524,11,Mer,1.0,0,3,0,0
CMD201019,CLI10988,Kara,Maison,Application mobile,Mobile Money,45.0,F,557.0,0,2,23803,0.0,2808,50414,1,Mer,2.3,0,4,1,0
CMD201020,CLI11567,Lomé,Mode,Application mobile,Mobile Money,28.0,H,36.0,0,3,8899,7.5,1828,26523,2,Sam,2.5,0,5,1,0
CMD201021,CLI11712,Lomé,Mode,Site web,Mobile Money,32.0,H,131.0,1,3,11567,6.6,1512,33923,6,Sam,0.5,0,4,1,0
CMD201022,CLI10610,Lomé,Alimentaire,Site web,Mobile Money,34.0,H,63.0,0,2,12652,0.0,1478,26782,3,Mer,1.9,0,4,1,0
CMD201023,CLI10977,Lomé,Maison,Application mobile,Espèces à la livraison,,H,241.0,0,2,15181,0.0,1679,32041,6,Dim,4.0,0,4,1,0
CMD201024,CLI11563,Kara,Maison,Application mobile,Mobile Money,31.0,F,59.0,1,4,11569,19.8,3436,40549,9,Sam,4.2,0,5,1,0
CMD201025,CLI11386,Kara,Alimentaire,Site web,Espèces à la livraison,35.0,H,1239.0,0,2,1500,0.0,2640,5640,11,Ven,1.8,0,5,1,0
CMD201026,CLI10841,Sokodé,Alimentaire,Application mobile,Espèces à la livraison,26.0,H,826.0,0,2,2281,0.0,2947,7509,3,Sam,6.3,1,4,1,0
CMD201027,CLI11262,Kara,Téléphonie,Application mobile,Mobile Money,21.0,F,32.0,0,4,86928,0.0,3029,350741,12,Ven,4.1,0,3,0,0
CMD201028,CLI11090,Lomé,Beauté,Site web,Mobile Money,45.0,H,516.0,0,3,12022,0.0,1574,37640,1,Mar,3.3,0,5,1,0
CMD201029,CLI10023,Lomé,Téléphonie,Application mobile,Mobile Money,36.0,F,67.0,1,1,18296,15.6,1802,17244,11,Jeu,1.7,0,4,1,0
CMD201030,CLI11593,Sokodé,Maison,Site web,Espèces à la livraison,18.0,F,16.0,0,1,26612,0.0,2792,29404,12,Ven,3.0,0,5,1,0
CMD201031,CLI11565,Lomé,Mode,Réseaux sociaux,Espèces à la livraison,43.0,F,16.0,1,5,1500,15.2,1607,7967,11,Jeu,2.1,0,5,1,1
CMD201032,CLI11260,Lomé,Maison,Application mobile,Mobile Money,28.0,H,1110.0,1,3,12092,6.6,1553,35435,12,Dim,,0,4,1,0
CMD201033,CLI10915,Lomé,Maison,Site web,Espèces à la livraison,28.0,F,100.0,0,1,38536,0.0,1497,40033,9,Lun,1.3,0,4,1,0
CMD201034,CLI10865,Lomé,Mode,Application mobile,Mobile Money,29.0,F,75.0,0,4,26001,0.0,1891,105895,10,Sam,3.5,0,4,1,0
CMD201035,CLI11511,Kpalimé,Mode,Site web,Espèces à la livraison,24.0,H,14.0,0,2,14150,0.0,2535,30835,7,Jeu,3.6,0,4,1,0
CMD201036,CLI10472,Lomé,Mode,Site web,Mobile Money,33.0,F,1204.0,0,2,8551,0.0,1717,18819,10,Sam,2.0,0,4,1,0
CMD201037,CLI11283,Kpalimé,Maison,Site web,Mobile Money,18.0,F,47.0,0,4,19808,0.0,2237,81469,10,Lun,2.4,0,4,1,0
CMD201038,CLI10308,Lomé,Alimentaire,Réseaux sociaux,Mobile Money,40.0,H,15.0,0,3,8355,0.0,1510,26575,7,Jeu,3.4,0,5,1,0
CMD201039,CLI10798,Lomé,Mode,Application mobile,Carte bancaire,34.0,F,278.0,0,3,11567,2.0,1256,35263,12,Jeu,3.2,0,4,1,0
CMD201040,CLI11708,Lomé,Mode,Réseaux sociaux,Espèces à la livraison,34.0,H,1551.0,0,2,9773,,1656,19853,5,Sam,0.5,0,3,0,0
CMD201041,CLI10137,Lomé,Alimentaire,Site web,Carte bancaire,27.0,F,334.0,0,2,7232,0.0,1795,16259,2,Mar,4.6,0,4,1,0
CMD201042,CLI10721,Sokodé,Mode,Application mobile,Mobile Money,32.0,F,212.0,0,3,22488,0.0,2597,70061,3,Sam,4.3,0,5,1,0
CMD201043,CLI10859,Lomé,Mode,Application mobile,Mobile Money,26.0,F,291.0,0,6,5947,0.0,1548,37230,7,Dim,6.4,1,4,1,0
CMD201044,CLI10065,Lomé,Mode,Application mobile,Espèces à la livraison,39.0,F,95.0,0,3,8656,6.9,2151,26327,7,Lun,4.8,0,4,1,0
CMD201045,CLI11299,Kara,Mode,Application mobile,Mobile Money,39.0,F,89.0,0,2,1500,0.0,2483,5483,11,Mer,4.9,0,4,1,0
CMD201046,CLI11539,Kara,Beauté,Site web,Mobile Money,36.0,H,344.0,0,3,1500,0.0,3595,8095,7,Jeu,5.5,1,3,0,0
CMD201047,CLI11154,Lomé,Alimentaire,Application mobile,Espèces à la livraison,27.0,H,139.0,0,4,4215,0.0,1889,18749,3,Dim,5.5,1,4,1,0
CMD201048,CLI11127,Lomé,Mode,Application mobile,Espèces à la livraison,34.0,H,133.0,0,3,19555,0.0,1998,60663,5,Lun,1.6,0,4,1,0
CMD201049,CLI11352,Kara,Électronique,Application mobile,Espèces à la livraison,29.0,F,538.0,0,4,21734,6.1,3218,84851,7,Ven,2.4,0,4,1,0
CMD201050,CLI11554,Kara,Beauté,Application mobile,Mobile Money,39.0,H,70.0,0,3,18322,0.0,3389,58355,2,Ven,5.1,1,4,1,0
CMD201051,CLI10537,Lomé,Mode,Application mobile,Mobile Money,31.0,H,173.0,1,3,21076,16.1,1228,54276,6,Sam,4.4,0,5,1,0
CMD201052,CLI10277,Atakpamé,Électronique,Site web,Espèces à la livraison,29.0,F,500.0,0,3,72616,3.5,2356,212579,4,Sam,4.1,0,3,0,0
CMD201053,CLI10064,Lomé,Mode,Application mobile,Mobile Money,43.0,F,600.0,0,2,21733,8.0,1644,41633,9,Mar,1.5,0,4,1,0
CMD201054,CLI10562,Lomé,Beauté,Site web,Espèces à la livraison,28.0,H,526.0,0,2,3997,5.1,1616,9202,11,Mar,2.7,0,5,1,0
CMD201055,CLI10667,Lomé,Électronique,Site web,Espèces à la livraison,32.0,F,329.0,0,2,60835,0.0,1194,122864,8,Sam,3.9,0,4,1,0
CMD201056,CLI10579,Lomé,Électronique,Site web,Mobile Money,43.0,F,619.0,0,4,26716,0.0,1612,108476,9,Ven,3.3,0,4,1,0
CMD201057,CLI10176,Lomé,Alimentaire,Site web,Mobile Money,18.0,H,153.0,1,4,9163,12.0,1963,34217,5,Sam,3.4,0,4,1,0
CMD201058,CLI10808,Kara,Électronique,Application mobile,Carte bancaire,23.0,H,36.0,0,6,19549,0.0,3701,120995,11,Ven,1.9,0,4,1,0
CMD201059,CLI10913,Lomé,Maison,Réseaux sociaux,Espèces à la livraison,33.0,F,62.0,0,1,8037,0.0,1256,9293,5,Jeu,1.7,0,5,1,0
CMD201060,CLI11150,Lomé,Maison,Réseaux sociaux,Mobile Money,38.0,F,57.0,0,4,6619,9.7,1969,25877,8,Ven,2.0,0,4,1,0
CMD201061,CLI10821,Atakpamé,Téléphonie,Réseaux sociaux,Espèces à la livraison,28.0,H,403.0,0,2,50957,0.0,3055,104969,10,Ven,2.5,0,4,1,0
CMD201062,CLI10205,Sokodé,Maison,Application mobile,Mobile Money,39.0,H,178.0,0,2,9912,2.3,2472,21840,8,Sam,2.6,0,4,1,0
CMD201063,CLI10542,Kara,Maison,Réseaux sociaux,Espèces à la livraison,40.0,H,557.0,0,3,29428,0.0,2802,91086,2,Lun,2.3,0,4,1,0
CMD201064,CLI11790,Sokodé,Alimentaire,Réseaux sociaux,Mobile Money,36.0,F,126.0,0,1,2592,0.0,3536,6128,2,Ven,3.7,0,5,1,0
CMD201065,CLI11710,Lomé,Électronique,Application mobile,Espèces à la livraison,19.0,F,876.0,1,1,27817,16.5,1746,24973,7,Sam,1.8,0,5,1,0
CMD201066,CLI10180,Lomé,Maison,Site web,Mobile Money,26.0,H,503.0,0,1,30072,0.0,1437,31509,5,Mer,0.5,0,5,1,0
CMD201067,CLI10691,Kpalimé,Électronique,Réseaux sociaux,Espèces à la livraison,,F,202.0,0,3,66252,3.1,1609,194204,10,Jeu,3.6,0,4,1,0
CMD201068,CLI11716,Lomé,Maison,Réseaux sociaux,Mobile Money,18.0,H,159.0,0,2,20464,0.0,1600,42528,9,Jeu,1.5,0,4,1,0
CMD201069,CLI11035,Atakpamé,Maison,Application mobile,Carte bancaire,18.0,H,337.0,0,3,28321,3.3,2608,84767,7,Dim,2.3,0,5,1,0
CMD201070,CLI10458,Lomé,Maison,Application mobile,Mobile Money,58.0,H,48.0,0,2,33007,0.0,1171,67185,12,Lun,2.3,0,5,1,0
CMD201071,CLI11383,Lomé,Mode,Application mobile,Mobile Money,34.0,H,1839.0,1,5,16599,5.5,2425,80855,4,Lun,1.6,0,4,1,0
CMD201072,CLI11013,Kara,Alimentaire,Application mobile,Mobile Money,29.0,F,880.0,0,3,7654,8.2,2474,23553,8,Ven,0.6,0,4,1,0
CMD201073,CLI11646,Kara,Mode,Site web,Mobile Money,38.0,F,439.0,1,3,19108,7.9,2973,55768,2,Mar,3.4,0,4,1,0
CMD201074,CLI11566,Lomé,Maison,Application mobile,Mobile Money,28.0,F,587.0,0,2,17749,0.0,947,36445,4,Ven,1.5,0,5,1,0
CMD201075,CLI10812,Lomé,Maison,Application mobile,Mobile Money,39.0,H,307.0,1,4,46572,10.1,2149,169622,6,Sam,3.2,0,4,1,0
CMD201076,CLI11635,Lomé,Alimentaire,Site web,Mobile Money,30.0,F,559.0,0,3,4606,3.3,1768,15130,2,Jeu,2.3,0,4,1,0
CMD201077,CLI10420,Lomé,Alimentaire,Application mobile,Espèces à la livraison,37.0,H,605.0,1,2,7062,11.7,1935,14406,2,Ven,4.2,0,4,1,0
CMD201078,CLI10606,Lomé,Téléphonie,Site web,Mobile Money,34.0,F,1937.0,0,2,71090,0.0,2293,144473,12,Mer,5.3,1,4,1,0
CMD201079,CLI10892,Lomé,Beauté,Application mobile,Mobile Money,22.0,F,753.0,0,4,4083,9.6,1342,16106,12,Mar,0.5,0,5,1,0
CMD201080,CLI10514,Lomé,Alimentaire,Application mobile,Carte bancaire,35.0,H,154.0,0,1,12938,0.0,2061,14999,6,Lun,1.7,0,4,1,0
CMD201081,CLI10781,Sokodé,Alimentaire,Application mobile,Mobile Money,37.0,H,610.0,0,3,4364,0.0,3344,16436,9,Jeu,,0,4,1,0
CMD201082,CLI11665,Lomé,Beauté,Application mobile,Espèces à la livraison,35.0,F,774.0,0,2,16643,5.7,1654,33043,4,Lun,4.4,0,5,1,0
CMD201083,CLI11424,Lomé,Maison,Site web,Mobile Money,47.0,H,158.0,1,3,30541,19.3,1738,75678,12,Jeu,3.7,0,5,1,0
CMD201084,CLI10011,Lomé,Mode,Application mobile,Espèces à la livraison,46.0,F,151.0,0,4,20510,2.1,1137,81454,11,Lun,0.5,0,5,1,0
CMD201085,CLI11544,Atakpamé,Maison,Site web,Mobile Money,38.0,F,346.0,0,2,1500,3.8,2999,5885,8,Mer,1.7,0,4,1,0
CMD201086,CLI10082,Lomé,Téléphonie,Application mobile,Mobile Money,32.0,F,77.0,0,1,92633,0.0,2267,94900,3,Sam,0.5,0,5,1,0
CMD201087,CLI10659,Lomé,Téléphonie,Application mobile,Espèces à la livraison,35.0,F,1119.0,0,3,44436,0.0,1002,134310,9,Dim,3.4,0,4,1,0
CMD201088,CLI10332,Lomé,Maison,Site web,Espèces à la livraison,31.0,F,584.0,0,1,18131,0.0,1881,20012,1,Mar,2.3,0,5,1,0
CMD201089,CLI11403,Kpalimé,Téléphonie,Réseaux sociaux,Espèces à la livraison,20.0,F,942.0,0,1,21530,7.3,2024,21982,8,Sam,2.9,0,4,1,0
CMD201090,CLI11537,Lomé,Mode,Site web,Espèces à la livraison,34.0,H,22.0,0,1,5707,0.0,856,6563,3,Ven,2.2,0,5,1,0
CMD201091,CLI11302,Lomé,Mode,Site web,Espèces à la livraison,30.0,F,73.0,1,1,12143,17.0,1752,11831,1,Mer,0.5,0,4,1,0
CMD201092,CLI10538,Kara,Alimentaire,Application mobile,Mobile Money,41.0,H,418.0,0,1,7980,0.0,2945,10925,6,Lun,3.1,0,5,1,0
CMD201093,CLI10810,Lomé,Téléphonie,Réseaux sociaux,Mobile Money,30.0,H,467.0,0,2,60025,8.6,1733,111459,5,Sam,0.9,0,5,1,0
CMD201094,CLI11300,Kara,Électronique,Application mobile,Mobile Money,43.0,H,,0,5,37772,0.0,3216,192076,9,Mar,5.5,1,3,0,0
CMD201095,CLI11532,Kpalimé,Maison,Réseaux sociaux,Espèces à la livraison,18.0,H,552.0,1,1,15073,12.8,2304,15448,9,Lun,5.0,0,4,1,0
CMD201096,CLI11553,Kara,Maison,Réseaux sociaux,Mobile Money,26.0,H,73.0,0,3,39519,3.7,2914,117084,10,Ven,3.3,0,5,1,0
CMD201097,CLI10093,Kpalimé,Électronique,Application mobile,Mobile Money,40.0,H,156.0,1,2,43030,16.6,2320,74094,6,Mer,6.4,1,4,1,0
CMD201098,CLI10690,Lomé,Alimentaire,Site web,Espèces à la livraison,33.0,H,284.0,0,4,10710,0.0,1616,44456,11,Lun,0.5,0,5,1,0
CMD201099,CLI11051,Lomé,Mode,Réseaux sociaux,Espèces à la livraison,39.0,F,173.0,1,2,18505,12.6,1708,34055,3,Lun,1.2,0,4,1,0
CMD201100,CLI11480,Sokodé,Électronique,Application mobile,Espèces à la livraison,43.0,H,601.0,0,4,64354,0.0,2621,260037,7,Sam,5.3,1,4,1,0
CMD201101,CLI10693,Lomé,Téléphonie,Application mobile,Mobile Money,41.0,F,359.0,1,1,31502,18.7,2099,27710,11,Mer,3.1,0,5,1,0
CMD201102,CLI11444,Atakpamé,Téléphonie,Réseaux sociaux,Mobile Money,37.0,F,86.0,1,1,107170,5.8,2980,103934,9,Mer,5.9,1,4,1,0
CMD201103,CLI11615,Lomé,Alimentaire,Application mobile,Mobile Money,34.0,H,414.0,0,1,1500,0.0,1834,3334,12,Mer,3.1,0,4,1,1
CMD201104,CLI11117,Atakpamé,Mode,Application mobile,Mobile Money,27.0,H,862.0,1,4,15130,18.3,2858,52303,6,Lun,2.6,0,5,1,0
CMD201105,CLI11440,Lomé,Alimentaire,Site web,Espèces à la livraison,27.0,H,98.0,0,2,9790,0.0,1867,21447,2,Dim,4.9,0,4,1,0
CMD201106,CLI11674,Kara,Électronique,Site web,Mobile Money,31.0,H,319.0,0,2,36657,0.0,2409,75723,11,Mer,6.0,1,4,1,0
CMD201107,CLI10522,Kpalimé,Électronique,Application mobile,Espèces à la livraison,41.0,F,319.0,0,2,35675,0.0,2404,73754,2,Dim,3.6,0,3,0,0
CMD201108,CLI10913,Lomé,Électronique,Application mobile,Mobile Money,44.0,H,219.0,0,1,81030,0.0,1702,82732,11,Lun,1.5,0,3,0,0
CMD201109,CLI11291,Lomé,Alimentaire,Site web,Mobile Money,,F,234.0,0,4,12969,8.8,976,48287,12,Mer,3.1,0,5,1,0
CMD201110,CLI10970,Lomé,Mode,Réseaux sociaux,Mobile Money,42.0,H,180.0,1,3,22870,8.2,1931,64915,6,Sam,3.9,0,5,1,0
CMD201111,CLI10001,Lomé,Téléphonie,Application mobile,Mobile Money,39.0,H,209.0,1,3,116506,11.0,1496,312567,12,Jeu,3.4,0,5,1,0
CMD201112,CLI11393,Sokodé,Électronique,Application mobile,Mobile Money,34.0,H,271.0,0,4,76237,0.0,3052,308000,10,Lun,6.9,1,4,1,0
CMD201113,CLI10769,Dapaong,Mode,Application mobile,Mobile Money,51.0,F,774.0,0,2,10830,0.0,4172,25832,10,Jeu,1.1,0,4,1,0
CMD201114,CLI10192,Dapaong,Mode,Application mobile,Mobile Money,24.0,F,372.0,0,4,16089,0.0,3210,67566,12,Ven,4.8,0,3,0,0
CMD201115,CLI10630,Lomé,Alimentaire,Site web,Mobile Money,44.0,F,269.0,0,1,9729,0.0,1359,11088,10,Lun,2.4,0,4,1,0
CMD201116,CLI10013,Sokodé,Électronique,Site web,Mobile Money,34.0,F,189.0,0,2,55212,0.0,2465,112889,6,Dim,4.5,0,4,1,0
CMD201117,CLI10010,Sokodé,Mode,Application mobile,Carte bancaire,33.0,H,16.0,0,5,17366,0.0,3527,90357,2,Sam,1.9,0,4,1,0
CMD201118,CLI11274,Sokodé,Téléphonie,Application mobile,Mobile Money,28.0,H,267.0,1,3,72567,10.6,2879,197504,6,Sam,0.5,0,3,0,0
CMD201119,CLI10022,Lomé,Mode,Site web,Mobile Money,30.0,H,434.0,0,4,8183,0.0,869,33601,3,Mar,2.8,0,4,1,0
CMD201120,CLI11346,Lomé,Alimentaire,Application mobile,Carte bancaire,40.0,F,662.0,0,3,7736,0.0,1267,24475,7,Lun,0.5,0,4,1,0
CMD201121,CLI11195,Sokodé,Alimentaire,Site web,Mobile Money,40.0,F,175.0,0,2,9077,,2870,21024,7,Mer,4.0,0,4,1,0
CMD201122,CLI10282,Kara,Électronique,Application mobile,Carte bancaire,18.0,F,118.0,0,2,111837,0.0,2648,226322,11,Mar,2.5,0,4,1,0
CMD201123,CLI10691,Kpalimé,Mode,Réseaux sociaux,Mobile Money,30.0,H,1347.0,0,6,25147,2.9,2566,149072,10,Jeu,1.4,0,3,0,0
CMD201124,CLI11274,Lomé,Mode,Application mobile,Mobile Money,26.0,H,20.0,0,2,30549,0.0,1242,62340,4,Mar,0.8,0,4,1,0
CMD201125,CLI10566,Kara,Alimentaire,Application mobile,Mobile Money,20.0,H,64.0,0,2,5486,,3405,14377,3,Sam,5.0,0,3,0,0
CMD201126,CLI10237,Lomé,Mode,Application mobile,Mobile Money,39.0,H,193.0,0,4,6204,0.0,1584,26400,7,Jeu,2.8,0,4,1,0
CMD201127,CLI11278,Atakpamé,Alimentaire,Site web,Espèces à la livraison,28.0,H,376.0,0,3,9696,8.9,2169,28668,5,Jeu,3.2,0,4,1,0
CMD201128,CLI10865,Atakpamé,Beauté,Application mobile,Mobile Money,32.0,H,18.0,0,1,11743,9.7,3984,14588,8,Ven,,0,5,1,0
CMD201129,CLI11516,Sokodé,Mode,Application mobile,Espèces à la livraison,32.0,F,210.0,1,3,1500,5.3,2983,7244,6,Sam,2.5,0,5,1,0
CMD201130,CLI10643,Lomé,Alimentaire,Application mobile,Mobile Money,39.0,F,236.0,0,4,8732,7.8,1485,33689,9,Ven,2.8,0,5,1,0
CMD201131,CLI10250,Dapaong,Alimentaire,Application mobile,Mobile Money,47.0,F,10.0,0,3,1500,3.0,3523,7888,3,Ven,5.4,1,3,0,0
CMD201132,CLI11642,Sokodé,Maison,Réseaux sociaux,Espèces à la livraison,27.0,F,177.0,0,4,27812,6.0,3378,107951,4,Jeu,4.4,0,3,0,0
CMD201133,CLI10249,Lomé,Maison,Application mobile,Espèces à la livraison,40.0,F,67.0,0,4,23242,0.0,1874,94842,10,Ven,3.9,0,4,1,1
CMD201134,CLI10538,Lomé,Beauté,Application mobile,Mobile Money,47.0,H,47.0,0,3,22558,0.0,1909,69583,1,Sam,0.5,0,4,1,0
CMD201135,CLI10249,Kara,Électronique,Réseaux sociaux,Mobile Money,30.0,F,72.0,1,1,50271,12.4,2779,46816,12,Dim,5.7,1,4,1,0
CMD201136,CLI10929,Lomé,Beauté,Réseaux sociaux,Espèces à la livraison,33.0,H,296.0,0,3,13350,0.0,1267,41317,3,Lun,0.5,0,4,1,1
CMD201137,CLI11515,Lomé,Beauté,Site web,Espèces à la livraison,,F,46.0,0,2,13718,0.0,2080,29516,3,Jeu,1.8,0,4,1,0
CMD201138,CLI11003,Sokodé,Électronique,Réseaux sociaux,Mobile Money,32.0,H,144.0,0,1,54221,4.3,2473,54362,9,Lun,2.9,0,4,1,0
CMD201139,CLI10393,Sokodé,Alimentaire,Site web,Mobile Money,23.0,F,190.0,0,1,5086,0.0,2675,7761,4,Mer,2.3,0,3,0,0
CMD201140,CLI10421,Kpalimé,Alimentaire,Réseaux sociaux,Espèces à la livraison,38.0,F,27.0,0,3,4610,0.0,1613,15443,5,Jeu,2.9,0,4,1,0
CMD201141,CLI10087,Lomé,Électronique,Application mobile,Espèces à la livraison,35.0,F,387.0,0,2,44765,0.0,1351,90881,1,Dim,1.6,0,4,1,0
CMD201142,CLI11047,Lomé,Mode,Site web,Mobile Money,23.0,H,206.0,0,2,22658,0.0,1196,46512,12,Jeu,2.4,0,4,1,0
CMD201143,CLI10298,Lomé,Mode,Application mobile,Mobile Money,32.0,H,176.0,0,2,24812,0.0,1547,51171,11,Ven,1.7,0,3,0,0
CMD201144,CLI10159,Lomé,Alimentaire,Application mobile,Mobile Money,26.0,H,62.0,0,2,9074,0.0,1648,19796,1,Sam,1.7,0,4,1,0
CMD201145,CLI10340,Lomé,Alimentaire,Réseaux sociaux,Mobile Money,20.0,H,569.0,0,3,7196,0.0,1987,23575,6,Dim,0.8,0,4,1,1
CMD201146,CLI10179,Lomé,Alimentaire,Site web,Mobile Money,21.0,H,21.0,0,3,6795,5.4,1965,21249,1,Sam,2.4,0,5,1,0
CMD201147,CLI10225,Sokodé,Alimentaire,Application mobile,Mobile Money,21.0,H,189.0,0,2,9054,0.0,2879,20987,4,Ven,1.5,0,3,0,0
CMD201148,CLI11660,Sokodé,Mode,Application mobile,Mobile Money,31.0,F,436.0,0,2,23374,6.6,3179,46842,9,Lun,3.1,0,5,1,0
CMD201149,CLI11364,Lomé,Maison,Application mobile,Mobile Money,41.0,F,1114.0,0,3,23627,0.0,1916,72797,3,Lun,2.8,0,4,1,0
CMD201150,CLI11360,Lomé,Maison,Application mobile,Espèces à la livraison,37.0,F,68.0,0,3,13211,0.0,2009,41642,3,Mer,1.6,0,5,1,0
CMD201151,CLI11660,Sokodé,Maison,Site web,Espèces à la livraison,42.0,H,43.0,0,2,32237,7.1,2364,62260,1,Mar,,0,4,1,0
CMD201152,CLI10895,Lomé,Mode,Application mobile,Carte bancaire,20.0,H,39.0,0,6,11240,9.8,1080,61911,9,Ven,3.0,0,3,0,0
CMD201153,CLI11291,Lomé,Maison,Réseaux sociaux,Carte bancaire,24.0,H,55.0,0,3,19268,8.1,1057,54179,2,Ven,1.9,0,4,1,0
CMD201154,CLI10572,Lomé,Électronique,Site web,Mobile Money,26.0,F,619.0,0,1,26961,0.0,1624,28585,2,Jeu,2.7,0,4,1,0
CMD201155,CLI10517,Lomé,Beauté,Site web,Mobile Money,43.0,H,951.0,0,1,8248,7.3,1891,9537,12,Jeu,3.9,0,4,1,0
CMD201156,CLI11507,Kara,Mode,Application mobile,Espèces à la livraison,38.0,H,252.0,0,2,26926,0.0,3555,57407,2,Mer,6.3,1,3,0,0
CMD201157,CLI11287,Lomé,Mode,Site web,Mobile Money,18.0,H,72.0,0,4,3558,0.0,1516,15748,9,Dim,1.9,0,4,1,0
CMD201158,CLI11203,Lomé,Électronique,Réseaux sociaux,Mobile Money,21.0,F,788.0,0,2,60886,5.6,2044,116997,3,Lun,4.6,0,5,1,0
CMD201159,CLI11241,Lomé,Électronique,Application mobile,Mobile Money,18.0,F,108.0,0,4,38047,0.0,1536,153724,8,Sam,3.9,0,4,1,0
CMD201160,CLI10704,Lomé,Électronique,Réseaux sociaux,Espèces à la livraison,43.0,F,92.0,0,3,27780,6.5,1649,79572,1,Mar,1.9,0,4,1,0
CMD201161,CLI11198,Sokodé,Mode,Site web,Espèces à la livraison,40.0,F,477.0,0,1,5477,0.0,2157,7634,6,Mer,1.8,0,4,1,1
CMD201162,CLI10669,Kpalimé,Électronique,Site web,Mobile Money,28.0,F,44.0,0,4,43612,0.0,2274,176722,2,Lun,1.2,0,4,1,0
CMD201163,CLI10914,Lomé,Maison,Application mobile,Mobile Money,27.0,H,923.0,1,3,28722,9.3,1450,79603,3,Mer,2.8,0,5,1,0
CMD201164,CLI10511,Kpalimé,Beauté,Application mobile,Espèces à la livraison,28.0,H,380.0,0,1,7343,7.0,2762,9591,6,Mar,1.5,0,4,1,0
CMD201165,CLI11253,Atakpamé,Téléphonie,Application mobile,Mobile Money,33.0,F,980.0,0,2,99231,4.3,2949,192877,12,Mer,1.3,0,4,1,0
CMD201166,CLI11639,Atakpamé,Alimentaire,Application mobile,Mobile Money,41.0,F,606.0,0,4,6278,0.0,2406,27518,12,Sam,4.4,0,4,1,0
CMD201167,CLI10115,Sokodé,Électronique,Réseaux sociaux,Mobile Money,28.0,H,306.0,0,4,38999,3.8,2866,152934,11,Mer,2.7,0,3,0,0
CMD201168,CLI11193,Sokodé,Mode,Application mobile,Mobile Money,37.0,F,502.0,0,3,27198,0.0,3376,84970,2,Jeu,3.1,0,5,1,0
CMD201169,CLI10160,Kara,Mode,Application mobile,Mobile Money,34.0,F,981.0,0,3,14936,0.0,2919,47727,6,Jeu,4.1,0,3,0,0
CMD201170,CLI10516,Lomé,Beauté,Application mobile,Mobile Money,43.0,F,374.0,0,2,8160,0.0,1471,17791,6,Lun,,0,4,1,0
CMD201171,CLI11695,Lomé,Alimentaire,Application mobile,Espèces à la livraison,,F,181.0,0,3,6269,0.0,1197,20004,7,Dim,,0,3,0,0
CMD201172,CLI10754,Kara,Téléphonie,Application mobile,Espèces à la livraison,37.0,F,,0,2,93698,0.0,2569,189965,2,Dim,5.2,1,4,1,0
CMD201173,CLI10979,Sokodé,Mode,Réseaux sociaux,Espèces à la livraison,35.0,F,1105.0,0,3,15925,0.0,3217,50992,7,Lun,5.4,1,4,1,0
CMD201174,CLI10759,Lomé,Maison,Application mobile,Espèces à la livraison,22.0,H,958.0,1,4,1500,,2020,7546,6,Jeu,0.7,0,5,1,0
CMD201175,CLI11097,Lomé,Mode,Application mobile,Mobile Money,18.0,F,1602.0,0,1,9568,0.0,1475,11043,4,Jeu,1.8,0,3,0,0
CMD201176,CLI11092,Kara,Alimentaire,Site web,Espèces à la livraison,34.0,H,757.0,0,1,3995,4.9,2666,6465,5,Sam,3.6,0,4,1,0
CMD201177,CLI11126,Kpalimé,Beauté,Application mobile,Espèces à la livraison,28.0,F,504.0,0,1,17991,0.0,1925,19916,12,Dim,0.8,0,4,1,0
CMD201178,CLI10297,Kara,Alimentaire,Réseaux sociaux,Mobile Money,36.0,F,24.0,0,5,1500,0.0,3082,10582,6,Ven,,1,2,0,1
CMD201179,CLI11162,Lomé,Alimentaire,Site web,Espèces à la livraison,36.0,F,182.0,0,1,11991,,1315,12838,11,Sam,3.5,0,4,1,0
CMD201180,CLI10197,Lomé,Téléphonie,Site web,Mobile Money,44.0,F,780.0,0,1,99275,2.5,1046,97839,10,Sam,2.1,0,4,1,0
CMD201181,CLI11001,Sokodé,Beauté,Site web,Mobile Money,32.0,F,131.0,1,2,7219,16.4,2826,14896,7,Sam,4.2,0,5,1,0
CMD201182,CLI11393,Sokodé,Maison,Réseaux sociaux,Carte bancaire,27.0,H,690.0,0,2,24798,0.0,2176,51772,11,Dim,4.3,0,4,1,0
CMD201183,CLI11646,Sokodé,Maison,Application mobile,Espèces à la livraison,46.0,H,79.0,0,1,5198,0.0,2294,7492,6,Sam,4.1,0,4,1,0
CMD201184,CLI10561,Lomé,Électronique,Application mobile,Mobile Money,46.0,F,19.0,0,3,1939,0.0,2049,7866,2,Lun,2.5,0,4,1,0
CMD201185,CLI10921,Atakpamé,Maison,Application mobile,Espèces à la livraison,31.0,H,103.0,0,1,18260,0.0,3018,21278,12,Lun,4.3,0,5,1,0
CMD201186,CLI10720,Lomé,Électronique,Site web,Mobile Money,26.0,F,827.0,0,2,1500,6.5,1346,4151,7,Ven,3.2,0,4,1,0
CMD201187,CLI10537,Kara,Téléphonie,Application mobile,Mobile Money,39.0,F,292.0,0,3,108784,5.7,2862,310612,2,Lun,2.3,0,5,1,0
CMD201188,CLI10466,Lomé,Alimentaire,Site web,Mobile Money,39.0,F,511.0,0,3,2710,2.9,2032,9926,6,Ven,0.5,0,4,1,0
CMD201189,CLI10734,Kara,Mode,Application mobile,Carte bancaire,18.0,H,15.0,0,2,5593,0.0,2783,13969,5,Sam,,1,5,1,0
CMD201190,CLI11121,Lomé,Beauté,Réseaux sociaux,Mobile Money,33.0,H,207.0,0,4,6500,7.9,2089,26035,7,Mer,3.1,0,4,1,0
CMD201191,CLI10241,Lomé,Mode,Application mobile,Espèces à la livraison,18.0,F,2.0,0,1,17988,0.0,1675,19663,11,Sam,3.1,0,4,1,0
CMD201192,CLI10198,Lomé,Téléphonie,Réseaux sociaux,Carte bancaire,26.0,F,666.0,1,2,48012,6.4,1921,91799,7,Sam,2.5,0,5,1,0
CMD201193,CLI10409,Lomé,Maison,Réseaux sociaux,Mobile Money,23.0,F,826.0,0,3,4093,9.0,1958,13132,1,Mar,3.9,0,5,1,0
CMD201194,CLI10842,Lomé,Alimentaire,Application mobile,Mobile Money,34.0,F,1556.0,0,2,1500,0.0,1906,4906,10,Dim,4.4,0,4,1,0
CMD201195,CLI11010,Lomé,Maison,Application mobile,Espèces à la livraison,18.0,F,651.0,0,2,15324,0.0,1830,32478,7,Mer,2.5,0,4,1,0
CMD201196,CLI11033,Lomé,Beauté,Application mobile,Espèces à la livraison,37.0,H,165.0,0,3,13051,0.0,1502,40655,9,Ven,3.1,0,4,1,0
CMD201197,CLI11076,Lomé,Alimentaire,Application mobile,Carte bancaire,33.0,F,353.0,0,1,1500,0.0,1299,2799,5,Lun,1.3,0,4,1,0
CMD201198,CLI11108,Lomé,Maison,Application mobile,Mobile Money,29.0,F,173.0,1,3,28493,11.7,1698,77176,3,Mer,1.8,0,4,1,0
CMD201199,CLI10396,Lomé,Mode,Application mobile,Mobile Money,40.0,H,730.0,0,1,16732,2.5,1476,17790,5,Lun,3.6,0,4,1,1
CMD201200,CLI11532,Atakpamé,Maison,Application mobile,Mobile Money,49.0,F,175.0,0,3,20013,0.0,2556,62595,11,Jeu,4.4,0,3,0,0
CMD201201,CLI10141,Kpalimé,Alimentaire,Réseaux sociaux,Mobile Money,18.0,H,141.0,0,2,8400,0.0,2170,18970,1,Jeu,4.5,0,4,1,0
CMD201202,CLI10115,Lomé,Mode,Site web,Espèces à la livraison,42.0,H,130.0,0,3,13902,0.0,1808,43514,2,Dim,1.8,0,3,0,0
CMD201203,CLI10301,Lomé,Maison,Application mobile,Mobile Money,45.0,H,453.0,1,4,9483,9.7,1451,35704,6,Lun,4.1,0,5,1,0
CMD201204,CLI10856,Lomé,Maison,Réseaux sociaux,Mobile Money,25.0,H,,0,3,34593,0.0,1895,105674,9,Ven,3.5,0,4,1,0
CMD201205,CLI11696,Lomé,Mode,Site web,Espèces à la livraison,32.0,F,900.0,0,4,4153,0.0,1840,18452,12,Lun,,0,4,1,0
CMD201206,CLI10526,Lomé,Mode,Application mobile,Mobile Money,24.0,F,192.0,0,2,14225,0.0,1937,30387,9,Ven,3.5,0,3,0,0
CMD201207,CLI11385,Kara,Mode,Réseaux sociaux,Mobile Money,34.0,H,374.0,1,4,13641,9.7,2943,52214,10,Mar,6.2,1,4,1,0
CMD201208,CLI10827,Dapaong,Alimentaire,Application mobile,Espèces à la livraison,36.0,H,582.0,0,2,11115,0.0,3692,25922,10,Sam,3.5,0,4,1,0
CMD201209,CLI10037,Sokodé,Beauté,Réseaux sociaux,Espèces à la livraison,18.0,H,191.0,1,1,8222,8.5,2532,10055,2,Sam,1.9,0,4,1,0
CMD201210,CLI11438,Lomé,Téléphonie,Réseaux sociaux,Espèces à la livraison,32.0,H,875.0,1,1,49191,7.3,1934,47534,11,Jeu,3.3,0,5,1,0
CMD201211,CLI10935,Lomé,Alimentaire,Application mobile,Espèces à la livraison,38.0,F,569.0,1,1,13563,7.1,2012,14612,5,Mer,1.8,0,4,1,0
CMD201212,CLI10262,Lomé,Mode,Application mobile,Mobile Money,18.0,H,373.0,0,2,23829,0.0,1287,48945,6,Dim,3.6,0,4,1,0
CMD201213,CLI10625,Sokodé,Mode,Application mobile,Mobile Money,28.0,F,90.0,0,4,4350,4.6,3636,20236,6,Jeu,0.5,0,4,1,0
CMD201214,CLI10389,Lomé,Téléphonie,Application mobile,Carte bancaire,34.0,H,1015.0,0,3,33361,0.0,2026,102109,11,Mar,2.9,0,5,1,0
CMD201215,CLI10686,Lomé,Téléphonie,Réseaux sociaux,Mobile Money,37.0,F,113.0,0,1,57240,0.0,1318,58558,12,Lun,0.5,0,4,1,0
CMD201216,CLI11120,Sokodé,Électronique,Application mobile,Espèces à la livraison,51.0,F,161.0,1,2,1500,18.4,2827,5275,4,Ven,,0,4,1,0
CMD201217,CLI10904,Lomé,Mode,Site web,Mobile Money,32.0,F,247.0,0,2,29167,3.7,1804,57980,4,Mar,2.6,0,5,1,0
CMD201218,CLI10549,Sokodé,Alimentaire,Application mobile,Carte bancaire,39.0,H,522.0,1,2,3459,19.4,2334,7910,1,Dim,5.1,1,4,1,0
CMD201219,CLI11101,Kpalimé,Maison,Site web,Mobile Money,33.0,F,1008.0,0,2,24834,0.0,1940,51608,4,Ven,0.5,0,4,1,0
CMD201220,CLI10114,Lomé,Électronique,Application mobile,Espèces à la livraison,31.0,F,1395.0,0,3,59052,5.6,1703,168938,8,Sam,2.7,0,5,1,0
CMD201221,CLI10575,Atakpamé,Beauté,Application mobile,Mobile Money,46.0,F,420.0,0,2,10860,0.0,3206,24926,1,Ven,3.4,0,3,0,0
CMD201222,CLI11161,Dapaong,Maison,Application mobile,Mobile Money,18.0,F,228.0,0,2,14825,5.8,4877,32807,10,Mar,4.2,0,3,0,0
CMD201223,CLI10622,Sokodé,Beauté,Site web,Mobile Money,30.0,H,263.0,0,1,14662,0.0,2786,17448,3,Dim,3.6,0,3,0,0
CMD201224,CLI10677,Sokodé,Mode,Application mobile,Espèces à la livraison,28.0,H,222.0,0,1,20658,0.0,2309,22967,3,Jeu,4.7,0,3,0,1
CMD201225,CLI11573,Lomé,Électronique,Site web,Mobile Money,,H,191.0,0,2,47507,3.3,1857,93736,2,Sam,0.5,0,5,1,0
CMD201226,CLI11130,Lomé,Alimentaire,Réseaux sociaux,Mobile Money,36.0,F,629.0,0,1,9606,0.0,1580,11186,8,Dim,0.9,0,4,1,0
CMD201227,CLI11704,Atakpamé,Électronique,Site web,Mobile Money,35.0,H,249.0,0,2,45113,0.0,3041,93267,10,Ven,4.1,0,5,1,0
CMD201228,CLI11078,Sokodé,Téléphonie,Réseaux sociaux,Espèces à la livraison,43.0,F,83.0,0,2,100911,0.0,3145,204967,11,Ven,2.2,0,4,1,0
CMD201229,CLI11169,Lomé,Téléphonie,Réseaux sociaux,Espèces à la livraison,44.0,H,14.0,0,4,92810,8.9,1555,339755,1,Mer,0.5,0,3,0,0
CMD201230,CLI10781,Lomé,Alimentaire,Réseaux sociaux,Mobile Money,20.0,H,504.0,1,1,4823,16.2,1564,5606,10,Dim,7.3,1,4,1,0
CMD201231,CLI11471,Atakpamé,Électronique,Application mobile,Mobile Money,,F,102.0,0,3,15458,0.0,2876,49250,2,Ven,5.0,0,4,1,0
CMD201232,CLI10376,Lomé,Beauté,Application mobile,Carte bancaire,32.0,F,80.0,0,3,2474,0.0,1524,8946,4,Ven,4.9,0,5,1,0
CMD201233,CLI10355,Sokodé,Téléphonie,Réseaux sociaux,Mobile Money,38.0,F,42.0,0,2,36989,0.0,2949,76927,5,Mar,3.0,0,4,1,0
CMD201234,CLI11341,Kara,Mode,Application mobile,Carte bancaire,32.0,F,290.0,0,1,4748,8.0,3118,7486,4,Dim,5.1,1,4,1,1
CMD201235,CLI10365,Lomé,Électronique,Application mobile,Mobile Money,31.0,H,643.0,1,6,43384,15.4,1390,221607,3,Lun,1.9,0,5,1,0
CMD201236,CLI11329,Dapaong,Beauté,Application mobile,Carte bancaire,32.0,F,268.0,1,1,2966,16.6,4374,6848,4,Dim,4.1,0,4,1,0
CMD201237,CLI10698,Kara,Alimentaire,Application mobile,Espèces à la livraison,45.0,F,140.0,0,3,12442,8.3,2741,36969,7,Lun,3.1,0,3,0,0
CMD201238,CLI11378,Atakpamé,Téléphonie,Application mobile,Espèces à la livraison,,F,166.0,0,1,27056,0.0,2042,29098,7,Sam,4.4,0,4,1,1
CMD201239,CLI11126,Sokodé,Mode,Site web,Espèces à la livraison,34.0,F,49.0,0,2,13398,0.0,3738,30534,12,Sam,5.3,1,3,0,0
CMD201240,CLI10579,Kpalimé,Maison,Réseaux sociaux,Espèces à la livraison,52.0,F,237.0,0,2,30688,6.9,2847,59988,11,Ven,5.4,1,3,0,0
CMD201241,CLI11078,Sokodé,Alimentaire,Application mobile,Carte bancaire,28.0,H,163.0,1,3,7554,9.0,3149,23771,11,Sam,5.6,1,3,0,0
CMD201242,CLI11688,Dapaong,Mode,Application mobile,Espèces à la livraison,39.0,F,65.0,0,1,16069,0.0,4064,20133,5,Ven,2.9,0,4,1,0
CMD201243,CLI11617,Sokodé,Mode,Application mobile,Espèces à la livraison,31.0,H,343.0,1,1,9980,6.1,3143,12514,4,Dim,3.0,0,3,0,0
CMD201244,CLI11619,Lomé,Alimentaire,Site web,Espèces à la livraison,25.0,F,413.0,0,1,5543,,2283,7826,5,Dim,4.0,0,5,1,1
CMD201245,CLI10454,Kara,Mode,Application mobile,Mobile Money,18.0,H,169.0,0,7,1500,0.0,2724,13224,3,Dim,3.3,0,3,0,0
CMD201246,CLI11186,Kpalimé,Mode,Application mobile,Espèces à la livraison,33.0,F,33.0,0,3,15634,4.5,2065,46856,12,Ven,2.5,0,4,1,0
CMD201247,CLI10752,Lomé,Alimentaire,Application mobile,Espèces à la livraison,34.0,F,101.0,0,2,1614,0.0,1011,4239,11,Jeu,0.5,0,5,1,0
CMD201248,CLI11203,Kpalimé,Beauté,Site web,Espèces à la livraison,30.0,F,1.0,0,5,4263,8.1,2439,22027,1,Sam,2.0,0,4,1,0
CMD201249,CLI10928,Kara,Mode,Application mobile,Mobile Money,30.0,H,187.0,0,1,12491,0.0,2840,15331,11,Sam,2.7,0,3,0,0
CMD201250,CLI11370,Kpalimé,Mode,Site web,Mobile Money,21.0,H,2200.0,1,2,21817,12.8,2698,40747,10,Jeu,1.5,0,4,1,0
CMD201251,CLI10075,Sokodé,Mode,Site web,Espèces à la livraison,30.0,F,284.0,1,3,10423,17.2,2661,28552,8,Ven,4.9,0,5,1,0
CMD201252,CLI11371,Lomé,Mode,Application mobile,Mobile Money,27.0,H,4.0,0,3,15659,,2010,48987,11,Sam,5.0,0,4,1,0
CMD201253,CLI11791,Atakpamé,Alimentaire,Site web,Espèces à la livraison,40.0,F,545.0,0,3,8804,0.0,3059,29471,3,Jeu,3.1,0,4,1,0
CMD201254,CLI11656,Kpalimé,Électronique,Application mobile,Carte bancaire,24.0,F,186.0,1,3,55466,14.9,2540,144145,4,Jeu,5.5,1,4,1,0
CMD201255,CLI11446,Atakpamé,Maison,Site web,Espèces à la livraison,28.0,F,121.0,0,3,26617,8.1,2377,75760,2,Ven,3.7,0,3,0,0
CMD201256,CLI11154,Lomé,Beauté,Site web,Espèces à la livraison,41.0,H,610.0,0,3,9032,2.6,1408,27800,5,Ven,1.6,0,4,1,0
CMD201257,CLI10587,Lomé,Électronique,Site web,Mobile Money,26.0,H,1032.0,0,2,22672,0.0,1801,47145,7,Mer,4.3,0,3,0,0
CMD201258,CLI11669,Sokodé,Électronique,Site web,Espèces à la livraison,24.0,F,935.0,1,1,78578,12.8,2229,70749,1,Mer,5.5,1,4,1,0
CMD201259,CLI10039,Sokodé,Mode,Réseaux sociaux,Mobile Money,,H,,0,1,5421,0.0,3017,8438,8,Mer,2.5,0,4,1,0
CMD201260,CLI11217,Lomé,Mode,Application mobile,Mobile Money,30.0,F,730.0,0,1,6573,0.0,1885,8458,7,Ven,3.6,0,4,1,0
CMD201261,CLI10995,Lomé,Téléphonie,Application mobile,Mobile Money,,F,425.0,0,3,146842,7.6,1357,408403,10,Ven,2.7,0,4,1,0
CMD201262,CLI10543,Lomé,Maison,Réseaux sociaux,Mobile Money,30.0,F,106.0,0,3,20498,0.0,1236,62730,3,Dim,2.4,0,5,1,0
CMD201263,CLI10254,Atakpamé,Maison,Application mobile,Espèces à la livraison,38.0,F,426.0,0,1,18998,6.5,2934,20697,7,Sam,,0,4,1,0
CMD201264,CLI10341,Atakpamé,Mode,Application mobile,Mobile Money,40.0,H,83.0,0,3,12746,0.0,2991,41229,8,Dim,0.5,0,3,0,0
CMD201265,CLI11670,Lomé,Mode,Application mobile,Espèces à la livraison,24.0,F,961.0,0,4,6292,0.0,1069,26237,9,Ven,3.0,0,4,1,0
CMD201266,CLI10840,Kpalimé,Téléphonie,Site web,Mobile Money,25.0,H,257.0,0,2,55648,0.0,2592,113888,10,Mer,1.9,0,4,1,0
CMD201267,CLI10442,Atakpamé,Alimentaire,Application mobile,Espèces à la livraison,28.0,H,693.0,0,1,5363,7.6,3179,8134,10,Jeu,0.5,0,5,1,1
CMD201268,CLI11364,Lomé,Téléphonie,Application mobile,Mobile Money,32.0,H,352.0,0,3,28962,0.0,1764,88650,9,Sam,0.5,0,4,1,0
CMD201269,CLI11094,Lomé,Mode,Application mobile,Mobile Money,38.0,H,225.0,0,2,28323,2.0,2166,57679,11,Mar,5.2,1,3,0,0
CMD201270,CLI11301,Lomé,Téléphonie,Application mobile,Mobile Money,51.0,H,396.0,1,1,50388,14.0,1949,45283,6,Sam,2.1,0,5,1,0
CMD201271,CLI11198,Lomé,Maison,Site web,Carte bancaire,18.0,F,2200.0,0,3,21060,9.4,2043,59284,9,Lun,2.6,0,4,1,0
CMD201272,CLI11705,Sokodé,Beauté,Réseaux sociaux,Espèces à la livraison,39.0,H,461.0,0,2,6632,0.0,3140,16404,10,Jeu,3.4,0,3,0,0
CMD201273,CLI10395,Dapaong,Électronique,Application mobile,Mobile Money,41.0,H,182.0,1,3,66145,18.7,3905,165233,10,Mar,6.3,1,4,1,0
CMD201274,CLI11498,Lomé,Mode,Application mobile,Mobile Money,26.0,F,1008.0,0,2,9037,5.7,1586,18630,10,Lun,5.0,0,5,1,0
CMD201275,CLI10537,Lomé,Téléphonie,Site web,Mobile Money,45.0,F,550.0,0,2,38656,0.0,2476,79788,4,Lun,2.2,0,5,1,0
CMD201276,CLI11303,Lomé,Électronique,Application mobile,Mobile Money,34.0,F,485.0,0,1,26238,7.7,694,24912,1,Mar,3.0,0,4,1,0
CMD201277,CLI10002,Lomé,Mode,Site web,Espèces à la livraison,41.0,H,771.0,0,2,4214,0.0,2026,10454,4,Sam,3.3,0,4,1,0
CMD201278,CLI10638,Sokodé,Mode,Application mobile,Mobile Money,26.0,H,1159.0,0,5,17562,0.0,3232,91042,8,Lun,6.7,1,3,0,0
CMD201279,CLI11278,Atakpamé,Mode,Site web,Espèces à la livraison,23.0,H,198.0,0,1,28830,0.0,3364,32194,8,Ven,4.5,0,4,1,0
CMD201280,CLI11181,Kpalimé,Électronique,Site web,Espèces à la livraison,29.0,F,10.0,0,2,57554,4.4,2620,112663,1,Lun,3.8,0,5,1,0
CMD201281,CLI10932,Sokodé,Maison,Réseaux sociaux,Mobile Money,39.0,F,453.0,1,4,16137,7.6,3382,63024,11,Sam,5.1,1,4,1,0
CMD201282,CLI11764,Dapaong,Maison,Application mobile,Espèces à la livraison,23.0,F,13.0,0,5,21369,6.9,4336,103809,4,Ven,3.1,0,4,1,0
CMD201283,CLI10810,Lomé,Alimentaire,Réseaux sociaux,Carte bancaire,24.0,F,161.0,0,1,10062,2.3,1242,11073,5,Dim,5.3,1,4,1,0
CMD201284,CLI11758,Sokodé,Électronique,Site web,Mobile Money,38.0,H,134.0,0,3,73163,0.0,2564,222053,2,Ven,3.2,0,4,1,0
CMD201285,CLI10272,Lomé,Alimentaire,Site web,Espèces à la livraison,33.0,H,53.0,0,2,8348,6.6,1700,17294,1,Jeu,,0,3,0,0
CMD201286,CLI10505,Lomé,Mode,Application mobile,Mobile Money,29.0,H,445.0,0,5,2854,3.7,1118,14860,8,Mar,0.5,0,4,1,1
CMD201287,CLI10259,Kpalimé,Beauté,Application mobile,Mobile Money,52.0,F,549.0,0,3,10815,2.6,2177,33778,7,Jeu,2.6,0,3,0,0
CMD201288,CLI11490,Lomé,Électronique,Application mobile,Espèces à la livraison,47.0,F,672.0,0,2,19162,0.0,1216,39540,2,Lun,2.8,0,4,1,0
CMD201289,CLI10783,Lomé,Téléphonie,Site web,Espèces à la livraison,18.0,F,11.0,0,3,120447,0.0,1285,362626,12,Dim,4.0,0,4,1,0
CMD201290,CLI11338,Kpalimé,Électronique,Application mobile,Espèces à la livraison,26.0,H,412.0,0,2,15187,0.0,1879,32253,8,Ven,5.9,1,3,0,0
CMD201291,CLI10375,Kara,Électronique,Application mobile,Mobile Money,32.0,H,173.0,0,1,81434,0.0,2774,84208,10,Lun,1.5,0,5,1,0
CMD201292,CLI10549,Lomé,Mode,Réseaux sociaux,Mobile Money,18.0,H,124.0,0,4,7405,0.0,1132,30752,10,Mer,0.5,0,4,1,0
CMD201293,CLI10651,Lomé,Beauté,Application mobile,Espèces à la livraison,40.0,F,331.0,0,3,9764,0.0,1242,30534,10,Mar,,0,4,1,0
CMD201294,CLI11440,Lomé,Mode,Application mobile,Carte bancaire,32.0,F,47.0,0,2,24288,0.0,1654,50230,1,Lun,2.3,0,3,0,0
CMD201295,CLI10279,Kara,Maison,Application mobile,Espèces à la livraison,25.0,H,42.0,0,2,36205,4.0,3014,72528,2,Mar,3.7,0,4,1,0
CMD201296,CLI10035,Kara,Mode,Site web,Mobile Money,23.0,H,756.0,1,3,14916,19.2,2998,39154,7,Lun,3.6,0,4,1,0
CMD201297,CLI10987,Lomé,Électronique,Application mobile,Mobile Money,38.0,F,1346.0,1,1,26069,5.5,2156,26791,1,Dim,,0,4,1,0
CMD201298,CLI10998,Lomé,Beauté,Site web,Mobile Money,18.0,F,109.0,1,3,15005,8.7,1309,42408,5,Lun,3.4,0,5,1,0
CMD201299,CLI10796,Lomé,Beauté,Réseaux sociaux,Mobile Money,34.0,F,466.0,0,2,8030,0.0,1272,17332,9,Mer,2.7,0,3,0,0
CMD201300,CLI11379,Lomé,Alimentaire,Réseaux sociaux,Carte bancaire,35.0,F,213.0,0,3,8130,0.0,2537,26927,7,Mer,1.1,0,4,1,0
CMD201301,CLI11107,Sokodé,Électronique,Application mobile,Espèces à la livraison,18.0,F,196.0,0,1,36174,0.0,2160,38334,9,Sam,4.3,0,4,1,0
CMD201302,CLI10536,Sokodé,Mode,Réseaux sociaux,Espèces à la livraison,25.0,F,,0,1,14747,0.0,3214,17961,8,Dim,4.2,0,4,1,1
CMD201303,CLI11559,Dapaong,Mode,Réseaux sociaux,Espèces à la livraison,31.0,H,262.0,0,3,4202,0.0,3929,16535,1,Mer,7.2,1,3,0,0
CMD201304,CLI11058,Lomé,Alimentaire,Site web,Mobile Money,38.0,F,704.0,0,2,1500,0.0,1645,4645,8,Lun,4.7,0,5,1,0
CMD201305,CLI11654,Atakpamé,Électronique,Application mobile,Carte bancaire,36.0,F,304.0,0,3,27684,0.0,2764,85816,5,Lun,2.1,0,3,0,0
CMD201306,CLI11760,Lomé,Beauté,Application mobile,Espèces à la livraison,18.0,H,620.0,1,2,1907,7.7,1683,5203,1,Lun,1.7,0,4,1,0
CMD201307,CLI11195,Lomé,Électronique,Site web,Mobile Money,25.0,H,314.0,0,1,53971,0.0,1497,55468,10,Mer,,0,4,1,0
CMD201308,CLI11038,Sokodé,Mode,Application mobile,Mobile Money,37.0,F,951.0,1,3,1500,14.2,3312,7173,7,Sam,0.8,0,4,1,0
CMD201309,CLI10262,Lomé,Alimentaire,Application mobile,Mobile Money,39.0,H,,0,1,11936,3.3,1779,13321,11,Jeu,2.4,0,4,1,0
CMD201310,CLI11317,Lomé,Mode,Application mobile,Espèces à la livraison,29.0,H,548.0,1,1,16346,7.7,1957,17044,7,Sam,2.8,0,5,1,0
CMD201311,CLI10797,Lomé,Téléphonie,Site web,Mobile Money,18.0,F,830.0,1,1,46463,5.2,1435,45482,4,Mer,3.6,0,4,1,0
CMD201312,CLI10404,Lomé,Beauté,Application mobile,Mobile Money,41.0,H,1811.0,0,3,8605,0.0,2540,28355,12,Sam,2.6,0,3,0,0
CMD201313,CLI11197,Sokodé,Téléphonie,Réseaux sociaux,Mobile Money,29.0,F,28.0,1,2,14634,9.9,3018,29388,7,Mer,,0,5,1,0
CMD201314,CLI10588,Lomé,Mode,Réseaux sociaux,Mobile Money,32.0,H,432.0,0,2,25195,0.0,1486,51876,10,Lun,4.6,0,5,1,0
CMD201315,CLI11264,Lomé,Mode,Application mobile,Mobile Money,42.0,H,131.0,1,1,7713,13.7,2159,8815,10,Dim,5.1,1,4,1,0
CMD201316,CLI11489,Lomé,Téléphonie,Site web,Espèces à la livraison,33.0,F,245.0,0,5,100906,0.0,1996,506526,6,Dim,4.1,0,5,1,0
CMD201317,CLI10871,Lomé,Maison,Site web,Mobile Money,34.0,F,657.0,0,3,26152,0.0,2205,80661,12,Mar,0.8,0,5,1,0
CMD201318,CLI10376,Lomé,Maison,Site web,Carte bancaire,32.0,F,154.0,0,2,25370,5.5,1382,49331,11,Ven,2.8,0,4,1,0
CMD201319,CLI11606,Lomé,Mode,Réseaux sociaux,Carte bancaire,21.0,F,852.0,0,1,10978,0.0,945,11923,7,Lun,4.6,0,5,1,1
CMD201320,CLI10160,Lomé,Mode,Application mobile,Mobile Money,19.0,H,606.0,0,3,8903,0.0,500,27209,12,Jeu,1.7,0,4,1,0
CMD201321,CLI11358,Kara,Électronique,Site web,Mobile Money,31.0,H,729.0,0,2,80843,0.0,2587,164273,2,Ven,4.3,0,4,1,0
CMD201322,CLI11655,Kara,Beauté,Site web,Mobile Money,,H,38.0,0,1,9054,9.2,3660,11881,5,Mar,3.9,0,4,1,0
CMD201323,CLI11667,Lomé,Mode,Site web,Mobile Money,32.0,H,587.0,1,3,15073,11.9,1306,41144,9,Sam,,0,5,1,0
CMD201324,CLI10872,Lomé,Beauté,Application mobile,Mobile Money,,F,21.0,1,2,5742,16.2,1153,10777,8,Jeu,0.5,0,5,1,0
CMD201325,CLI11783,Atakpamé,Mode,Réseaux sociaux,Mobile Money,27.0,H,916.0,0,1,7689,6.6,2553,9735,6,Lun,4.9,0,3,0,0
CMD201326,CLI11535,Kara,Beauté,Réseaux sociaux,Mobile Money,37.0,F,233.0,0,3,14979,0.0,2492,47429,12,Mer,,0,4,1,0
CMD201327,CLI10275,Lomé,Téléphonie,Application mobile,Mobile Money,28.0,H,399.0,0,4,64827,0.0,1436,260744,2,Dim,4.5,0,4,1,0
CMD201328,CLI10430,Lomé,Mode,Application mobile,Mobile Money,38.0,F,54.0,0,2,17394,0.0,1402,36190,8,Ven,4.4,0,4,1,0
CMD201329,CLI10097,Lomé,Maison,Application mobile,Espèces à la livraison,32.0,F,133.0,0,3,16858,0.0,1220,51794,4,Jeu,2.8,0,4,1,0
CMD201330,CLI10976,Lomé,Mode,Site web,Mobile Money,37.0,F,81.0,1,4,1737,9.8,1835,8102,5,Jeu,0.5,0,4,1,0
CMD201331,CLI10239,Kpalimé,Mode,Réseaux sociaux,Mobile Money,,F,5.0,0,1,17232,4.9,2570,18958,5,Mar,5.4,1,3,0,0
CMD201332,CLI10979,Dapaong,Mode,Site web,Mobile Money,,F,260.0,1,6,15766,17.0,3028,81543,5,Mer,2.4,0,5,1,0
CMD201333,CLI10576,Lomé,Mode,Application mobile,Mobile Money,26.0,F,66.0,0,5,22501,9.5,656,102473,10,Sam,0.5,0,4,1,0
CMD201334,CLI10141,Kara,Électronique,Application mobile,Mobile Money,22.0,F,1046.0,0,3,35205,0.0,3613,109228,11,Sam,4.3,0,3,0,0
CMD201335,CLI11666,Lomé,Mode,Application mobile,Mobile Money,30.0,F,754.0,0,3,18603,0.0,1673,57482,11,Jeu,,1,4,1,0
CMD201336,CLI11303,Lomé,Beauté,Site web,Carte bancaire,29.0,F,22.0,1,2,6665,19.4,1231,11975,6,Mer,1.1,0,4,1,0
CMD201337,CLI11135,Lomé,Mode,Application mobile,Espèces à la livraison,47.0,H,152.0,0,4,20634,0.0,1378,83914,12,Lun,2.7,0,3,0,0
CMD201338,CLI11244,Kpalimé,Maison,Réseaux sociaux,Mobile Money,47.0,F,291.0,0,5,23062,0.0,2235,117545,10,Sam,4.6,0,4,1,0
CMD201339,CLI10501,Atakpamé,Maison,Réseaux sociaux,Mobile Money,32.0,F,201.0,1,1,13381,10.6,2340,14303,2,Dim,3.0,0,4,1,1
CMD201340,CLI10980,Kara,Électronique,Application mobile,Mobile Money,28.0,F,127.0,0,4,22122,0.0,2863,91351,12,Mer,1.7,0,4,1,1
CMD201341,CLI10311,Lomé,Mode,Application mobile,Mobile Money,27.0,F,211.0,0,4,9049,0.0,765,36961,10,Mer,4.0,0,4,1,0
CMD201342,CLI10860,Lomé,Téléphonie,Réseaux sociaux,Espèces à la livraison,18.0,H,544.0,0,2,40599,0.0,1382,82580,10,Lun,1.0,0,4,1,0
CMD201343,CLI11095,Sokodé,Téléphonie,Réseaux sociaux,Mobile Money,37.0,F,535.0,0,1,74015,0.0,2345,76360,10,Dim,6.5,1,3,0,0
CMD201344,CLI10017,Lomé,Électronique,Application mobile,Mobile Money,34.0,F,472.0,0,4,91800,4.0,2048,354560,5,Sam,4.6,0,4,1,0
CMD201345,CLI11308,Kpalimé,Électronique,Application mobile,Mobile Money,34.0,H,21.0,1,1,51229,11.9,2374,47507,7,Dim,2.0,0,4,1,0
CMD201346,CLI11724,Sokodé,Mode,Application mobile,Mobile Money,18.0,F,231.0,0,4,9450,0.0,4038,41838,8,Dim,4.7,0,3,0,0
CMD201347,CLI11478,Dapaong,Mode,Réseaux sociaux,Mobile Money,36.0,H,316.0,0,4,17170,8.4,3790,66701,5,Sam,3.4,0,3,0,0
CMD201348,CLI11078,Kara,Maison,Site web,Mobile Money,31.0,H,40.0,0,2,30101,0.0,2088,62290,11,Mer,2.2,0,4,1,0
CMD201349,CLI10015,Kara,Maison,Réseaux sociaux,Espèces à la livraison,29.0,F,241.0,1,3,14353,6.2,3281,43670,4,Dim,5.6,1,4,1,0
CMD201350,CLI10740,Kara,Maison,Application mobile,Mobile Money,29.0,F,210.0,0,5,17815,0.0,3242,92317,2,Jeu,1.2,0,4,1,0
CMD201351,CLI10873,Lomé,Mode,Réseaux sociaux,Carte bancaire,39.0,H,6.0,0,5,15815,0.0,1576,80651,8,Mar,2.6,0,4,1,0
CMD201352,CLI10244,Lomé,Téléphonie,Site web,Mobile Money,25.0,F,107.0,0,1,40597,0.0,1621,42218,5,Mer,1.1,0,4,1,0
CMD201353,CLI10063,Lomé,Électronique,Réseaux sociaux,Mobile Money,42.0,H,96.0,0,2,46615,0.0,1911,95141,6,Sam,4.7,0,4,1,0
CMD201354,CLI11792,Sokodé,Mode,Application mobile,Mobile Money,37.0,H,477.0,0,2,12298,0.0,3055,27651,11,Mer,3.5,0,4,1,0
CMD201355,CLI11788,Kara,Maison,Réseaux sociaux,Mobile Money,31.0,F,869.0,1,6,44294,18.9,2837,218372,6,Mer,4.2,0,4,1,1
CMD201356,CLI10884,Lomé,Téléphonie,Réseaux sociaux,Mobile Money,35.0,F,925.0,0,3,34132,4.3,1487,99480,9,Jeu,2.6,0,4,1,0
CMD201357,CLI10372,Lomé,Téléphonie,Application mobile,Mobile Money,45.0,F,124.0,0,3,1500,0.0,1583,6083,12,Mer,4.3,0,4,1,1
CMD201358,CLI10342,Lomé,Mode,Site web,Carte bancaire,45.0,H,521.0,0,3,16329,0.0,1756,50743,10,Lun,2.3,0,5,1,0
CMD201359,CLI10066,Kpalimé,Alimentaire,Application mobile,Carte bancaire,18.0,F,168.0,1,1,7699,10.9,2719,9579,6,Sam,3.7,0,4,1,0
CMD201360,CLI11594,Lomé,Mode,Application mobile,Mobile Money,31.0,H,63.0,1,1,16622,15.0,2081,16210,7,Dim,4.5,0,4,1,0
CMD201361,CLI10387,Kpalimé,Téléphonie,Application mobile,Espèces à la livraison,27.0,F,256.0,1,3,94113,7.0,2160,264735,2,Dim,1.6,0,3,0,0
CMD201362,CLI10514,Lomé,Alimentaire,Application mobile,Mobile Money,37.0,H,193.0,0,3,11423,0.0,2432,36701,2,Jeu,1.4,0,4,1,0
CMD201363,CLI10729,Sokodé,Électronique,Application mobile,Mobile Money,26.0,F,387.0,0,4,18829,5.6,2774,73872,1,Lun,5.5,1,3,0,0
CMD201364,CLI10960,Lomé,Électronique,Site web,Espèces à la livraison,31.0,H,81.0,1,5,1500,10.0,1764,8514,10,Dim,3.0,0,5,1,1
CMD201365,CLI10598,Lomé,Beauté,Réseaux sociaux,Espèces à la livraison,24.0,H,74.0,0,1,11928,0.0,1862,13790,1,Lun,0.7,0,5,1,0
CMD201366,CLI10814,Lomé,Alimentaire,Application mobile,Mobile Money,,F,291.0,0,1,7211,6.4,1237,7986,12,Mer,1.6,0,3,0,0
CMD201367,CLI10577,Kpalimé,Téléphonie,Application mobile,Espèces à la livraison,30.0,F,817.0,0,3,3848,3.9,2939,14033,2,Ven,1.9,0,3,0,0
CMD201368,CLI10237,Lomé,Mode,Site web,Mobile Money,36.0,F,70.0,0,2,13057,0.0,2142,28256,4,Lun,3.7,0,4,1,0
CMD201369,CLI10869,Atakpamé,Alimentaire,Réseaux sociaux,Carte bancaire,35.0,F,156.0,0,3,12242,0.0,2045,38771,1,Sam,3.2,0,4,1,0
CMD201370,CLI10469,Lomé,Maison,Application mobile,Espèces à la livraison,21.0,H,317.0,0,3,26643,8.7,1338,74313,10,Dim,4.2,0,4,1,0
CMD201371,CLI10186,Lomé,Mode,Site web,Mobile Money,35.0,H,70.0,0,2,12668,0.0,1525,26861,7,Lun,2.5,0,4,1,0
CMD201372,CLI10823,Lomé,Alimentaire,Réseaux sociaux,Carte bancaire,37.0,H,471.0,0,3,9153,7.7,1970,27315,6,Ven,2.6,0,3,0,0
CMD201373,CLI11016,Lomé,Mode,Application mobile,Espèces à la livraison,26.0,H,110.0,0,1,27835,0.0,1497,29332,4,Mar,0.5,0,3,0,0
CMD201374,CLI10810,Lomé,Mode,Site web,Mobile Money,51.0,F,99.0,0,1,23221,0.0,1996,25217,3,Ven,1.9,0,3,0,0
CMD201375,CLI11057,Kpalimé,Mode,Site web,Mobile Money,42.0,H,574.0,0,4,30373,7.2,3344,116089,4,Mar,2.5,0,4,1,0
CMD201376,CLI11776,Lomé,Électronique,Application mobile,Mobile Money,21.0,F,204.0,0,2,48647,0.0,2360,99654,2,Lun,0.5,0,3,0,0
CMD201377,CLI11421,Lomé,Beauté,Application mobile,Espèces à la livraison,40.0,F,34.0,0,2,8008,0.0,1216,17232,7,Mer,2.4,0,4,1,0
CMD201378,CLI10154,Lomé,Téléphonie,Réseaux sociaux,Mobile Money,,F,353.0,0,3,80231,0.0,1967,242660,9,Lun,2.2,0,4,1,0
CMD201379,CLI11329,Kara,Maison,Application mobile,Espèces à la livraison,25.0,H,195.0,0,1,26009,5.0,2939,27648,4,Jeu,2.1,0,4,1,0
CMD201380,CLI10832,Lomé,Beauté,Site web,Espèces à la livraison,38.0,F,124.0,0,2,14493,0.0,2201,31187,1,Lun,3.8,0,4,1,0
CMD201381,CLI10287,Dapaong,Mode,Site web,Espèces à la livraison,29.0,H,700.0,0,4,4160,7.5,4249,19641,8,Jeu,3.9,0,3,0,0
CMD201382,CLI11613,Atakpamé,Électronique,Réseaux sociaux,Mobile Money,19.0,H,83.0,0,3,49490,8.8,3221,138626,10,Ven,2.1,0,3,0,0
CMD201383,CLI11087,Lomé,Beauté,Application mobile,Espèces à la livraison,18.0,H,237.0,0,3,9184,0.0,1284,28836,9,Mar,4.2,0,5,1,0
CMD201384,CLI10865,Lomé,Électronique,Réseaux sociaux,Mobile Money,19.0,F,134.0,0,2,73230,7.4,1327,136949,2,Dim,3.6,0,4,1,0
CMD201385,CLI10377,Lomé,Alimentaire,Application mobile,Espèces à la livraison,18.0,H,277.0,0,2,3192,0.0,2079,8463,1,Ven,4.2,0,4,1,0
CMD201386,CLI11141,Lomé,Téléphonie,Application mobile,Espèces à la livraison,48.0,H,152.0,0,4,65722,0.0,1536,264424,4,Mar,2.5,0,4,1,0
CMD201387,CLI10337,Kara,Mode,Application mobile,Espèces à la livraison,20.0,H,136.0,0,1,13473,3.0,2601,15670,12,Dim,5.5,1,4,1,0
CMD201388,CLI11118,Lomé,Alimentaire,Application mobile,Mobile Money,38.0,H,35.0,1,5,5979,16.1,1893,26975,12,Mar,2.4,0,4,1,0
CMD201389,CLI11105,Kara,Mode,Application mobile,Carte bancaire,29.0,F,790.0,1,1,9876,12.5,2462,11104,3,Mer,,0,5,1,0
CMD201390,CLI11254,Kara,Beauté,Site web,Mobile Money,26.0,F,149.0,0,3,8608,7.0,2947,26963,9,Ven,3.7,0,3,0,0
CMD201391,CLI11461,Kara,Alimentaire,Application mobile,Carte bancaire,48.0,H,181.0,1,4,1500,10.2,2834,8222,5,Sam,4.2,0,5,1,0
CMD201392,CLI10057,Lomé,Électronique,Site web,Mobile Money,33.0,F,98.0,0,4,35613,6.8,1459,134224,2,Ven,2.5,0,4,1,1
CMD201393,CLI11286,Lomé,Téléphonie,Réseaux sociaux,Mobile Money,30.0,H,821.0,0,4,45424,0.0,1641,183337,7,Dim,3.2,0,3,0,0
CMD201394,CLI11522,Lomé,Alimentaire,Réseaux sociaux,Mobile Money,31.0,H,,0,2,9722,4.5,1710,20279,11,Ven,3.9,0,4,1,0
CMD201395,CLI11793,Kpalimé,Électronique,Site web,Espèces à la livraison,44.0,H,32.0,0,1,26817,0.0,2565,29382,11,Ven,4.1,0,4,1,0
CMD201396,CLI10931,Kara,Téléphonie,Application mobile,Mobile Money,36.0,F,375.0,1,2,1500,20.0,2825,5225,5,Sam,4.6,0,5,1,0
CMD201397,CLI10699,Lomé,Électronique,Application mobile,Espèces à la livraison,40.0,H,241.0,0,3,38808,0.0,2194,118618,12,Dim,2.3,0,4,1,0
CMD201398,CLI10361,Lomé,Téléphonie,Site web,Espèces à la livraison,32.0,H,171.0,0,3,5490,9.3,1128,16066,6,Mar,4.0,0,4,1,0
CMD201399,CLI11179,Kpalimé,Maison,Réseaux sociaux,Espèces à la livraison,36.0,H,776.0,1,2,35907,9.7,2939,67787,8,Mar,3.1,0,4,1,0
CMD201400,CLI11662,Atakpamé,Alimentaire,Site web,Mobile Money,27.0,H,169.0,1,3,3911,5.7,3059,14123,5,Mer,3.7,0,5,1,0
CMD201401,CLI11675,Lomé,Alimentaire,Application mobile,Espèces à la livraison,21.0,F,619.0,0,2,7622,0.0,1469,16713,11,Ven,0.9,0,5,1,0
CMD201402,CLI11659,Atakpamé,Maison,Application mobile,Espèces à la livraison,35.0,H,80.0,0,4,19361,0.0,2730,80174,3,Mer,4.9,0,4,1,0
CMD201403,CLI11483,Lomé,Beauté,Site web,Espèces à la livraison,40.0,F,1389.0,0,6,9829,4.4,1301,57680,7,Sam,2.3,0,4,1,0
CMD201404,CLI11568,Lomé,Téléphonie,Application mobile,Espèces à la livraison,40.0,F,,0,1,82652,8.1,1654,77611,7,Dim,5.5,1,3,0,0
CMD201405,CLI11466,Sokodé,Beauté,Site web,Mobile Money,24.0,F,74.0,0,3,15927,7.5,2742,46939,11,Dim,1.7,0,4,1,0
CMD201406,CLI10893,Lomé,Mode,Application mobile,Mobile Money,20.0,H,307.0,0,5,27763,,1720,140535,10,Mar,1.3,0,4,1,1
CMD201407,CLI10104,Kpalimé,Mode,Application mobile,Espèces à la livraison,36.0,H,617.0,0,3,12922,0.0,2562,41328,6,Jeu,3.6,0,4,1,0
CMD201408,CLI11264,Atakpamé,Mode,Application mobile,Espèces à la livraison,25.0,F,322.0,0,3,23687,7.6,3130,68790,1,Mer,5.6,1,4,1,0
CMD201409,CLI10606,Kara,Mode,Application mobile,Espèces à la livraison,19.0,H,36.0,0,5,7595,0.0,2440,40415,9,Sam,2.2,0,3,0,0
CMD201410,CLI11154,Lomé,Beauté,Site web,Mobile Money,44.0,H,243.0,0,3,1500,4.8,1506,5790,12,Mer,0.8,0,4,1,0
CMD201411,CLI10438,Lomé,Alimentaire,Application mobile,Carte bancaire,42.0,F,451.0,0,2,6259,0.0,1810,14328,4,Ven,0.5,0,3,0,0
CMD201412,CLI10676,Sokodé,Beauté,Réseaux sociaux,Mobile Money,42.0,H,49.0,0,3,17629,7.1,2495,51627,1,Sam,2.2,0,4,1,0
CMD201413,CLI10300,Lomé,Électronique,Site web,Mobile Money,30.0,H,63.0,0,5,17511,0.0,2005,89560,6,Jeu,1.8,0,4,1,0
CMD201414,CLI11782,Lomé,Téléphonie,Site web,Espèces à la livraison,37.0,F,569.0,0,2,75732,0.0,1453,152917,8,Ven,,0,3,0,0
CMD201415,CLI10517,Atakpamé,Maison,Site web,Carte bancaire,26.0,H,361.0,0,3,33964,0.0,2806,104698,2,Dim,5.3,1,4,1,0
CMD201416,CLI11504,Lomé,Beauté,Réseaux sociaux,Espèces à la livraison,32.0,F,235.0,1,2,12489,7.5,2218,25323,11,Mer,1.7,0,5,1,0
CMD201417,CLI11154,Lomé,Alimentaire,Site web,Mobile Money,18.0,H,264.0,0,3,13098,7.3,2066,38492,12,Mar,1.4,0,5,1,0
CMD201418,CLI11630,Kpalimé,Alimentaire,Réseaux sociaux,Espèces à la livraison,47.0,F,94.0,0,2,15101,0.0,2609,32811,9,Sam,4.0,0,3,0,0
CMD201419,CLI10247,Lomé,Électronique,Réseaux sociaux,Mobile Money,37.0,H,1401.0,0,1,1500,0.0,1526,3026,4,Mar,1.4,0,5,1,0
CMD201420,CLI10022,Atakpamé,Électronique,Site web,Mobile Money,46.0,F,57.0,0,2,58310,,3333,119953,8,Ven,1.0,0,4,1,0
CMD201421,CLI11707,Atakpamé,Téléphonie,Site web,Espèces à la livraison,34.0,F,612.0,0,3,33756,0.0,2606,103874,10,Ven,4.5,0,3,0,0
CMD201422,CLI10687,Atakpamé,Mode,Application mobile,Mobile Money,30.0,H,920.0,1,4,27590,17.9,2371,92977,8,Mar,4.7,0,4,1,0
CMD201423,CLI11435,Lomé,Électronique,Réseaux sociaux,Carte bancaire,50.0,F,602.0,1,2,47655,,1349,88748,10,Jeu,4.5,0,5,1,0
CMD201424,CLI10804,Lomé,Beauté,Application mobile,Espèces à la livraison,42.0,H,965.0,1,3,1500,19.9,1317,4922,11,Mer,0.5,0,4,1,0
CMD201425,CLI10608,Atakpamé,Mode,Site web,Mobile Money,37.0,F,312.0,0,1,22413,7.3,3068,23845,11,Sam,1.8,0,4,1,0
CMD201426,CLI11554,Lomé,Mode,Réseaux sociaux,Espèces à la livraison,35.0,F,164.0,0,4,12825,0.0,1275,52575,5,Dim,3.5,0,3,0,0
CMD201427,CLI11596,Atakpamé,Alimentaire,Réseaux sociaux,Mobile Money,18.0,H,221.0,0,2,11819,0.0,2276,25914,11,Mer,3.1,0,4,1,0
CMD201428,CLI11456,Sokodé,Téléphonie,Réseaux sociaux,Mobile Money,34.0,F,1676.0,0,1,75414,7.3,2998,72907,4,Lun,4.3,0,5,1,0
CMD201429,CLI10336,Kara,Téléphonie,Réseaux sociaux,Mobile Money,29.0,F,57.0,0,2,97350,0.0,3206,197906,5,Sam,,0,4,1,0
CMD201430,CLI11646,Lomé,Mode,Application mobile,Mobile Money,18.0,H,274.0,0,3,30403,5.5,1203,87396,7,Sam,0.5,0,5,1,0
CMD201431,CLI10039,Lomé,Beauté,Application mobile,Espèces à la livraison,,F,91.0,1,2,14926,17.0,1509,26286,10,Sam,3.6,0,5,1,0
CMD201432,CLI10448,Lomé,Beauté,Site web,Espèces à la livraison,35.0,F,604.0,1,2,11610,15.4,1388,21032,6,Ven,1.7,0,3,0,0
CMD201433,CLI11548,Dapaong,Mode,Site web,Espèces à la livraison,41.0,H,102.0,0,6,16966,6.0,3823,99511,12,Lun,6.1,1,4,1,0
CMD201434,CLI10014,Lomé,Électronique,Application mobile,Espèces à la livraison,27.0,F,124.0,0,3,59421,0.0,875,179138,8,Sam,3.5,0,4,1,0
CMD201435,CLI10812,Lomé,Électronique,Réseaux sociaux,Mobile Money,31.0,H,1217.0,0,1,12292,,654,12946,3,Lun,4.9,0,3,0,0
CMD201436,CLI11196,Lomé,Alimentaire,Application mobile,Espèces à la livraison,23.0,H,,0,1,4518,3.1,1295,5673,6,Sam,2.6,0,4,1,0
CMD201437,CLI10523,Lomé,Alimentaire,Application mobile,Carte bancaire,,H,26.0,0,3,6582,0.0,1194,20940,3,Mer,3.5,0,3,0,0
CMD201438,CLI11666,Kpalimé,Alimentaire,Application mobile,Mobile Money,49.0,F,669.0,0,3,5197,8.7,2438,16673,8,Dim,4.0,0,4,1,0
CMD201439,CLI10559,Kara,Beauté,Réseaux sociaux,Mobile Money,37.0,F,2200.0,0,4,12016,5.0,3683,49344,3,Mar,5.2,1,3,0,0
CMD201440,CLI10316,Atakpamé,Beauté,Réseaux sociaux,Carte bancaire,25.0,H,143.0,1,3,14278,17.8,3093,38303,4,Jeu,3.4,0,4,1,0
CMD201441,CLI11168,Kpalimé,Mode,Application mobile,Espèces à la livraison,27.0,F,1048.0,0,1,21240,0.0,2227,23467,5,Dim,4.2,0,4,1,0
CMD201442,CLI10156,Lomé,Téléphonie,Application mobile,Mobile Money,26.0,F,32.0,0,2,36477,,637,73591,12,Sam,1.3,0,4,1,0
CMD201443,CLI10012,Sokodé,Alimentaire,Application mobile,Mobile Money,61.0,F,2059.0,0,1,3374,3.0,2301,5574,9,Mer,2.2,0,5,1,0
CMD201444,CLI10658,Lomé,Mode,Réseaux sociaux,Espèces à la livraison,30.0,F,256.0,0,1,22996,0.0,1598,24594,4,Dim,6.7,1,3,0,0
CMD201445,CLI10008,Lomé,Maison,Réseaux sociaux,Mobile Money,26.0,H,440.0,1,1,1500,18.3,1671,2896,5,Mar,1.3,0,5,1,0
CMD201446,CLI11297,Lomé,Maison,Application mobile,Mobile Money,18.0,H,244.0,0,2,19667,0.0,1686,41020,12,Mer,3.4,0,3,0,0
CMD201447,CLI11738,Lomé,Beauté,Application mobile,Espèces à la livraison,27.0,H,1637.0,0,1,12322,0.0,1357,13679,2,Sam,2.3,0,5,1,0
CMD201448,CLI11010,Kpalimé,Électronique,Application mobile,Mobile Money,18.0,F,263.0,0,4,97621,2.5,2165,382887,7,Dim,2.8,0,3,0,0
CMD201449,CLI10662,Lomé,Mode,Site web,Mobile Money,34.0,F,663.0,0,2,22082,0.0,1782,45946,5,Dim,4.6,0,4,1,0
CMD201450,CLI11600,Kpalimé,Téléphonie,Réseaux sociaux,Espèces à la livraison,34.0,F,601.0,0,3,53603,0.0,2229,163038,4,Dim,5.0,0,4,1,0
CMD201451,CLI11492,Lomé,Alimentaire,Réseaux sociaux,Espèces à la livraison,18.0,F,586.0,0,2,1500,0.0,2112,5112,6,Lun,2.8,0,4,1,0
CMD201452,CLI10449,Lomé,Alimentaire,Application mobile,Carte bancaire,26.0,H,259.0,0,2,13074,0.0,1318,27466,4,Mer,0.5,0,4,1,0
CMD201453,CLI11241,Lomé,Beauté,Site web,Espèces à la livraison,45.0,H,62.0,0,5,11610,9.5,1788,54323,1,Mer,,0,4,1,0
CMD201454,CLI10991,Sokodé,Téléphonie,Application mobile,Espèces à la livraison,30.0,F,286.0,1,4,24813,8.1,3156,94369,4,Sam,1.9,0,5,1,0
CMD201455,CLI10404,Lomé,Téléphonie,Réseaux sociaux,Mobile Money,20.0,F,881.0,0,1,8682,0.0,1205,9887,3,Mer,1.0,0,4,1,0
CMD201456,CLI11705,Lomé,Téléphonie,Application mobile,Mobile Money,26.0,F,1284.0,0,3,5900,9.7,1489,17472,3,Dim,2.8,0,5,1,0
CMD201457,CLI11684,Kara,Maison,Réseaux sociaux,Mobile Money,,F,1450.0,0,2,36406,0.0,3177,75989,1,Mar,2.9,0,3,0,0
CMD201458,CLI11066,Atakpamé,Mode,Application mobile,Espèces à la livraison,41.0,H,301.0,0,1,4298,0.0,2355,6653,12,Lun,5.5,1,4,1,0
CMD201459,CLI10276,Lomé,Maison,Application mobile,Mobile Money,43.0,F,35.0,0,2,31612,4.2,1192,61761,8,Dim,1.1,0,4,1,0
CMD201460,CLI10465,Kara,Mode,Réseaux sociaux,Mobile Money,38.0,F,405.0,0,1,7807,0.0,3214,11021,7,Lun,3.5,0,4,1,1
CMD201461,CLI11724,Atakpamé,Mode,Site web,Espèces à la livraison,35.0,F,1525.0,0,4,11516,0.0,2779,48843,7,Lun,0.5,0,5,1,0
CMD201462,CLI11773,Lomé,Mode,Application mobile,Espèces à la livraison,20.0,H,133.0,0,6,18977,0.0,1337,115199,12,Jeu,3.7,0,4,1,0
CMD201463,CLI10988,Lomé,Beauté,Site web,Espèces à la livraison,25.0,F,29.0,0,1,6482,0.0,1878,8360,4,Ven,,0,4,1,0
CMD201464,CLI11088,Atakpamé,Beauté,Application mobile,Mobile Money,39.0,F,804.0,0,1,1500,0.0,2645,4145,12,Mer,4.6,0,5,1,0
CMD201465,CLI11523,Lomé,Mode,Application mobile,Carte bancaire,35.0,H,161.0,0,1,24671,0.0,1318,25989,3,Lun,3.6,0,5,1,0
CMD201466,CLI10818,Kpalimé,Électronique,Application mobile,Mobile Money,38.0,H,166.0,0,1,28760,3.9,2048,29686,2,Ven,3.2,0,3,0,0
CMD201467,CLI11630,Lomé,Alimentaire,Application mobile,Espèces à la livraison,23.0,H,244.0,0,2,11734,0.0,1706,25174,2,Mer,4.0,0,4,1,1
CMD201468,CLI10717,Lomé,Téléphonie,Réseaux sociaux,Carte bancaire,28.0,H,18.0,1,5,75855,5.9,902,357800,1,Sam,3.1,0,4,1,0
CMD201469,CLI10621,Lomé,Mode,Application mobile,Carte bancaire,33.0,H,313.0,0,2,9040,0.0,1830,19910,9,Lun,1.9,0,3,0,0
CMD201470,CLI10220,Lomé,Mode,Application mobile,Mobile Money,41.0,H,794.0,0,3,9216,0.0,2201,29849,8,Ven,2.4,0,4,1,0
CMD201471,CLI10860,Atakpamé,Mode,Application mobile,Espèces à la livraison,23.0,H,89.0,0,3,13595,0.0,2424,43209,7,Sam,2.8,0,4,1,0
CMD201472,CLI11092,Lomé,Électronique,Application mobile,Mobile Money,27.0,F,874.0,0,3,43586,0.0,2184,132942,4,Sam,0.5,0,5,1,0
CMD201473,CLI10705,Lomé,Maison,Application mobile,Mobile Money,36.0,F,690.0,0,1,16212,0.0,1524,17736,7,Ven,0.5,0,4,1,0
CMD201474,CLI10183,Lomé,Mode,Application mobile,Espèces à la livraison,37.0,F,1972.0,0,1,18008,0.0,2204,20212,10,Mar,2.7,0,3,0,0
CMD201475,CLI10354,Lomé,Maison,Application mobile,Mobile Money,21.0,F,847.0,0,4,39027,0.0,2216,158324,1,Sam,3.4,0,4,1,0
CMD201476,CLI10293,Lomé,Électronique,Site web,Espèces à la livraison,32.0,H,70.0,0,4,49432,0.0,1696,199424,12,Lun,0.7,0,4,1,0
CMD201477,CLI10297,Lomé,Maison,Application mobile,Espèces à la livraison,29.0,H,400.0,1,1,17915,9.1,2226,18511,4,Mer,2.7,0,4,1,0
CMD201478,CLI11596,Lomé,Électronique,Application mobile,Carte bancaire,39.0,F,104.0,0,5,28861,0.0,2092,146397,11,Ven,1.0,0,5,1,0
CMD201479,CLI10666,Sokodé,Mode,Application mobile,Mobile Money,26.0,H,573.0,1,1,3811,12.8,2608,5931,4,Ven,2.6,0,5,1,0
CMD201480,CLI11022,Lomé,Téléphonie,Application mobile,Espèces à la livraison,36.0,H,28.0,0,3,87849,0.0,1624,265171,5,Mar,3.3,0,4,1,0
CMD201481,CLI11443,Lomé,Mode,Site web,Mobile Money,44.0,H,63.0,0,2,32371,0.0,1432,66174,3,Mar,0.5,0,4,1,0
CMD201482,CLI11775,Atakpamé,Mode,Site web,Mobile Money,33.0,H,285.0,1,2,21807,7.5,2680,43023,10,Lun,0.5,0,5,1,0
CMD201483,CLI11457,Lomé,Alimentaire,Application mobile,Mobile Money,27.0,F,60.0,0,3,3951,0.0,1363,13216,10,Dim,4.8,0,4,1,0
CMD201484,CLI10172,Lomé,Mode,Application mobile,Espèces à la livraison,47.0,F,331.0,0,5,19738,0.0,899,99589,7,Sam,3.3,0,4,1,0
CMD201485,CLI10327,Atakpamé,Maison,Application mobile,Mobile Money,49.0,F,428.0,1,4,25835,15.9,3099,90008,2,Mar,2.1,0,4,1,0
CMD201486,CLI10016,Lomé,Électronique,Site web,Mobile Money,43.0,F,1382.0,0,3,48432,0.0,1326,146622,7,Lun,2.8,0,4,1,0
CMD201487,CLI10711,Lomé,Mode,Réseaux sociaux,Carte bancaire,32.0,F,303.0,0,3,5390,0.0,1672,17842,6,Ven,5.3,1,4,1,0
CMD201488,CLI11288,Lomé,Téléphonie,Réseaux sociaux,Mobile Money,18.0,H,787.0,0,3,65687,0.0,1057,198118,4,Jeu,2.7,0,3,0,0
CMD201489,CLI11059,Sokodé,Maison,Site web,Mobile Money,28.0,F,443.0,0,1,22377,0.0,2178,24555,1,Sam,4.2,0,5,1,0
CMD201490,CLI11381,Lomé,Alimentaire,Application mobile,Carte bancaire,36.0,F,416.0,0,4,1500,0.0,2087,8087,4,Mer,1.2,0,5,1,0
CMD201491,CLI10218,Kara,Alimentaire,Application mobile,Espèces à la livraison,37.0,F,576.0,0,1,4374,9.7,4147,8097,1,Ven,4.1,0,3,0,0
CMD201492,CLI11582,Kara,Électronique,Application mobile,Mobile Money,42.0,F,55.0,0,4,75709,7.6,2491,282311,6,Sam,4.6,0,4,1,0
CMD201493,CLI10971,Sokodé,Beauté,Application mobile,Mobile Money,33.0,F,54.0,0,4,1500,8.9,2435,7901,2,Mar,3.4,0,3,0,0
CMD201494,CLI11596,Atakpamé,Alimentaire,Application mobile,Espèces à la livraison,18.0,F,493.0,0,1,6037,0.0,2294,8331,4,Mer,2.3,0,4,1,0
CMD201495,CLI11615,Dapaong,Mode,Application mobile,Mobile Money,46.0,H,1244.0,1,1,18610,6.8,3812,21157,7,Sam,6.1,1,4,1,0
CMD201496,CLI10534,Lomé,Électronique,Site web,Carte bancaire,32.0,F,666.0,0,2,32075,6.9,1893,61617,9,Mar,1.9,0,3,0,0
CMD201497,CLI10768,Atakpamé,Beauté,Application mobile,Mobile Money,18.0,F,223.0,0,3,7193,0.0,2744,24323,1,Mer,3.6,0,3,0,0
CMD201498,CLI10196,Kpalimé,Électronique,Réseaux sociaux,Carte bancaire,37.0,H,249.0,1,2,40341,9.7,1989,74845,12,Mer,3.9,0,4,1,0
CMD201499,CLI11400,Lomé,Maison,Site web,Espèces à la livraison,28.0,H,114.0,0,3,28314,0.0,1730,86672,2,Mer,0.5,0,5,1,0
CMD201500,CLI11531,Sokodé,Électronique,Application mobile,Mobile Money,43.0,H,68.0,0,2,31388,0.0,2572,65348,5,Dim,3.8,0,4,1,0
CMD201501,CLI11604,Atakpamé,Mode,Réseaux sociaux,Mobile Money,39.0,H,562.0,0,3,8291,0.0,2927,27800,1,Lun,2.4,0,2,0,0
CMD201502,CLI11076,Kara,Maison,Site web,Mobile Money,42.0,H,714.0,0,3,10561,0.0,2616,34299,1,Mer,6.0,1,3,0,0
CMD201503,CLI10175,Lomé,Mode,Application mobile,Mobile Money,33.0,H,939.0,0,6,4964,0.0,2085,31869,5,Mar,4.5,0,4,1,0
CMD201504,CLI10563,Lomé,Mode,Application mobile,Mobile Money,20.0,H,724.0,0,2,26816,0.0,1995,55627,4,Mer,3.6,0,4,1,0
CMD201505,CLI11518,Sokodé,Mode,Application mobile,Mobile Money,25.0,F,412.0,1,3,12573,16.2,2666,34275,9,Jeu,1.7,0,4,1,0
CMD201506,CLI10827,Dapaong,Maison,Application mobile,Mobile Money,30.0,F,149.0,0,2,11644,3.7,3897,26323,11,Mer,6.1,1,4,1,0
CMD201507,CLI10517,Lomé,Électronique,Réseaux sociaux,Mobile Money,48.0,H,138.0,0,3,105853,0.0,1597,319156,9,Sam,3.2,0,4,1,0
CMD201508,CLI11648,Lomé,Téléphonie,Site web,Mobile Money,26.0,H,192.0,0,3,89311,0.0,1774,269707,1,Mar,1.4,0,5,1,0
CMD201509,CLI10758,Lomé,Alimentaire,Application mobile,Mobile Money,44.0,F,655.0,0,4,5094,0.0,2146,22522,6,Sam,2.6,0,5,1,0
CMD201510,CLI10181,Sokodé,Alimentaire,Application mobile,Mobile Money,34.0,H,115.0,0,4,5259,0.0,2648,23684,3,Mer,5.7,1,3,0,0
CMD201511,CLI11211,Sokodé,Mode,Application mobile,Espèces à la livraison,24.0,F,543.0,0,4,14139,3.8,2999,57406,6,Mer,4.4,0,5,1,0
CMD201512,CLI10922,Lomé,Alimentaire,Application mobile,Mobile Money,34.0,F,431.0,0,4,12186,0.0,1489,50233,3,Sam,0.5,0,4,1,0
CMD201513,CLI10935,Atakpamé,Mode,Site web,Mobile Money,35.0,F,697.0,0,2,25276,0.0,2654,53206,8,Ven,5.9,1,4,1,0
CMD201514,CLI10152,Sokodé,Alimentaire,Application mobile,Espèces à la livraison,28.0,F,147.0,0,4,3855,0.0,2793,18213,7,Mer,1.9,0,4,1,0
CMD201515,CLI10764,Lomé,Beauté,Site web,Espèces à la livraison,39.0,H,234.0,0,3,14715,0.0,1419,45564,5,Jeu,4.3,0,4,1,0
CMD201516,CLI11657,Lomé,Téléphonie,Application mobile,Espèces à la livraison,21.0,F,466.0,0,3,28281,0.0,1470,86313,6,Mer,2.4,0,4,1,0
CMD201517,CLI10340,Lomé,Mode,Réseaux sociaux,Espèces à la livraison,36.0,F,70.0,0,2,3715,0.0,1561,8991,7,Lun,0.8,0,5,1,0
CMD201518,CLI11474,Atakpamé,Électronique,Site web,Mobile Money,18.0,F,17.0,0,1,35231,0.0,2869,38100,1,Mer,5.3,1,3,0,0
CMD201519,CLI10775,Sokodé,Mode,Site web,Espèces à la livraison,38.0,F,14.0,1,4,19380,17.6,2333,66209,9,Dim,6.0,1,5,1,0
CMD201520,CLI10700,Atakpamé,Mode,Site web,Mobile Money,20.0,H,91.0,0,2,15701,0.0,2707,34109,2,Mer,4.4,0,5,1,0
CMD201521,CLI10932,Lomé,Maison,Application mobile,Mobile Money,33.0,F,304.0,0,3,8418,0.0,981,26235,5,Dim,1.7,0,4,1,0
CMD201522,CLI10701,Sokodé,Mode,Application mobile,Espèces à la livraison,18.0,H,338.0,1,3,12589,18.2,2755,33648,10,Jeu,0.6,0,5,1,0
CMD201523,CLI10820,Lomé,Alimentaire,Application mobile,Espèces à la livraison,43.0,F,334.0,0,1,5441,0.0,1386,6827,10,Sam,2.2,0,4,1,0
CMD201524,CLI11062,Atakpamé,Téléphonie,Application mobile,Espèces à la livraison,31.0,H,21.0,1,3,39772,12.3,2319,106959,8,Sam,4.0,0,4,1,0
CMD201525,CLI10773,Dapaong,Mode,Réseaux sociaux,Mobile Money,35.0,F,89.0,0,6,15774,0.0,3615,98259,2,Mar,4.5,0,3,0,0
CMD201526,CLI11284,Kpalimé,Beauté,Site web,Espèces à la livraison,40.0,H,123.0,0,1,5519,4.4,2991,8267,7,Lun,2.7,0,5,1,0
CMD201527,CLI11534,Lomé,Beauté,Application mobile,Mobile Money,33.0,F,169.0,0,1,7052,6.0,2554,9183,9,Sam,1.8,0,4,1,0
CMD201528,CLI11224,Lomé,Mode,Site web,Mobile Money,38.0,H,432.0,1,2,20742,13.3,1850,37817,4,Mer,0.5,0,4,1,0
CMD201529,CLI10710,Lomé,Maison,Site web,Espèces à la livraison,37.0,F,155.0,0,3,24286,0.0,1120,73978,1,Ven,2.3,0,4,1,0
CMD201530,CLI11535,Kpalimé,Beauté,Application mobile,Mobile Money,30.0,H,156.0,0,2,15676,0.0,2226,33578,5,Ven,0.5,0,4,1,0
CMD201531,CLI10597,Kpalimé,Mode,Site web,Carte bancaire,37.0,H,206.0,1,4,7378,8.9,2159,29044,6,Mar,0.5,0,4,1,0
CMD201532,CLI11300,Lomé,Mode,Site web,Espèces à la livraison,,H,719.0,0,3,4342,5.6,1664,13961,6,Sam,3.1,0,5,1,0
CMD201533,CLI11170,Dapaong,Mode,Réseaux sociaux,Mobile Money,48.0,F,1586.0,0,2,7954,0.0,4278,20186,7,Mar,6.0,1,3,0,0
CMD201534,CLI10320,Dapaong,Alimentaire,Application mobile,Mobile Money,36.0,F,682.0,1,2,2189,12.4,4149,7984,7,Sam,3.9,0,4,1,0
CMD201535,CLI11046,Lomé,Beauté,Site web,Espèces à la livraison,46.0,F,76.0,1,2,9932,15.5,1500,18285,3,Mer,,0,5,1,0
CMD201536,CLI11175,Lomé,Beauté,Application mobile,Carte bancaire,33.0,H,141.0,0,5,1500,0.0,2293,9793,7,Mar,3.3,0,4,1,0
CMD201537,CLI10652,Lomé,Téléphonie,Application mobile,Espèces à la livraison,36.0,H,134.0,0,1,62480,0.0,1319,63799,11,Mar,2.9,0,5,1,0
CMD201538,CLI11102,Lomé,Électronique,Application mobile,Mobile Money,35.0,H,117.0,0,3,91752,0.0,2122,277378,10,Ven,3.2,0,4,1,0
CMD201539,CLI11619,Lomé,Mode,Site web,Mobile Money,34.0,H,518.0,0,2,18014,0.0,1421,37449,9,Mar,2.6,0,3,0,0
CMD201540,CLI11057,Lomé,Maison,Réseaux sociaux,Carte bancaire,37.0,H,424.0,0,3,35675,0.0,1768,108793,7,Jeu,0.8,0,4,1,0
CMD201541,CLI10482,Lomé,Mode,Application mobile,Mobile Money,28.0,F,,0,2,18364,8.2,1458,35174,4,Ven,2.2,0,5,1,0
CMD201542,CLI10834,Lomé,Maison,Réseaux sociaux,Mobile Money,25.0,H,355.0,0,1,29044,0.0,2112,31156,5,Sam,2.9,0,4,1,0
CMD201543,CLI11537,Lomé,Mode,Site web,Mobile Money,37.0,H,125.0,0,3,21171,6.5,2140,61525,3,Sam,3.8,0,4,1,0
CMD201544,CLI11367,Lomé,Maison,Application mobile,Mobile Money,31.0,H,150.0,0,3,22045,2.0,1498,66310,4,Mer,3.7,0,5,1,0
CMD201545,CLI11460,Atakpamé,Électronique,Application mobile,Carte bancaire,24.0,H,830.0,1,4,42563,7.1,2132,160296,12,Lun,5.8,1,4,1,0
CMD201546,CLI10971,Lomé,Maison,Application mobile,Mobile Money,26.0,H,379.0,0,3,8219,0.0,2248,26905,3,Lun,0.5,0,3,0,1
CMD201547,CLI10540,Kpalimé,Maison,Application mobile,Carte bancaire,34.0,H,494.0,0,2,28443,4.2,2592,57089,4,Sam,2.1,0,5,1,0
CMD201548,CLI11141,Lomé,Mode,Site web,Mobile Money,39.0,H,210.0,0,3,4454,0.0,1371,14733,9,Ven,3.4,0,3,0,0
CMD201549,CLI11667,Sokodé,Alimentaire,Application mobile,Mobile Money,29.0,F,599.0,0,2,1500,10.0,3212,5912,2,Lun,6.0,1,4,1,0
CMD201550,CLI11373,Lomé,Électronique,Site web,Espèces à la livraison,32.0,F,147.0,0,3,35256,0.0,858,106626,2,Lun,1.5,0,3,0,0
CMD201551,CLI10094,Sokodé,Beauté,Application mobile,Mobile Money,27.0,F,51.0,0,1,1500,0.0,2796,4296,2,Mer,2.3,0,4,1,0
CMD201552,CLI10523,Lomé,Téléphonie,Site web,Espèces à la livraison,32.0,H,596.0,0,3,125862,0.0,1571,379157,9,Ven,0.5,0,4,1,0
CMD201553,CLI11782,Lomé,Électronique,Application mobile,Carte bancaire,51.0,F,1027.0,1,2,67633,20.0,1578,109791,11,Sam,2.7,0,4,1,0
CMD201554,CLI10181,Kpalimé,Alimentaire,Réseaux sociaux,Espèces à la livraison,41.0,H,56.0,0,5,7636,0.0,1907,40087,2,Sam,4.9,0,3,0,0
CMD201555,CLI11734,Lomé,Alimentaire,Réseaux sociaux,Carte bancaire,30.0,H,446.0,1,6,4970,6.2,979,28950,8,Dim,1.5,0,5,1,0
CMD201556,CLI10440,Kara,Maison,Site web,Espèces à la livraison,41.0,F,1221.0,0,5,19516,0.0,3316,100896,3,Jeu,4.7,0,4,1,0
CMD201557,CLI10645,Lomé,Alimentaire,Application mobile,Carte bancaire,54.0,H,285.0,0,4,4653,0.0,612,19224,9,Jeu,0.5,0,5,1,0
CMD201558,CLI11259,Kpalimé,Téléphonie,Réseaux sociaux,Mobile Money,41.0,H,1100.0,0,3,53238,0.0,2641,162355,11,Ven,3.1,0,4,1,0
CMD201559,CLI10642,Lomé,Maison,Site web,Mobile Money,30.0,F,234.0,1,5,25431,8.7,852,116945,10,Jeu,1.2,0,5,1,0
CMD201560,CLI11392,Lomé,Maison,Application mobile,Espèces à la livraison,44.0,F,104.0,0,3,32377,7.0,1468,91800,5,Lun,4.2,0,4,1,0
CMD201561,CLI10233,Atakpamé,Mode,Application mobile,Espèces à la livraison,23.0,F,1577.0,1,4,4986,16.3,2847,19540,7,Mar,,0,4,1,0
CMD201562,CLI10165,Kpalimé,Maison,Site web,Espèces à la livraison,31.0,F,,0,1,9531,0.0,2335,11866,1,Mar,,0,4,1,0
CMD201563,CLI10581,Lomé,Beauté,Application mobile,Carte bancaire,44.0,F,200.0,0,3,2382,0.0,1220,8366,10,Mer,0.5,0,3,0,0
CMD201564,CLI11407,Lomé,Électronique,Application mobile,Espèces à la livraison,31.0,H,239.0,0,2,57105,0.0,1374,115584,12,Sam,2.1,0,4,1,0
CMD201565,CLI11392,Kpalimé,Beauté,Application mobile,Espèces à la livraison,34.0,H,743.0,0,1,11349,6.3,2034,12668,9,Jeu,3.9,0,4,1,0
CMD201566,CLI10275,Lomé,Électronique,Application mobile,Mobile Money,31.0,F,2.0,0,3,55103,0.0,1954,167263,1,Ven,1.0,0,3,0,0
CMD201567,CLI11087,Lomé,Alimentaire,Application mobile,Carte bancaire,44.0,H,67.0,0,4,10756,0.0,1374,44398,6,Ven,2.2,0,3,0,0
CMD201568,CLI11541,Sokodé,Alimentaire,Application mobile,Espèces à la livraison,23.0,F,155.0,0,4,6876,0.0,2730,30234,3,Ven,4.9,0,4,1,0
CMD201569,CLI10805,Dapaong,Téléphonie,Application mobile,Mobile Money,40.0,H,465.0,0,1,77100,0.0,4031,81131,1,Lun,,0,3,0,0
CMD201570,CLI11640,Lomé,Électronique,Réseaux sociaux,Espèces à la livraison,22.0,F,687.0,0,1,61325,0.0,1634,62959,4,Mar,7.2,1,3,0,0
CMD201571,CLI11558,Lomé,Beauté,Site web,Espèces à la livraison,44.0,H,76.0,1,4,13231,19.2,1851,44614,6,Mar,1.7,0,5,1,0
CMD201572,CLI10152,Lomé,Électronique,Application mobile,Espèces à la livraison,31.0,F,1345.0,0,4,9778,7.7,1733,37833,4,Mer,2.3,0,5,1,0
CMD201573,CLI10338,Lomé,Téléphonie,Site web,Mobile Money,30.0,H,594.0,0,3,68150,0.0,1913,206363,1,Jeu,2.1,0,4,1,0
CMD201574,CLI10790,Atakpamé,Électronique,Application mobile,Carte bancaire,35.0,H,146.0,0,2,50212,3.4,1772,98782,8,Lun,2.1,0,4,1,0
CMD201575,CLI11558,Kpalimé,Maison,Site web,Mobile Money,21.0,F,175.0,0,2,17829,,2617,35957,7,Ven,4.7,0,4,1,0
CMD201576,CLI10226,Lomé,Mode,Application mobile,Mobile Money,,H,205.0,0,3,5123,,1649,16603,9,Sam,2.4,0,4,1,0
CMD201577,CLI10393,Kpalimé,Alimentaire,Réseaux sociaux,Carte bancaire,44.0,F,524.0,0,3,9312,0.0,2452,30388,8,Mer,0.5,0,4,1,0
CMD201578,CLI10555,Kara,Maison,Application mobile,Mobile Money,46.0,F,18.0,1,4,1500,7.8,2852,8384,2,Sam,5.4,1,3,0,0
CMD201579,CLI10850,Lomé,Maison,Application mobile,Mobile Money,32.0,H,62.0,0,5,35861,0.0,1327,180632,6,Mer,4.8,0,4,1,0
CMD201580,CLI11299,Lomé,Alimentaire,Site web,Mobile Money,32.0,F,276.0,0,3,8253,0.0,1381,26140,4,Ven,2.1,0,4,1,0
CMD201581,CLI11316,Dapaong,Alimentaire,Application mobile,Espèces à la livraison,18.0,F,267.0,0,2,1500,8.8,3700,6436,10,Sam,6.0,1,4,1,0
CMD201582,CLI10634,Sokodé,Maison,Application mobile,Mobile Money,31.0,H,701.0,1,3,18439,9.5,2803,52865,1,Sam,4.7,0,5,1,0
CMD201583,CLI10051,Lomé,Beauté,Site web,Mobile Money,46.0,H,481.0,1,4,10422,7.1,857,39585,7,Dim,2.9,0,4,1,0
CMD201584,CLI10541,Lomé,Maison,Application mobile,Mobile Money,22.0,H,164.0,1,5,18748,17.9,1668,78629,11,Mar,3.5,0,5,1,0
CMD201585,CLI10309,Kpalimé,Maison,Site web,Espèces à la livraison,37.0,F,247.0,0,2,1500,9.5,2632,5347,8,Ven,4.0,0,4,1,0
CMD201586,CLI10249,Lomé,Téléphonie,Application mobile,Mobile Money,31.0,F,205.0,0,1,33086,0.0,2293,35379,5,Sam,2.6,0,5,1,0
CMD201587,CLI10013,Lomé,Beauté,Réseaux sociaux,Mobile Money,33.0,F,342.0,0,3,10070,0.0,1256,31466,2,Sam,1.3,0,3,0,0
CMD201588,CLI11643,Lomé,Maison,Site web,Mobile Money,22.0,H,181.0,0,4,8382,0.0,2211,35739,10,Lun,0.5,0,4,1,0
CMD201589,CLI10528,Sokodé,Beauté,Application mobile,Espèces à la livraison,27.0,H,46.0,0,1,1500,0.0,3308,4808,6,Mer,0.7,0,4,1,0
CMD201590,CLI11145,Atakpamé,Maison,Application mobile,Mobile Money,37.0,F,844.0,0,2,41537,0.0,2837,85911,6,Mar,1.3,0,4,1,0
CMD201591,CLI10798,Lomé,Électronique,Site web,Espèces à la livraison,38.0,H,38.0,1,1,45861,5.6,1349,44642,7,Ven,0.5,0,5,1,0
CMD201592,CLI11509,Kara,Maison,Application mobile,Mobile Money,32.0,H,126.0,0,2,35544,3.4,2532,71203,3,Dim,8.2,1,3,0,0
CMD201593,CLI10938,Kpalimé,Maison,Application mobile,Mobile Money,23.0,F,255.0,0,3,21980,4.4,3048,66087,3,Mar,,0,4,1,0
CMD201594,CLI11038,Kara,Maison,Site web,Espèces à la livraison,31.0,F,81.0,0,2,11555,0.0,2752,25862,7,Ven,1.8,0,3,0,0
CMD201595,CLI10507,Lomé,Beauté,Application mobile,Espèces à la livraison,21.0,H,663.0,0,1,4669,0.0,1931,6600,2,Mer,1.6,0,3,0,0
CMD201596,CLI10130,Lomé,Mode,Réseaux sociaux,Carte bancaire,24.0,H,508.0,1,2,15721,12.9,2309,29695,1,Dim,3.6,0,4,1,1
CMD201597,CLI10366,Lomé,Électronique,Application mobile,Espèces à la livraison,42.0,F,43.0,1,3,36097,14.3,1858,94663,1,Mer,2.1,0,5,1,0
CMD201598,CLI10645,Kpalimé,Téléphonie,Application mobile,Espèces à la livraison,18.0,H,1387.0,1,2,2926,12.2,2247,7385,11,Jeu,2.2,0,3,0,0
CMD201599,CLI11750,Atakpamé,Mode,Réseaux sociaux,Mobile Money,36.0,F,11.0,0,2,1500,0.0,2701,5701,8,Mar,3.6,0,3,0,0
CMD201600,CLI11677,Lomé,Électronique,Site web,Espèces à la livraison,22.0,F,723.0,0,1,2160,0.0,2557,4717,11,Mer,1.8,0,3,0,0
CMD201601,CLI10375,Lomé,Maison,Site web,Espèces à la livraison,38.0,F,249.0,0,4,17988,0.0,1841,73793,4,Sam,2.3,0,4,1,0
CMD201602,CLI10752,Dapaong,Beauté,Réseaux sociaux,Mobile Money,22.0,H,2200.0,0,3,9370,0.0,4166,32276,7,Mar,5.0,0,5,1,1
CMD201603,CLI10119,Lomé,Alimentaire,Réseaux sociaux,Mobile Money,45.0,H,13.0,1,4,1500,,1275,6327,8,Jeu,2.1,0,4,1,0
CMD201604,CLI10320,Sokodé,Beauté,Réseaux sociaux,Mobile Money,21.0,H,123.0,0,3,10309,0.0,2247,33174,2,Dim,6.6,1,4,1,0
CMD201605,CLI10845,Lomé,Mode,Application mobile,Espèces à la livraison,18.0,H,154.0,1,3,6123,14.7,2137,17806,3,Dim,2.9,0,5,1,0
CMD201606,CLI11448,Sokodé,Alimentaire,Site web,Mobile Money,41.0,F,1478.0,1,4,3864,14.8,2708,15877,2,Jeu,4.3,0,4,1,0
CMD201607,CLI11493,Lomé,Mode,Réseaux sociaux,Mobile Money,24.0,F,234.0,1,2,17556,11.7,1331,32335,6,Ven,2.3,0,4,1,0
CMD201608,CLI10397,Lomé,Téléphonie,Application mobile,Espèces à la livraison,20.0,H,70.0,0,3,73415,0.0,1906,222151,12,Sam,2.4,0,5,1,0
CMD201609,CLI10039,Atakpamé,Téléphonie,Réseaux sociaux,Mobile Money,29.0,F,799.0,0,3,2505,4.5,2609,9786,2,Jeu,2.6,0,4,1,0
CMD201610,CLI10427,Dapaong,Alimentaire,Site web,Mobile Money,30.0,H,502.0,0,2,1500,0.0,3607,6607,3,Jeu,2.8,0,4,1,0
CMD201611,CLI11243,Lomé,Maison,Réseaux sociaux,Espèces à la livraison,32.0,F,855.0,0,3,7683,9.2,1463,22391,11,Ven,1.1,0,3,0,0
CMD201612,CLI11188,Lomé,Maison,Application mobile,Mobile Money,29.0,H,853.0,0,1,26959,0.0,1454,28413,5,Lun,2.4,0,5,1,0
CMD201613,CLI10515,Sokodé,Alimentaire,Application mobile,Mobile Money,34.0,H,85.0,0,2,1500,0.0,2495,5495,10,Lun,3.3,0,4,1,0
CMD201614,CLI10544,Lomé,Alimentaire,Réseaux sociaux,Espèces à la livraison,18.0,H,893.0,1,2,9251,7.4,1944,19077,8,Ven,4.2,0,4,1,0
CMD201615,CLI10637,Lomé,Maison,Application mobile,Carte bancaire,39.0,F,124.0,0,2,28462,0.0,2065,58989,5,Mer,1.7,0,5,1,0
CMD201616,CLI10173,Lomé,Électronique,Site web,Mobile Money,42.0,F,241.0,0,2,47543,6.1,1414,90700,10,Lun,2.1,0,4,1,0
CMD201617,CLI11609,Atakpamé,Maison,Application mobile,Espèces à la livraison,46.0,F,96.0,0,2,15711,0.0,2678,34100,2,Mar,2.2,0,4,1,0
CMD201618,CLI11182,Lomé,Mode,Réseaux sociaux,Mobile Money,36.0,H,270.0,0,5,8294,0.0,831,42301,12,Sam,0.9,0,3,0,0
CMD201619,CLI11228,Lomé,Maison,Application mobile,Espèces à la livraison,40.0,F,743.0,0,6,1500,0.0,1508,10508,12,Mer,3.9,0,4,1,0
CMD201620,CLI10548,Atakpamé,Maison,Site web,Mobile Money,34.0,H,343.0,0,3,1500,0.0,2700,7200,5,Sam,2.6,0,4,1,0
CMD201621,CLI11237,Kpalimé,Électronique,Réseaux sociaux,Espèces à la livraison,28.0,H,167.0,1,5,47269,13.7,2459,206425,10,Sam,1.9,0,4,1,0
CMD201622,CLI11256,Sokodé,Téléphonie,Application mobile,Espèces à la livraison,39.0,H,350.0,0,3,15891,0.0,2852,50525,2,Jeu,3.9,0,3,0,0
CMD201623,CLI11567,Atakpamé,Maison,Application mobile,Mobile Money,28.0,H,764.0,1,1,34954,13.5,2512,32747,6,Mar,1.9,0,5,1,0
CMD201624,CLI10910,Dapaong,Beauté,Site web,Espèces à la livraison,24.0,H,39.0,0,4,14475,5.4,4026,58799,10,Lun,5.9,1,4,1,0
CMD201625,CLI10253,Kara,Téléphonie,Application mobile,Mobile Money,41.0,F,426.0,0,2,37856,0.0,3183,78895,8,Jeu,3.4,0,4,1,0
CMD201626,CLI11066,Lomé,Maison,Application mobile,Espèces à la livraison,30.0,F,414.0,0,3,19588,5.9,1984,57281,7,Mar,5.1,1,2,0,0
CMD201627,CLI10348,Kara,Maison,Application mobile,Mobile Money,29.0,F,753.0,0,2,1500,0.0,3155,6155,7,Ven,5.8,1,4,1,1
CMD201628,CLI10349,Kpalimé,Mode,Application mobile,Mobile Money,27.0,H,5.0,0,2,14523,0.0,1527,30573,6,Jeu,1.1,0,4,1,0
CMD201629,CLI10863,Sokodé,Mode,Application mobile,Mobile Money,26.0,F,1104.0,0,2,22825,0.0,2974,48624,4,Mer,0.8,0,5,1,0
CMD201630,CLI10718,Atakpamé,Alimentaire,Application mobile,Mobile Money,18.0,H,834.0,0,3,7594,2.4,3175,25410,3,Mar,2.1,0,4,1,0
CMD201631,CLI10457,Kpalimé,Électronique,Application mobile,Mobile Money,27.0,H,88.0,0,2,66896,0.0,1933,135725,11,Lun,3.8,0,4,1,0
CMD201632,CLI10412,Kara,Électronique,Application mobile,Espèces à la livraison,35.0,F,229.0,0,3,55036,0.0,3062,168170,2,Ven,6.6,1,4,1,0
CMD201633,CLI11799,Lomé,Beauté,Site web,Mobile Money,28.0,F,124.0,1,3,1500,18.2,1082,4763,8,Mer,1.0,0,5,1,0
CMD201634,CLI10192,Kara,Mode,Application mobile,Mobile Money,31.0,H,108.0,0,2,7853,8.1,2276,16710,1,Mar,4.6,0,4,1,0
CMD201635,CLI11704,Lomé,Mode,Site web,Mobile Money,48.0,F,647.0,1,1,8028,15.2,1644,8452,6,Lun,0.7,0,4,1,1
CMD201636,CLI11248,Lomé,Mode,Application mobile,Espèces à la livraison,39.0,F,23.0,0,2,6077,0.0,1815,13969,2,Ven,2.6,0,4,1,1
CMD201637,CLI10379,Lomé,Mode,Réseaux sociaux,Mobile Money,23.0,H,18.0,1,2,18639,9.7,1691,35353,1,Sam,0.5,0,4,1,1
CMD201638,CLI11603,Lomé,Maison,Site web,Espèces à la livraison,40.0,H,32.0,0,2,3758,9.4,1799,8608,2,Sam,3.7,0,5,1,0
CMD201639,CLI11325,Lomé,Électronique,Réseaux sociaux,Mobile Money,39.0,F,583.0,0,2,34946,0.0,2450,72342,11,Mer,0.5,0,3,0,0
CMD201640,CLI11107,Dapaong,Maison,Application mobile,Espèces à la livraison,27.0,F,156.0,1,3,6101,9.7,3756,20284,11,Mar,4.2,0,4,1,0
CMD201641,CLI11649,Sokodé,Électronique,Application mobile,Carte bancaire,46.0,F,802.0,0,2,5783,3.6,2400,13550,12,Jeu,2.6,0,5,1,0
CMD201642,CLI11742,Lomé,Téléphonie,Application mobile,Mobile Money,22.0,F,463.0,0,3,72274,0.0,1534,218356,6,Mer,4.0,0,3,0,0
CMD201643,CLI10306,Lomé,Mode,Application mobile,Mobile Money,45.0,F,608.0,0,2,16609,,1837,35055,4,Sam,1.9,0,3,0,0
CMD201644,CLI11335,Atakpamé,Beauté,Site web,Espèces à la livraison,41.0,H,123.0,0,3,12992,7.8,3577,39513,7,Ven,4.3,0,4,1,0
CMD201645,CLI10420,Dapaong,Beauté,Application mobile,Carte bancaire,45.0,H,279.0,0,1,5750,0.0,3435,9185,12,Dim,3.5,0,3,0,0
CMD201646,CLI11703,Kpalimé,Mode,Application mobile,Mobile Money,33.0,F,248.0,1,4,25944,,2329,87322,4,Sam,0.5,0,5,1,0
CMD201647,CLI11430,Kara,Maison,Application mobile,Mobile Money,33.0,F,238.0,1,1,28778,7.0,2801,29565,7,Mar,4.1,0,5,1,0
CMD201648,CLI10310,Atakpamé,Beauté,Réseaux sociaux,Mobile Money,35.0,H,305.0,1,5,1500,15.2,2576,8936,1,Ven,3.5,0,4,1,0
CMD201649,CLI10094,Lomé,Maison,Site web,Espèces à la livraison,23.0,F,1263.0,0,3,5107,0.0,1276,16597,4,Dim,3.2,0,5,1,0
CMD201650,CLI11359,Lomé,Mode,Réseaux sociaux,Espèces à la livraison,30.0,F,1841.0,1,2,7897,19.0,1322,14115,5,Dim,0.5,0,5,1,0
CMD201651,CLI11296,Atakpamé,Beauté,Site web,Mobile Money,41.0,F,404.0,1,4,4529,14.3,2334,17859,2,Jeu,5.1,1,4,1,0
CMD201652,CLI11357,Kara,Mode,Application mobile,Mobile Money,27.0,H,471.0,0,3,23116,0.0,2904,72252,2,Dim,3.9,0,3,0,0
CMD201653,CLI11696,Lomé,Téléphonie,Site web,Espèces à la livraison,40.0,F,137.0,1,2,76796,13.6,1131,133834,1,Ven,1.2,0,4,1,1
CMD201654,CLI11321,Lomé,Alimentaire,Site web,Mobile Money,31.0,F,787.0,0,5,2026,0.0,1853,11983,6,Sam,4.7,0,4,1,0
CMD201655,CLI10998,Kara,Beauté,Application mobile,Mobile Money,35.0,F,46.0,0,2,4505,0.0,2599,11609,4,Sam,7.0,1,4,1,0
CMD201656,CLI10283,Sokodé,Électronique,Application mobile,Mobile Money,34.0,H,728.0,0,3,46512,0.0,2291,141827,8,Lun,,0,3,0,0
CMD201657,CLI11788,Lomé,Maison,Site web,Espèces à la livraison,29.0,F,44.0,0,1,33844,0.0,2021,35865,1,Mer,1.2,0,4,1,0
CMD201658,CLI10594,Lomé,Maison,Site web,Carte bancaire,37.0,F,378.0,0,4,34841,0.0,1174,140538,8,Ven,,0,5,1,0
CMD201659,CLI11461,Kara,Mode,Réseaux sociaux,Espèces à la livraison,29.0,F,150.0,0,3,25456,0.0,3018,79386,3,Sam,1.1,0,4,1,0
CMD201660,CLI11095,Kpalimé,Maison,Site web,Carte bancaire,39.0,F,1463.0,0,2,8445,0.0,2780,19670,11,Lun,5.2,1,4,1,0
CMD201661,CLI10725,Sokodé,Mode,Réseaux sociaux,Carte bancaire,51.0,H,1096.0,0,5,10436,7.7,3365,51527,6,Lun,2.1,0,5,1,0
CMD201662,CLI10565,Sokodé,Maison,Application mobile,Espèces à la livraison,43.0,F,36.0,1,3,26820,5.7,1941,77815,8,Sam,4.4,0,5,1,0
CMD201663,CLI10663,Lomé,Mode,Site web,Carte bancaire,26.0,H,120.0,1,3,7772,12.5,1715,22116,8,Sam,2.5,0,5,1,1
CMD201664,CLI10373,Lomé,Maison,Application mobile,Espèces à la livraison,24.0,H,613.0,0,1,24637,0.0,1439,26076,6,Sam,0.5,0,5,1,0
CMD201665,CLI10588,Atakpamé,Maison,Application mobile,Mobile Money,24.0,H,109.0,0,2,51730,0.0,2697,106157,8,Dim,4.2,0,4,1,0
CMD201666,CLI10847,Sokodé,Beauté,Réseaux sociaux,Mobile Money,30.0,F,600.0,0,3,7379,4.5,2664,23805,1,Mer,5.7,1,3,0,0
CMD201667,CLI11207,Lomé,Électronique,Site web,Mobile Money,33.0,H,311.0,1,2,105986,8.1,1815,196617,8,Mar,1.3,0,4,1,0
CMD201668,CLI10085,Lomé,Mode,Site web,Mobile Money,,F,1044.0,0,1,18713,0.0,1792,20505,3,Mar,3.1,0,4,1,0
CMD201669,CLI10500,Lomé,Électronique,Site web,Mobile Money,18.0,F,535.0,1,2,54980,7.5,814,102527,12,Lun,1.4,0,4,1,0
CMD201670,CLI11105,Kara,Alimentaire,Site web,Mobile Money,37.0,H,182.0,0,3,1500,4.5,2740,7038,7,Mer,3.8,0,4,1,0
CMD201671,CLI11075,Kara,Électronique,Application mobile,Espèces à la livraison,36.0,H,2200.0,0,2,46958,8.1,2682,88991,7,Sam,6.9,1,3,0,0
CMD201672,CLI10350,Atakpamé,Beauté,Application mobile,Espèces à la livraison,31.0,H,657.0,0,4,12695,0.0,2381,53161,1,Dim,5.5,1,3,0,0
CMD201673,CLI11639,Kpalimé,Électronique,Application mobile,Mobile Money,36.0,H,204.0,0,2,66306,0.0,2318,134930,11,Mer,2.8,0,3,0,0
CMD201674,CLI11155,Kara,Électronique,Application mobile,Espèces à la livraison,32.0,F,29.0,0,5,36748,8.1,2454,171311,4,Lun,3.9,0,4,1,0
CMD201675,CLI10305,Lomé,Mode,Application mobile,Espèces à la livraison,45.0,F,1805.0,0,1,3104,0.0,1553,4657,10,Sam,1.9,0,3,0,0
CMD201676,CLI11035,Lomé,Mode,Réseaux sociaux,Mobile Money,31.0,F,64.0,0,2,20078,0.0,1591,41747,10,Mar,,0,4,1,0
CMD201677,CLI10740,Kpalimé,Mode,Site web,Mobile Money,30.0,F,205.0,0,4,22563,,3119,93371,11,Dim,5.8,1,4,1,0
CMD201678,CLI11134,Dapaong,Téléphonie,Site web,Espèces à la livraison,30.0,F,634.0,0,2,53040,0.0,3925,110005,12,Lun,4.7,0,5,1,0
CMD201679,CLI10016,Lomé,Maison,Application mobile,Mobile Money,34.0,H,94.0,1,4,33846,12.0,1816,120954,2,Jeu,1.3,0,4,1,0
CMD201680,CLI10098,Lomé,Mode,Application mobile,Mobile Money,,H,623.0,0,3,18340,9.4,1413,51261,6,Lun,4.4,0,4,1,0
CMD201681,CLI10539,Sokodé,Maison,Application mobile,Mobile Money,24.0,H,360.0,0,2,13129,0.0,1900,28158,2,Mer,,1,4,1,0
CMD201682,CLI10778,Kara,Beauté,Application mobile,Mobile Money,,F,264.0,0,1,4169,6.5,2757,6655,5,Sam,2.9,0,4,1,0
CMD201683,CLI10353,Kpalimé,Beauté,Site web,Mobile Money,46.0,F,65.0,0,3,6806,0.0,1970,22388,8,Sam,4.5,0,4,1,0
CMD201684,CLI10937,Kara,Électronique,Réseaux sociaux,Carte bancaire,34.0,H,407.0,0,2,15381,0.0,3160,33922,10,Sam,3.5,0,2,0,0
CMD201685,CLI11119,Lomé,Alimentaire,Site web,Mobile Money,37.0,F,33.0,0,3,4623,0.0,1011,14880,11,Sam,1.3,0,5,1,1
CMD201686,CLI11741,Lomé,Mode,Application mobile,Espèces à la livraison,28.0,F,136.0,0,2,1804,0.0,2065,5673,5,Ven,2.1,0,4,1,0
CMD201687,CLI10997,Dapaong,Électronique,Site web,Mobile Money,41.0,H,161.0,0,3,50755,0.0,3668,155933,5,Sam,7.2,1,4,1,0
CMD201688,CLI11544,Lomé,Mode,Réseaux sociaux,Espèces à la livraison,26.0,F,585.0,0,1,35802,0.0,1445,37247,11,Ven,2.4,0,4,1,0
CMD201689,CLI11459,Lomé,Maison,Application mobile,Espèces à la livraison,31.0,F,414.0,0,3,18898,3.9,500,54983,3,Dim,2.6,0,5,1,0
CMD201690,CLI10769,Lomé,Téléphonie,Réseaux sociaux,Mobile Money,36.0,F,925.0,0,4,62528,0.0,1823,251935,10,Dim,2.0,0,5,1,0
CMD201691,CLI11012,Kara,Électronique,Application mobile,Mobile Money,,H,675.0,1,3,14515,15.0,2697,39710,8,Jeu,2.4,0,5,1,0
CMD201692,CLI10711,Lomé,Téléphonie,Site web,Espèces à la livraison,36.0,F,221.0,0,3,2003,8.4,1029,6533,12,Dim,4.9,0,4,1,0
CMD201693,CLI10238,Lomé,Maison,Réseaux sociaux,Mobile Money,,H,381.0,0,1,25800,3.8,1785,26605,3,Jeu,4.8,0,5,1,0
CMD201694,CLI10826,Dapaong,Mode,Application mobile,Mobile Money,20.0,H,14.0,0,1,6485,4.9,4502,10669,6,Dim,7.5,1,3,0,0
CMD201695,CLI10258,Kara,Maison,Réseaux sociaux,Mobile Money,26.0,F,176.0,0,2,14087,2.1,2956,30538,6,Dim,,0,3,0,0
CMD201696,CLI10158,Lomé,Mode,Réseaux sociaux,Mobile Money,18.0,F,468.0,0,1,26915,0.0,2066,28981,4,Sam,3.8,0,4,1,0
CMD201697,CLI10269,Lomé,Électronique,Réseaux sociaux,Espèces à la livraison,38.0,F,125.0,1,2,59038,9.3,1684,108779,11,Mar,1.6,0,4,1,0
CMD201698,CLI10281,Lomé,Téléphonie,Application mobile,Espèces à la livraison,32.0,H,62.0,0,2,32933,0.0,2039,67905,10,Lun,3.3,0,4,1,0
CMD201699,CLI11749,Dapaong,Mode,Application mobile,Mobile Money,39.0,F,1570.0,1,2,3468,9.2,4377,10675,8,Sam,4.4,0,4,1,0
CMD201700,CLI10973,Lomé,Beauté,Application mobile,Mobile Money,40.0,F,341.0,0,2,4326,0.0,1315,9967,4,Jeu,3.4,0,4,1,0
CMD201701,CLI10453,Atakpamé,Alimentaire,Site web,Mobile Money,18.0,F,87.0,0,2,7396,0.0,3060,17852,6,Dim,3.2,0,4,1,0
CMD201702,CLI10886,Dapaong,Alimentaire,Réseaux sociaux,Mobile Money,23.0,F,1307.0,0,4,6373,0.0,4197,29689,11,Ven,3.6,0,3,0,0
CMD201703,CLI11051,Kara,Téléphonie,Site web,Espèces à la livraison,38.0,H,220.0,0,2,42767,0.0,2942,88476,3,Mer,3.5,0,4,1,0
CMD201704,CLI10299,Lomé,Électronique,Application mobile,Mobile Money,43.0,F,1807.0,0,2,23964,0.0,2101,50029,5,Lun,1.0,0,4,1,0
CMD201705,CLI10890,Lomé,Maison,Réseaux sociaux,Mobile Money,29.0,H,83.0,1,2,1500,7.3,1493,4274,8,Sam,0.5,0,5,1,0
CMD201706,CLI10435,Lomé,Beauté,Application mobile,Espèces à la livraison,27.0,F,437.0,1,3,13739,9.8,1472,38650,6,Sam,0.5,0,4,1,0
CMD201707,CLI11683,Lomé,Maison,Application mobile,Mobile Money,30.0,H,575.0,0,1,19022,0.0,1855,20877,7,Mer,3.0,0,3,0,0
CMD201708,CLI11160,Kara,Électronique,Réseaux sociaux,Mobile Money,32.0,H,430.0,0,2,49648,6.1,3140,96379,5,Sam,2.8,0,5,1,0
CMD201709,CLI10512,Kpalimé,Mode,Réseaux sociaux,Mobile Money,34.0,H,672.0,1,2,10908,17.8,2286,20219,1,Ven,1.8,0,5,1,0
CMD201710,CLI10320,Sokodé,Beauté,Réseaux sociaux,Mobile Money,38.0,F,270.0,0,4,10775,0.0,2598,45698,9,Sam,5.8,1,4,1,0
CMD201711,CLI11468,Kara,Téléphonie,Réseaux sociaux,Espèces à la livraison,24.0,H,2200.0,0,3,32751,0.0,2885,101138,7,Lun,0.5,0,5,1,0
CMD201712,CLI10137,Lomé,Électronique,Application mobile,Mobile Money,18.0,H,231.0,0,4,1500,0.0,975,6975,4,Ven,2.3,0,5,1,0
CMD201713,CLI10598,Lomé,Alimentaire,Réseaux sociaux,Espèces à la livraison,27.0,F,219.0,0,5,6607,6.7,1503,32325,4,Lun,2.9,0,4,1,0
CMD201714,CLI10682,Lomé,Maison,Réseaux sociaux,Mobile Money,59.0,F,219.0,0,3,1500,0.0,2018,6518,11,Dim,0.7,0,4,1,0
CMD201715,CLI10173,Atakpamé,Beauté,Réseaux sociaux,Espèces à la livraison,40.0,F,5.0,0,3,11318,2.2,2383,35590,8,Dim,5.5,1,4,1,0
CMD201716,CLI11514,Kara,Beauté,Réseaux sociaux,Espèces à la livraison,19.0,F,1006.0,0,2,2253,0.0,3269,7775,10,Sam,4.9,0,5,1,0
CMD201717,CLI11350,Sokodé,Beauté,Application mobile,Mobile Money,45.0,F,4.0,0,1,16621,0.0,1710,18331,10,Mar,2.5,0,4,1,0
CMD201718,CLI10038,Lomé,Alimentaire,Application mobile,Espèces à la livraison,41.0,H,730.0,0,1,7421,5.6,2364,9369,3,Mar,1.9,0,4,1,0
CMD201719,CLI11021,Lomé,Mode,Application mobile,Mobile Money,41.0,H,201.0,0,2,3275,8.7,1633,7613,5,Mer,2.6,0,4,1,0
CMD201720,CLI11142,Kara,Beauté,Application mobile,Mobile Money,33.0,F,1151.0,0,3,17518,0.0,3110,55664,2,Mer,5.1,1,4,1,0
CMD201721,CLI10181,Lomé,Téléphonie,Réseaux sociaux,Mobile Money,51.0,F,912.0,0,1,48387,3.8,2691,49239,9,Sam,3.7,0,5,1,0
CMD201722,CLI10709,Kara,Mode,Site web,Carte bancaire,34.0,H,68.0,0,2,23760,9.1,3169,46365,6,Jeu,5.4,1,5,1,0
CMD201723,CLI10881,Kara,Électronique,Application mobile,Mobile Money,57.0,F,696.0,1,4,45415,5.7,2657,173962,12,Lun,5.7,1,5,1,0
CMD201724,CLI10922,Lomé,Mode,Site web,Mobile Money,42.0,F,108.0,0,3,2874,0.0,1704,10326,8,Mar,3.3,0,4,1,0
CMD201725,CLI10418,Lomé,Alimentaire,Site web,Mobile Money,28.0,H,409.0,0,4,4653,0.0,1104,19716,4,Sam,1.3,0,4,1,0
CMD201726,CLI10968,Lomé,Alimentaire,Application mobile,Espèces à la livraison,29.0,F,291.0,0,3,13571,0.0,2389,43102,11,Mer,1.4,0,4,1,0
CMD201727,CLI10636,Dapaong,Électronique,Site web,Mobile Money,29.0,H,48.0,0,5,68170,3.3,3932,333534,2,Mer,4.5,0,4,1,0
CMD201728,CLI10003,Sokodé,Beauté,Application mobile,Mobile Money,30.0,F,177.0,0,4,9953,0.0,2705,42517,3,Jeu,1.8,0,3,0,0
CMD201729,CLI10502,Atakpamé,Maison,Application mobile,Mobile Money,44.0,F,34.0,1,3,22878,18.3,3218,59292,11,Sam,3.9,0,5,1,0
CMD201730,CLI10408,Kara,Mode,Application mobile,Espèces à la livraison,28.0,H,1470.0,0,1,23129,0.0,2555,25684,6,Jeu,2.6,0,4,1,0
CMD201731,CLI10355,Lomé,Alimentaire,Site web,Mobile Money,30.0,H,671.0,1,2,5787,8.3,1364,11977,1,Ven,1.4,0,5,1,0
CMD201732,CLI10322,Lomé,Électronique,Site web,Espèces à la livraison,43.0,F,286.0,1,1,55012,18.9,1032,45647,11,Ven,3.0,0,4,1,0
CMD201733,CLI11288,Lomé,Mode,Application mobile,Espèces à la livraison,22.0,H,61.0,0,1,32275,8.1,1706,31367,9,Mar,2.9,0,5,1,0
CMD201734,CLI10656,Kara,Maison,Site web,Espèces à la livraison,19.0,H,1231.0,1,1,22940,12.7,3630,23657,6,Mar,3.5,0,5,1,0
CMD201735,CLI11738,Sokodé,Électronique,Site web,Mobile Money,26.0,F,219.0,0,4,44104,8.4,3337,164934,1,Mer,5.7,1,3,0,0
CMD201736,CLI10547,Lomé,Alimentaire,Site web,Mobile Money,24.0,H,686.0,0,3,4092,3.7,1509,13331,12,Mar,1.8,0,4,1,0
CMD201737,CLI10170,Kpalimé,Maison,Application mobile,Mobile Money,29.0,H,88.0,0,3,11316,0.0,1734,35682,6,Dim,2.5,0,4,1,0
CMD201738,CLI10999,Lomé,Téléphonie,Application mobile,Mobile Money,40.0,H,199.0,0,5,63316,0.0,1588,318168,12,Lun,2.4,0,4,1,0
CMD201739,CLI10026,Lomé,Alimentaire,Application mobile,Mobile Money,26.0,F,143.0,0,1,12049,0.0,1562,13611,5,Mer,4.0,0,4,1,0
CMD201740,CLI11725,Lomé,Beauté,Application mobile,Espèces à la livraison,19.0,H,322.0,0,4,4617,8.2,1344,18298,5,Ven,0.5,0,5,1,0
CMD201741,CLI10869,Sokodé,Mode,Réseaux sociaux,Mobile Money,38.0,H,209.0,0,3,22168,0.0,2626,69130,6,Lun,3.1,0,4,1,0
CMD201742,CLI10712,Lomé,Électronique,Réseaux sociaux,Carte bancaire,37.0,H,117.0,0,2,40259,6.7,1139,76262,1,Lun,3.3,0,4,1,0
CMD201743,CLI11517,Kara,Maison,Application mobile,Mobile Money,37.0,H,231.0,0,2,20523,0.0,2269,43315,5,Mer,3.1,0,4,1,1
CMD201744,CLI10726,Kara,Alimentaire,Application mobile,Espèces à la livraison,39.0,F,203.0,0,5,8367,0.0,2439,44274,12,Mar,4.4,0,4,1,0
CMD201745,CLI10390,Lomé,Électronique,Site web,Mobile Money,43.0,F,125.0,1,2,33115,5.6,1587,64108,4,Lun,0.9,0,5,1,0
CMD201746,CLI11014,Lomé,Téléphonie,Application mobile,Espèces à la livraison,39.0,H,466.0,0,5,5710,0.0,1116,29666,11,Mer,3.2,0,4,1,0
CMD201747,CLI10065,Kpalimé,Maison,Réseaux sociaux,Mobile Money,30.0,H,158.0,0,3,22906,3.6,2485,68729,12,Lun,6.5,1,4,1,0
CMD201748,CLI10099,Dapaong,Électronique,Site web,Mobile Money,22.0,F,,0,2,37835,8.3,3615,73004,4,Jeu,4.3,0,4,1,0
CMD201749,CLI10928,Kpalimé,Téléphonie,Site web,Mobile Money,31.0,F,92.0,0,3,1500,6.6,2197,6400,7,Mar,,1,4,1,0
CMD201750,CLI11741,Lomé,Téléphonie,Application mobile,Espèces à la livraison,29.0,H,,0,3,88292,5.0,2589,254221,2,Mer,3.5,0,5,1,0
CMD201751,CLI10871,Lomé,Téléphonie,Site web,Mobile Money,33.0,F,319.0,0,4,1500,8.3,1400,6902,2,Dim,1.5,0,4,1,0
CMD201752,CLI10075,Atakpamé,Électronique,Site web,Mobile Money,31.0,H,134.0,0,1,47913,0.0,3266,51179,3,Mar,1.8,0,4,1,0
CMD201753,CLI10875,Kpalimé,Beauté,Application mobile,Espèces à la livraison,38.0,H,354.0,0,2,1500,0.0,2481,5481,2,Ven,3.8,0,4,1,0
CMD201754,CLI10414,Kara,Alimentaire,Application mobile,Espèces à la livraison,37.0,F,333.0,0,2,1500,0.0,3067,6067,3,Mar,3.2,0,4,1,0
CMD201755,CLI10845,Lomé,Alimentaire,Réseaux sociaux,Mobile Money,31.0,F,330.0,0,3,1814,0.0,1604,7046,5,Lun,1.6,0,4,1,0
CMD201756,CLI10043,Lomé,Maison,Application mobile,Espèces à la livraison,48.0,H,75.0,0,4,3094,2.1,1992,14108,8,Jeu,1.5,0,5,1,0
CMD201757,CLI10548,Lomé,Maison,Application mobile,Espèces à la livraison,32.0,H,498.0,1,2,21208,5.9,2180,42093,7,Mer,1.4,0,5,1,0
CMD201758,CLI10279,Lomé,Électronique,Application mobile,Espèces à la livraison,28.0,H,8.0,0,2,45682,0.0,1620,92984,12,Jeu,3.5,0,4,1,0
CMD201759,CLI11631,Lomé,Mode,Application mobile,Carte bancaire,28.0,H,660.0,0,4,3222,0.0,1759,14647,6,Mer,0.5,0,4,1,0
CMD201760,CLI11329,Lomé,Maison,Application mobile,Espèces à la livraison,32.0,F,283.0,1,5,14917,15.3,1571,64744,12,Mer,2.3,0,4,1,0
CMD201761,CLI10633,Lomé,Téléphonie,Application mobile,Mobile Money,20.0,F,627.0,0,4,96869,0.0,1423,388899,4,Sam,4.6,0,4,1,0
CMD201762,CLI10697,Atakpamé,Alimentaire,Réseaux sociaux,Mobile Money,36.0,F,62.0,1,1,6174,15.5,3229,8446,2,Sam,6.4,1,5,1,0
CMD201763,CLI10262,Atakpamé,Mode,Application mobile,Espèces à la livraison,41.0,F,706.0,0,1,6469,2.3,2035,8355,6,Mar,4.4,0,5,1,0
CMD201764,CLI10005,Lomé,Mode,Réseaux sociaux,Espèces à la livraison,33.0,H,162.0,0,4,11652,9.8,1584,43624,5,Jeu,0.5,0,4,1,0
CMD201765,CLI11686,Sokodé,Mode,Application mobile,Mobile Money,45.0,H,328.0,0,1,32103,0.0,2745,34848,7,Dim,,0,5,1,0
CMD201766,CLI10273,Sokodé,Téléphonie,Réseaux sociaux,Espèces à la livraison,34.0,F,71.0,0,2,109177,9.6,3084,200476,4,Mar,3.4,0,4,1,0
CMD201767,CLI11420,Lomé,Mode,Réseaux sociaux,Mobile Money,32.0,H,133.0,0,3,20778,0.0,1892,64226,5,Dim,5.6,1,4,1,0
CMD201768,CLI10721,Sokodé,Téléphonie,Application mobile,Mobile Money,34.0,F,261.0,0,1,1500,6.2,2738,4145,10,Mar,5.2,1,3,0,0
CMD201769,CLI10990,Lomé,Électronique,Réseaux sociaux,Mobile Money,54.0,F,114.0,0,3,68499,0.0,1698,207195,7,Mer,1.5,0,4,1,0
CMD201770,CLI10187,Atakpamé,Électronique,Site web,Mobile Money,35.0,H,824.0,0,4,54448,3.7,1905,211639,5,Mer,5.3,1,4,1,0
CMD201771,CLI11276,Lomé,Mode,Application mobile,Mobile Money,,F,71.0,0,1,12571,0.0,2059,14630,8,Ven,0.5,0,4,1,0
CMD201772,CLI10184,Lomé,Alimentaire,Application mobile,Mobile Money,20.0,H,509.0,0,7,11395,0.0,952,80717,5,Ven,2.6,0,4,1,0
CMD201773,CLI10285,Kpalimé,Maison,Application mobile,Mobile Money,40.0,F,427.0,0,3,47978,0.0,1980,145914,12,Jeu,2.5,0,4,1,0
CMD201774,CLI10688,Kara,Mode,Application mobile,Mobile Money,43.0,F,360.0,0,3,12673,0.0,2983,41002,12,Sam,3.6,0,4,1,0
CMD201775,CLI11324,Lomé,Alimentaire,Réseaux sociaux,Carte bancaire,32.0,F,807.0,0,2,5132,,1415,11679,7,Jeu,2.1,0,3,0,0
CMD201776,CLI10353,Lomé,Téléphonie,Application mobile,Espèces à la livraison,36.0,H,1047.0,0,3,76801,0.0,2199,232602,11,Lun,3.3,0,3,0,0
CMD201777,CLI11309,Lomé,Beauté,Site web,Mobile Money,32.0,H,402.0,1,3,13218,13.6,1924,36185,3,Mar,1.7,0,4,1,0
CMD201778,CLI10537,Kpalimé,Mode,Site web,Espèces à la livraison,26.0,H,266.0,0,4,13150,0.0,2065,54665,10,Dim,2.1,0,3,0,0
CMD201779,CLI10246,Kara,Beauté,Application mobile,Mobile Money,36.0,F,187.0,0,5,13585,,3044,67777,10,Mar,3.5,0,5,1,0
CMD201780,CLI11143,Kara,Électronique,Site web,Espèces à la livraison,28.0,F,251.0,0,2,10958,7.8,3798,24005,2,Ven,3.8,0,4,1,0
CMD201781,CLI11188,Lomé,Électronique,Site web,Mobile Money,32.0,F,490.0,0,3,66890,0.0,2383,203053,6,Jeu,0.5,0,4,1,0
CMD201782,CLI10092,Sokodé,Maison,Réseaux sociaux,Mobile Money,37.0,H,,0,2,33299,0.0,3098,69696,11,Mer,2.9,0,4,1,0
CMD201783,CLI10321,Lomé,Beauté,Application mobile,Mobile Money,41.0,H,420.0,0,4,6557,0.0,1509,27737,4,Ven,2.1,0,4,1,0
CMD201784,CLI11686,Sokodé,Électronique,Réseaux sociaux,Espèces à la livraison,26.0,F,369.0,0,1,10514,0.0,3296,13810,11,Sam,2.9,0,4,1,0
CMD201785,CLI10183,Lomé,Électronique,Application mobile,Espèces à la livraison,46.0,F,82.0,0,1,57082,3.2,1397,56652,5,Mer,2.7,0,5,1,0
CMD201786,CLI11119,Sokodé,Téléphonie,Application mobile,Espèces à la livraison,,F,49.0,0,2,1500,0.0,2885,5885,9,Mar,3.0,0,5,1,0
CMD201787,CLI10136,Dapaong,Mode,Site web,Espèces à la livraison,45.0,H,164.0,0,3,4166,0.0,3480,15978,2,Mer,4.0,0,5,1,0
CMD201788,CLI10445,Kpalimé,Maison,Application mobile,Mobile Money,19.0,H,772.0,0,2,2738,0.0,2498,7974,11,Mar,2.0,0,5,1,0
CMD201789,CLI10913,Lomé,Mode,Réseaux sociaux,Espèces à la livraison,,H,460.0,0,1,18802,0.0,1135,19937,7,Dim,2.8,0,4,1,0
CMD201790,CLI10001,Sokodé,Maison,Application mobile,Mobile Money,24.0,H,1096.0,0,3,18789,2.3,2877,57948,5,Mer,6.1,1,4,1,0
CMD201791,CLI11308,Kpalimé,Électronique,Site web,Carte bancaire,28.0,F,305.0,0,2,43159,3.2,2411,85967,7,Ven,3.0,0,4,1,0
CMD201792,CLI10222,Sokodé,Téléphonie,Application mobile,Mobile Money,35.0,H,176.0,1,2,87675,10.4,2692,159806,2,Mer,3.4,0,4,1,0
CMD201793,CLI11562,Lomé,Mode,Application mobile,Espèces à la livraison,,F,37.0,1,1,14089,,1140,13721,6,Sam,2.3,0,5,1,0
CMD201794,CLI10055,Lomé,Maison,Réseaux sociaux,Espèces à la livraison,20.0,F,92.0,0,3,19281,0.0,1529,59372,6,Sam,3.8,0,4,1,0
CMD201795,CLI10027,Kpalimé,Maison,Réseaux sociaux,Mobile Money,34.0,H,365.0,0,5,25533,5.4,2644,123415,3,Lun,3.6,0,4,1,1
CMD201796,CLI10687,Lomé,Beauté,Application mobile,Espèces à la livraison,23.0,H,429.0,0,4,5370,0.0,500,21980,6,Lun,3.3,0,4,1,0
CMD201797,CLI10429,Lomé,Alimentaire,Réseaux sociaux,Mobile Money,37.0,F,22.0,0,5,10479,0.0,1862,54257,8,Mar,0.5,0,4,1,1
CMD201798,CLI10912,Atakpamé,Mode,Site web,Espèces à la livraison,46.0,H,221.0,0,2,9214,8.6,2156,18999,8,Mer,6.9,1,3,0,0
CMD201799,CLI10504,Lomé,Téléphonie,Application mobile,Mobile Money,42.0,F,690.0,0,2,72305,9.3,863,132024,2,Dim,5.2,1,3,0,0
CMD201800,CLI10419,Kpalimé,Maison,Application mobile,Espèces à la livraison,41.0,H,226.0,0,1,24457,0.0,3015,27472,12,Dim,4.0,0,5,1,0
CMD201801,CLI11051,Lomé,Mode,Réseaux sociaux,Espèces à la livraison,26.0,F,115.0,0,1,19730,0.0,1090,20820,6,Ven,4.8,0,5,1,0
CMD201802,CLI10625,Atakpamé,Téléphonie,Application mobile,Mobile Money,44.0,F,775.0,0,7,35306,0.0,2455,249597,6,Sam,3.2,0,5,1,0
CMD201803,CLI11538,Dapaong,Beauté,Site web,Mobile Money,18.0,F,22.0,0,5,9233,5.2,3552,47316,3,Dim,4.0,0,5,1,0
CMD201804,CLI11476,Sokodé,Mode,Application mobile,Espèces à la livraison,27.0,F,611.0,0,4,5507,0.0,3086,25114,5,Lun,2.5,0,4,1,0
CMD201805,CLI10284,Kara,Téléphonie,Site web,Mobile Money,43.0,H,991.0,0,3,81749,0.0,3200,248447,4,Lun,2.8,0,3,0,0
CMD201806,CLI10356,Kpalimé,Mode,Réseaux sociaux,Mobile Money,23.0,F,246.0,0,1,14149,0.0,2618,16767,8,Jeu,4.2,0,4,1,0
CMD201807,CLI11281,Lomé,Électronique,Réseaux sociaux,Espèces à la livraison,18.0,H,140.0,0,1,17056,0.0,877,17933,7,Lun,2.8,0,4,1,0
CMD201808,CLI10405,Kara,Électronique,Site web,Mobile Money,46.0,F,223.0,0,1,38203,0.0,3008,41211,3,Lun,4.9,0,5,1,0
CMD201809,CLI11271,Lomé,Électronique,Application mobile,Mobile Money,18.0,F,302.0,0,3,40704,0.0,1590,123702,5,Ven,3.6,0,4,1,0
CMD201810,CLI10067,Lomé,Mode,Réseaux sociaux,Espèces à la livraison,41.0,H,77.0,0,2,1500,0.0,2045,5045,10,Dim,3.9,0,4,1,0
CMD201811,CLI10428,Sokodé,Beauté,Application mobile,Carte bancaire,32.0,F,507.0,0,4,3018,0.0,3433,15505,4,Jeu,0.5,0,4,1,0
CMD201812,CLI10746,Dapaong,Mode,Site web,Mobile Money,33.0,H,121.0,0,1,9503,0.0,4279,13782,4,Sam,5.4,1,2,0,0
CMD201813,CLI11631,Sokodé,Maison,Application mobile,Mobile Money,45.0,H,64.0,1,2,13164,10.8,2591,26076,2,Mar,4.2,0,4,1,0
CMD201814,CLI10170,Lomé,Mode,Site web,Mobile Money,31.0,F,12.0,0,2,31764,0.0,1626,65154,4,Mer,1.8,0,3,0,0
CMD201815,CLI10037,Lomé,Alimentaire,Réseaux sociaux,Mobile Money,32.0,F,173.0,0,4,7228,0.0,2082,30994,11,Sam,2.9,0,3,0,0
CMD201816,CLI11551,Kara,Mode,Application mobile,Espèces à la livraison,35.0,F,109.0,0,4,21585,0.0,3052,89392,8,Mar,5.3,1,4,1,0
CMD201817,CLI10514,Sokodé,Téléphonie,Réseaux sociaux,Mobile Money,49.0,H,584.0,0,2,110379,0.0,3070,223828,4,Jeu,3.6,0,4,1,0
CMD201818,CLI10137,Sokodé,Beauté,Application mobile,Espèces à la livraison,23.0,F,247.0,0,1,13708,0.0,2910,16618,4,Jeu,4.6,0,4,1,1
CMD201819,CLI11621,Lomé,Électronique,Site web,Espèces à la livraison,,F,58.0,0,1,21797,7.7,1238,21357,6,Sam,2.2,0,5,1,0
CMD201820,CLI10239,Lomé,Électronique,Site web,Mobile Money,31.0,H,347.0,1,5,87307,17.3,1312,362326,4,Dim,2.2,0,4,1,0
CMD201821,CLI10904,Sokodé,Beauté,Site web,Mobile Money,46.0,F,458.0,1,1,4545,8.7,2905,7055,8,Mar,3.9,0,5,1,0
CMD201822,CLI10659,Lomé,Électronique,Site web,Espèces à la livraison,22.0,F,62.0,0,2,57049,0.0,1143,115241,11,Dim,2.1,0,3,0,0
CMD201823,CLI10489,Kpalimé,Téléphonie,Application mobile,Mobile Money,,H,148.0,0,2,51012,0.0,2672,104696,4,Ven,4.4,0,3,0,0
CMD201824,CLI11755,Kara,Beauté,Site web,Mobile Money,41.0,H,671.0,0,2,16583,7.7,2643,33255,5,Dim,4.7,0,4,1,0
CMD201825,CLI10589,Lomé,Électronique,Application mobile,Mobile Money,26.0,F,135.0,0,3,58924,0.0,1647,178419,6,Jeu,2.1,0,4,1,1
CMD201826,CLI10963,Kara,Maison,Application mobile,Mobile Money,27.0,F,67.0,0,6,13528,0.0,2995,84163,3,Mer,1.0,0,5,1,0
CMD201827,CLI10316,Lomé,Électronique,Site web,Mobile Money,27.0,F,697.0,0,2,1500,0.0,1723,4723,7,Mer,3.9,0,4,1,0
CMD201828,CLI11533,Lomé,Mode,Application mobile,Mobile Money,37.0,F,1605.0,0,1,10090,0.0,1579,11669,8,Dim,2.7,0,4,1,0
CMD201829,CLI11460,Lomé,Téléphonie,Site web,Carte bancaire,42.0,H,27.0,1,1,28260,9.1,1774,27462,7,Mar,5.8,1,4,1,0
CMD201830,CLI10221,Lomé,Alimentaire,Application mobile,Mobile Money,23.0,H,492.0,0,2,4503,0.0,2027,11033,1,Ven,,0,5,1,0
CMD201831,CLI11145,Sokodé,Mode,Réseaux sociaux,Carte bancaire,42.0,F,712.0,0,3,17115,0.0,2587,53932,3,Jeu,1.6,0,4,1,0
CMD201832,CLI10018,Lomé,Mode,Réseaux sociaux,Espèces à la livraison,37.0,F,158.0,1,1,17239,13.7,1301,16178,4,Jeu,0.5,0,5,1,0
CMD201833,CLI11446,Lomé,Alimentaire,Réseaux sociaux,Carte bancaire,28.0,F,296.0,1,3,7670,5.3,1861,23651,4,Mar,6.0,1,4,1,0
CMD201834,CLI10548,Lomé,Maison,Site web,Espèces à la livraison,26.0,H,324.0,0,1,1500,0.0,2376,3876,4,Ven,1.5,0,4,1,1
CMD201835,CLI10412,Lomé,Mode,Réseaux sociaux,Mobile Money,30.0,H,200.0,0,3,25650,5.7,1783,74347,12,Ven,1.2,0,4,1,0
CMD201836,CLI11189,Dapaong,Mode,Application mobile,Espèces à la livraison,39.0,H,105.0,0,3,10278,3.4,3426,33212,4,Sam,5.1,1,4,1,0
CMD201837,CLI10832,Kara,Téléphonie,Réseaux sociaux,Mobile Money,22.0,H,7.0,0,3,167399,3.6,3857,487975,7,Jeu,5.2,1,4,1,0
CMD201838,CLI10733,Kara,Maison,Site web,Carte bancaire,18.0,H,94.0,0,2,26099,,2416,54614,6,Mer,5.1,1,4,1,0
CMD201839,CLI10908,Lomé,Mode,Site web,Mobile Money,18.0,H,16.0,0,3,18862,0.0,2100,58686,1,Dim,1.4,0,4,1,0
CMD201840,CLI11194,Lomé,Mode,Site web,Espèces à la livraison,,F,133.0,0,2,1500,,1354,4207,8,Mar,1.8,0,4,1,0
CMD201841,CLI11672,Sokodé,Téléphonie,Site web,Mobile Money,28.0,H,41.0,1,2,6418,6.0,2909,14975,2,Lun,3.4,0,4,1,0
CMD201842,CLI11128,Lomé,Maison,Site web,Espèces à la livraison,30.0,H,54.0,0,4,34512,0.0,2015,140063,12,Ven,0.5,0,4,1,0
CMD201843,CLI11065,Kara,Maison,Application mobile,Espèces à la livraison,28.0,F,206.0,0,2,9847,0.0,3178,22872,8,Dim,4.3,0,3,0,1
CMD201844,CLI11066,Kpalimé,Téléphonie,Application mobile,Mobile Money,,H,962.0,0,1,19458,0.0,2273,21731,4,Lun,3.8,0,4,1,0
CMD201845,CLI10236,Lomé,Alimentaire,Site web,Espèces à la livraison,49.0,F,263.0,0,1,12143,0.0,2742,14885,12,Dim,0.6,0,3,0,0
CMD201846,CLI10609,Lomé,Maison,Application mobile,Mobile Money,33.0,F,226.0,1,1,35915,17.5,1402,31032,9,Jeu,0.5,0,5,1,0
CMD201847,CLI11438,Dapaong,Téléphonie,Application mobile,Mobile Money,30.0,H,605.0,0,4,1500,9.4,3965,9401,3,Dim,4.5,0,4,1,0
CMD201848,CLI11467,Kpalimé,Maison,Site web,Espèces à la livraison,28.0,F,150.0,0,2,51672,0.0,2391,105735,4,Mar,5.0,0,4,1,0
CMD201849,CLI10553,Atakpamé,Beauté,Application mobile,Mobile Money,34.0,H,222.0,1,3,13134,,2749,36556,4,Sam,1.3,0,5,1,0
CMD201850,CLI10175,Kpalimé,Beauté,Réseaux sociaux,Mobile Money,31.0,F,1234.0,0,1,11626,,2131,13757,3,Ven,1.4,0,4,1,0
CMD201851,CLI11711,Lomé,Mode,Application mobile,Espèces à la livraison,56.0,H,83.0,0,3,13303,0.0,1183,41092,3,Jeu,1.8,0,4,1,0
CMD201852,CLI11455,Kara,Électronique,Application mobile,Carte bancaire,35.0,F,263.0,0,1,64624,0.0,2989,67613,2,Mer,3.8,0,5,1,0
CMD201853,CLI11398,Kpalimé,Beauté,Réseaux sociaux,Mobile Money,26.0,H,11.0,0,4,14334,8.6,2402,54807,5,Mar,3.5,0,4,1,0
CMD201854,CLI11607,Lomé,Téléphonie,Application mobile,Espèces à la livraison,29.0,H,519.0,0,2,1500,0.0,1810,4810,11,Lun,2.4,0,5,1,0
CMD201855,CLI11346,Lomé,Téléphonie,Site web,Mobile Money,29.0,H,18.0,1,2,58638,11.7,2156,105711,11,Mar,2.0,0,4,1,0
CMD201856,CLI11758,Lomé,Beauté,Application mobile,Mobile Money,21.0,H,35.0,0,1,5177,0.0,1200,6377,5,Sam,1.7,0,4,1,0
CMD201857,CLI11282,Lomé,Mode,Application mobile,Mobile Money,40.0,H,1223.0,0,1,10974,0.0,1576,12550,12,Sam,1.8,0,3,0,1
CMD201858,CLI10954,Sokodé,Maison,Site web,Espèces à la livraison,46.0,F,97.0,1,3,15776,18.5,2904,41476,1,Ven,2.1,0,5,1,0
CMD201859,CLI11761,Kpalimé,Maison,Réseaux sociaux,Mobile Money,23.0,F,602.0,0,3,34865,0.0,1857,106452,12,Dim,3.2,0,4,1,0
CMD201860,CLI10147,Lomé,Téléphonie,Application mobile,Mobile Money,30.0,F,358.0,0,4,1500,0.0,1970,7970,6,Jeu,2.9,0,4,1,0
CMD201861,CLI11101,Lomé,Électronique,Site web,Mobile Money,52.0,F,312.0,0,2,11037,0.0,1496,23570,12,Lun,0.7,0,4,1,0
CMD201862,CLI11796,Sokodé,Électronique,Application mobile,Mobile Money,40.0,H,460.0,1,3,75172,6.6,3083,213715,8,Lun,1.7,0,4,1,0
CMD201863,CLI11150,Lomé,Électronique,Application mobile,Mobile Money,25.0,F,35.0,0,1,13246,0.0,2017,15263,2,Mer,2.7,0,4,1,0
CMD201864,CLI11577,Lomé,Alimentaire,Application mobile,Mobile Money,18.0,F,246.0,0,3,6738,3.8,1494,20940,5,Lun,2.1,0,3,0,0
CMD201865,CLI10520,Lomé,Alimentaire,Application mobile,Mobile Money,23.0,F,101.0,0,4,12652,,1464,52072,8,Lun,1.0,0,4,1,0
CMD201866,CLI11664,Dapaong,Alimentaire,Site web,Mobile Money,36.0,F,93.0,0,3,5536,7.6,3252,18598,7,Lun,3.3,0,3,0,1
CMD201867,CLI11410,Lomé,Mode,Application mobile,Mobile Money,23.0,F,1000.0,0,2,1500,0.0,1385,4385,7,Mer,5.3,1,4,1,0
CMD201868,CLI10010,Dapaong,Électronique,Réseaux sociaux,Espèces à la livraison,18.0,H,102.0,0,3,15845,8.9,4450,47754,6,Ven,5.4,1,4,1,0
CMD201869,CLI11005,Atakpamé,Mode,Application mobile,Espèces à la livraison,18.0,H,880.0,0,2,18495,5.7,2663,37545,1,Dim,5.4,1,3,0,0
CMD201870,CLI10503,Lomé,Beauté,Réseaux sociaux,Espèces à la livraison,45.0,H,88.0,0,2,10952,0.0,1088,22992,3,Dim,,0,4,1,0
CMD201871,CLI10254,Kpalimé,Électronique,Site web,Mobile Money,,H,790.0,0,1,1500,4.4,1755,3189,6,Sam,2.0,0,5,1,0
CMD201872,CLI10066,Lomé,Mode,Réseaux sociaux,Espèces à la livraison,32.0,H,1458.0,0,4,2175,2.5,1590,10072,7,Jeu,0.5,0,5,1,0
CMD201873,CLI10678,Lomé,Maison,Site web,Espèces à la livraison,34.0,F,277.0,0,1,25100,0.0,1076,26176,2,Mar,1.6,0,3,0,0
CMD201874,CLI10403,Lomé,Mode,Application mobile,Mobile Money,30.0,H,448.0,0,4,10408,9.0,1823,39708,7,Dim,1.8,0,4,1,0
CMD201875,CLI10677,Lomé,Beauté,Site web,Mobile Money,27.0,H,317.0,0,3,11739,0.0,1393,36610,1,Jeu,0.5,0,5,1,0
CMD201876,CLI11776,Lomé,Mode,Application mobile,Mobile Money,39.0,F,,1,2,16383,15.1,1446,29264,7,Mar,6.3,1,5,1,0
CMD201877,CLI11002,Kpalimé,Mode,Site web,Carte bancaire,34.0,F,43.0,0,1,16589,8.5,2203,17382,6,Sam,2.7,0,4,1,0
CMD201878,CLI10200,Lomé,Mode,Réseaux sociaux,Mobile Money,26.0,F,740.0,0,4,22733,0.0,1171,92103,8,Mar,3.1,0,4,1,0
CMD201879,CLI11293,Lomé,Beauté,Réseaux sociaux,Espèces à la livraison,34.0,F,292.0,1,2,6016,,2029,12798,4,Sam,0.7,0,5,1,0
CMD201880,CLI10574,Lomé,Maison,Application mobile,Mobile Money,18.0,H,146.0,0,3,24479,0.0,2137,75574,3,Ven,1.1,0,4,1,0
CMD201881,CLI10261,Kara,Beauté,Application mobile,Mobile Money,55.0,F,177.0,0,3,12498,,1902,36621,4,Jeu,6.2,1,4,1,0
CMD201882,CLI10110,Lomé,Mode,Réseaux sociaux,Mobile Money,46.0,F,235.0,0,2,13675,0.0,2168,29518,11,Mar,2.6,0,4,1,0
CMD201883,CLI10357,Lomé,Maison,Site web,Mobile Money,46.0,F,35.0,0,1,8464,4.8,1694,9752,6,Ven,2.9,0,3,0,0
CMD201884,CLI10349,Lomé,Maison,Application mobile,Mobile Money,35.0,F,611.0,0,1,28391,0.0,1369,29760,6,Ven,2.3,0,5,1,0
CMD201885,CLI10886,Kara,Téléphonie,Application mobile,Mobile Money,19.0,F,9.0,0,2,30040,,2560,62640,8,Lun,4.2,0,4,1,0
CMD201886,CLI10914,Sokodé,Maison,Réseaux sociaux,Mobile Money,25.0,F,25.0,0,2,5368,0.0,3014,13750,6,Jeu,3.2,0,4,1,0
CMD201887,CLI11439,Atakpamé,Électronique,Application mobile,Espèces à la livraison,31.0,F,909.0,0,3,26593,0.0,3616,83395,8,Ven,4.9,0,4,1,0
CMD201888,CLI11615,Lomé,Alimentaire,Site web,Espèces à la livraison,31.0,F,758.0,0,2,2262,0.0,720,5244,7,Ven,3.4,0,5,1,0
CMD201889,CLI10450,Kara,Électronique,Site web,Mobile Money,33.0,F,107.0,0,2,101738,4.3,2291,197018,8,Ven,5.3,1,4,1,0
CMD201890,CLI10727,Lomé,Beauté,Réseaux sociaux,Mobile Money,31.0,H,700.0,0,1,12284,6.0,1267,12814,5,Mar,3.7,0,5,1,0
CMD201891,CLI10482,Lomé,Beauté,Application mobile,Mobile Money,19.0,F,115.0,0,3,6391,0.0,1518,20691,10,Ven,2.1,0,3,0,0
CMD201892,CLI11572,Lomé,Beauté,Site web,Espèces à la livraison,28.0,F,426.0,0,6,14328,0.0,1727,87695,8,Sam,2.5,0,4,1,0
CMD201893,CLI10343,Dapaong,Téléphonie,Site web,Mobile Money,39.0,F,248.0,0,2,67291,0.0,4040,138622,10,Jeu,,0,4,1,0
CMD201894,CLI11318,Atakpamé,Beauté,Réseaux sociaux,Mobile Money,40.0,H,1007.0,0,4,1908,0.0,3805,11437,4,Ven,6.6,1,3,0,0
CMD201895,CLI10410,Sokodé,Alimentaire,Application mobile,Mobile Money,47.0,F,295.0,0,5,3253,3.2,2668,18413,11,Mer,3.4,0,3,0,0
CMD201896,CLI11580,Lomé,Téléphonie,Site web,Espèces à la livraison,36.0,F,480.0,0,2,126546,2.5,1497,248262,6,Sam,1.6,0,4,1,0
CMD201897,CLI11700,Kpalimé,Électronique,Réseaux sociaux,Espèces à la livraison,42.0,H,46.0,1,2,40892,16.9,1523,69486,10,Sam,7.0,1,2,0,1
CMD201898,CLI10050,Dapaong,Mode,Application mobile,Mobile Money,,F,174.0,0,2,12780,3.5,3959,28624,11,Dim,2.0,0,5,1,0
CMD201899,CLI11554,Lomé,Mode,Application mobile,Espèces à la livraison,45.0,H,65.0,0,3,27238,0.0,1691,83405,5,Lun,2.9,0,4,1,0
CMD201900,CLI10998,Sokodé,Mode,Site web,Mobile Money,46.0,F,4.0,0,2,11376,0.0,3414,26166,1,Jeu,,0,5,1,0
CMD201901,CLI10273,Sokodé,Électronique,Site web,Mobile Money,34.0,H,710.0,0,3,50949,0.0,2968,155815,10,Mar,3.2,0,4,1,0
CMD201902,CLI11675,Lomé,Maison,Application mobile,Mobile Money,45.0,H,360.0,0,3,10255,0.0,2001,32766,4,Sam,2.1,0,4,1,0
CMD201903,CLI11310,Kpalimé,Beauté,Réseaux sociaux,Espèces à la livraison,28.0,F,17.0,1,2,8785,10.4,1534,17277,2,Mer,3.8,0,4,1,0
CMD201904,CLI11550,Sokodé,Électronique,Site web,Espèces à la livraison,34.0,H,764.0,0,3,69511,0.0,2746,211279,10,Mer,2.5,0,4,1,0
CMD201905,CLI10609,Lomé,Téléphonie,Application mobile,Mobile Money,,F,533.0,0,3,76878,0.0,1118,231752,2,Dim,2.9,0,4,1,0
CMD201906,CLI10892,Lomé,Alimentaire,Application mobile,Espèces à la livraison,28.0,F,737.0,0,1,2388,0.0,1084,3472,3,Dim,3.5,0,3,0,0
CMD201907,CLI11510,Lomé,Alimentaire,Réseaux sociaux,Mobile Money,32.0,F,41.0,0,3,5001,0.0,1541,16544,4,Mar,1.8,0,4,1,0
CMD201908,CLI10891,Atakpamé,Mode,Site web,Mobile Money,22.0,F,183.0,0,4,1500,0.0,3054,9054,2,Sam,0.5,0,4,1,0
CMD201909,CLI11496,Lomé,Électronique,Site web,Carte bancaire,28.0,H,359.0,1,1,21318,18.0,2200,19681,8,Mer,2.3,0,4,1,0
CMD201910,CLI11167,Kara,Mode,Application mobile,Espèces à la livraison,37.0,H,861.0,0,1,17670,7.6,2988,19315,9,Sam,5.1,1,4,1,0
CMD201911,CLI10373,Dapaong,Électronique,Application mobile,Carte bancaire,24.0,F,219.0,0,2,64259,5.0,4283,126375,3,Sam,7.7,1,3,0,1
CMD201912,CLI10188,Lomé,Alimentaire,Application mobile,Mobile Money,35.0,F,135.0,0,4,9902,0.0,1794,41402,10,Ven,2.5,0,3,0,0
CMD201913,CLI10621,Kara,Mode,Réseaux sociaux,Espèces à la livraison,34.0,H,92.0,0,2,8133,0.0,3345,19611,8,Lun,1.6,0,3,0,0
CMD201914,CLI10211,Atakpamé,Électronique,Application mobile,Mobile Money,24.0,H,67.0,1,6,9261,8.8,1856,52532,2,Ven,3.7,0,5,1,0
CMD201915,CLI11553,Lomé,Mode,Application mobile,Espèces à la livraison,40.0,H,1046.0,0,2,6689,0.0,1284,14662,11,Jeu,3.3,0,3,0,0
CMD201916,CLI10651,Sokodé,Téléphonie,Application mobile,Mobile Money,21.0,F,187.0,0,3,119136,0.0,2987,360395,1,Ven,5.4,1,3,0,1
CMD201917,CLI11784,Atakpamé,Mode,Application mobile,Mobile Money,50.0,F,126.0,0,1,12384,0.0,2367,14751,10,Lun,5.7,1,4,1,0
CMD201918,CLI10778,Lomé,Beauté,Application mobile,Mobile Money,33.0,H,35.0,0,2,15316,0.0,1302,31934,9,Ven,1.6,0,5,1,0
CMD201919,CLI11121,Sokodé,Téléphonie,Site web,Mobile Money,32.0,H,1924.0,1,2,66511,,2409,110689,2,Ven,3.0,0,5,1,0
CMD201920,CLI10742,Lomé,Alimentaire,Site web,Mobile Money,40.0,F,83.0,1,5,7767,5.2,2545,39361,6,Ven,3.8,0,4,1,0
CMD201921,CLI10158,Lomé,Alimentaire,Réseaux sociaux,Mobile Money,44.0,H,166.0,0,3,9045,0.0,1763,28898,12,Mar,2.5,0,4,1,0
CMD201922,CLI10091,Kpalimé,Maison,Application mobile,Espèces à la livraison,35.0,H,294.0,1,3,28756,15.5,2137,75033,10,Lun,2.3,0,5,1,0
CMD201923,CLI10931,Lomé,Électronique,Application mobile,Mobile Money,23.0,H,308.0,0,2,58958,7.2,1508,110934,3,Ven,4.2,0,4,1,0
CMD201924,CLI10371,Lomé,Beauté,Réseaux sociaux,Mobile Money,33.0,F,,0,2,2491,0.0,1618,6600,1,Mar,1.2,0,4,1,0
CMD201925,CLI11407,Lomé,Beauté,Application mobile,Mobile Money,33.0,F,2056.0,0,1,6964,0.0,1709,8673,11,Mer,2.3,0,5,1,0
CMD201926,CLI10156,Lomé,Mode,Réseaux sociaux,Mobile Money,18.0,H,216.0,0,2,41586,2.4,1435,82611,11,Dim,5.4,1,4,1,0
CMD201927,CLI10901,Sokodé,Beauté,Réseaux sociaux,Espèces à la livraison,18.0,F,287.0,0,2,9702,6.0,2904,21144,6,Dim,3.2,0,4,1,0
CMD201928,CLI11694,Lomé,Alimentaire,Application mobile,Espèces à la livraison,35.0,F,161.0,0,3,7608,0.0,896,23720,8,Ven,3.0,0,3,0,0
CMD201929,CLI10450,Lomé,Mode,Site web,Mobile Money,40.0,F,97.0,0,4,24784,0.0,1108,100244,9,Dim,6.5,1,4,1,0
CMD201930,CLI10419,Lomé,Beauté,Application mobile,Mobile Money,41.0,F,145.0,0,2,12039,0.0,659,24737,7,Dim,1.9,0,4,1,0
CMD201931,CLI10185,Lomé,Téléphonie,Application mobile,Mobile Money,24.0,F,963.0,1,2,98403,6.1,1532,186333,8,Mar,4.8,0,4,1,0
CMD201932,CLI11128,Atakpamé,Beauté,Application mobile,Mobile Money,37.0,F,40.0,1,1,5061,6.5,2631,7363,4,Jeu,2.5,0,4,1,0
CMD201933,CLI11702,Kpalimé,Maison,Application mobile,Espèces à la livraison,42.0,H,149.0,0,3,30412,0.0,2631,93867,9,Lun,3.4,0,4,1,0
CMD201934,CLI11427,Sokodé,Alimentaire,Site web,Mobile Money,46.0,H,361.0,0,2,6412,0.0,2841,15665,9,Mer,4.6,0,4,1,0
CMD201935,CLI10572,Kara,Mode,Application mobile,Mobile Money,24.0,F,88.0,0,3,21369,0.0,2388,66495,12,Ven,4.0,0,3,0,0
CMD201936,CLI10144,Lomé,Mode,Réseaux sociaux,Espèces à la livraison,31.0,H,79.0,1,1,16915,10.8,1079,16167,2,Lun,4.6,0,5,1,0
CMD201937,CLI11679,Lomé,Beauté,Application mobile,Mobile Money,19.0,H,351.0,1,3,1500,13.0,1388,5303,5,Mar,2.1,0,4,1,0
CMD201938,CLI11157,Sokodé,Téléphonie,Application mobile,Mobile Money,27.0,H,332.0,0,2,30450,0.0,2310,63210,9,Mar,2.6,0,4,1,0
CMD201939,CLI11232,Dapaong,Mode,Site web,Espèces à la livraison,19.0,H,977.0,0,6,7557,0.0,3447,48789,7,Sam,1.3,0,4,1,0
CMD201940,CLI11326,Lomé,Beauté,Réseaux sociaux,Espèces à la livraison,18.0,H,22.0,0,1,11772,9.6,1551,12193,3,Ven,5.4,1,3,0,0
CMD201941,CLI11017,Kara,Téléphonie,Site web,Mobile Money,19.0,H,337.0,0,3,27973,0.0,3334,87253,7,Lun,4.1,0,4,1,0
CMD201942,CLI10386,Lomé,Téléphonie,Réseaux sociaux,Mobile Money,,F,,0,2,52227,0.0,2117,106571,3,Lun,0.5,0,4,1,0
CMD201943,CLI10641,Lomé,Mode,Application mobile,Mobile Money,34.0,H,271.0,0,2,12159,0.0,1563,25881,2,Dim,5.2,1,4,1,0
CMD201944,CLI11745,Kara,Beauté,Application mobile,Espèces à la livraison,43.0,F,874.0,0,1,1677,5.5,2913,4498,10,Jeu,4.5,0,3,0,0
CMD201945,CLI10883,Lomé,Alimentaire,Réseaux sociaux,Espèces à la livraison,28.0,F,170.0,1,4,8690,9.7,2012,33400,5,Ven,2.0,0,4,1,0
CMD201946,CLI11398,Lomé,Alimentaire,Site web,Espèces à la livraison,33.0,H,752.0,0,2,8664,0.0,1527,18855,8,Dim,2.5,0,4,1,0
CMD201947,CLI10297,Sokodé,Maison,Site web,Espèces à la livraison,30.0,H,105.0,0,1,28066,0.0,2620,30686,1,Ven,4.5,0,4,1,0
CMD201948,CLI11425,Lomé,Électronique,Site web,Mobile Money,33.0,F,219.0,0,4,50836,0.0,2361,205705,11,Ven,2.6,0,4,1,0
CMD201949,CLI11527,Lomé,Alimentaire,Réseaux sociaux,Espèces à la livraison,27.0,F,75.0,0,1,5873,4.4,1620,7235,5,Mar,5.2,1,4,1,0
CMD201950,CLI10320,Sokodé,Mode,Site web,Mobile Money,34.0,F,32.0,0,3,1500,4.3,3151,7458,12,Ven,0.5,0,4,1,0
CMD201951,CLI10309,Lomé,Mode,Application mobile,Mobile Money,47.0,H,207.0,0,2,11723,0.0,1614,25060,4,Jeu,5.0,0,4,1,0
CMD201952,CLI11300,Lomé,Beauté,Application mobile,Mobile Money,47.0,F,65.0,0,7,14267,0.0,1838,101707,3,Mar,0.5,0,4,1,0
CMD201953,CLI11448,Lomé,Mode,Site web,Mobile Money,31.0,F,826.0,0,3,1500,0.0,2132,6632,2,Lun,1.9,0,5,1,0
CMD201954,CLI10911,Lomé,Maison,Application mobile,Mobile Money,35.0,H,96.0,0,3,34473,2.0,1838,103189,9,Dim,0.6,0,4,1,0
CMD201955,CLI11400,Dapaong,Téléphonie,Site web,Carte bancaire,24.0,F,105.0,0,3,11722,0.0,4161,39327,11,Dim,6.4,1,3,0,1
CMD201956,CLI11127,Kara,Mode,Réseaux sociaux,Mobile Money,18.0,H,1719.0,1,2,23042,11.6,2947,43685,4,Ven,6.1,1,4,1,1
CMD201957,CLI11411,Lomé,Beauté,Site web,Espèces à la livraison,51.0,H,1220.0,0,4,11012,2.2,1377,44456,11,Mer,0.8,0,4,1,1
CMD201958,CLI10210,Lomé,Alimentaire,Application mobile,Mobile Money,41.0,F,66.0,0,3,11883,5.6,1239,34892,5,Dim,1.9,0,4,1,0
CMD201959,CLI10298,Lomé,Beauté,Site web,Mobile Money,42.0,F,693.0,0,1,15299,0.0,1542,16841,10,Mer,1.8,0,4,1,1
CMD201960,CLI10047,Lomé,Maison,Application mobile,Mobile Money,22.0,F,264.0,1,2,30106,13.2,1360,53624,7,Ven,3.7,0,5,1,0
CMD201961,CLI11522,Lomé,Électronique,Site web,Espèces à la livraison,33.0,H,247.0,0,3,8853,5.5,2224,27322,9,Ven,1.1,0,3,0,0
CMD201962,CLI10500,Kara,Électronique,Réseaux sociaux,Mobile Money,32.0,F,111.0,1,2,70231,9.6,3112,130090,11,Jeu,4.8,0,5,1,0
CMD201963,CLI10244,Lomé,Alimentaire,Application mobile,Mobile Money,30.0,F,71.0,0,1,11415,0.0,1609,13024,8,Sam,3.0,0,4,1,0
CMD201964,CLI10852,Sokodé,Mode,Site web,Espèces à la livraison,,H,155.0,0,2,3813,3.4,3135,10502,4,Sam,5.1,1,4,1,0
CMD201965,CLI11613,Lomé,Électronique,Application mobile,Mobile Money,39.0,F,346.0,1,3,14220,19.0,1886,36441,5,Dim,2.8,0,4,1,0
CMD201966,CLI11050,Atakpamé,Électronique,Site web,Mobile Money,24.0,F,355.0,1,2,43626,14.4,3112,77800,4,Dim,2.7,0,5,1,0
CMD201967,CLI10199,Kara,Mode,Réseaux sociaux,Mobile Money,47.0,H,1407.0,1,4,1500,7.3,3531,9093,2,Mar,2.2,0,5,1,0
CMD201968,CLI11242,Dapaong,Mode,Application mobile,Mobile Money,38.0,H,298.0,0,1,25430,0.0,4477,29907,10,Jeu,5.1,1,4,1,0
CMD201969,CLI10501,Lomé,Mode,Application mobile,Mobile Money,30.0,F,299.0,0,2,29205,,2174,60584,3,Sam,4.5,0,4,1,0
CMD201970,CLI10279,Lomé,Alimentaire,Site web,Mobile Money,40.0,H,756.0,0,2,14012,0.0,1574,29598,2,Mer,2.2,0,5,1,0
CMD201971,CLI10382,Lomé,Électronique,Réseaux sociaux,Mobile Money,39.0,H,121.0,1,3,52523,6.1,1950,149907,6,Mer,,0,3,0,0
CMD201972,CLI10643,Lomé,Alimentaire,Réseaux sociaux,Espèces à la livraison,38.0,F,335.0,0,4,1581,0.0,1038,7362,11,Lun,3.2,0,4,1,0
CMD201973,CLI10106,Lomé,Mode,Site web,Mobile Money,31.0,H,16.0,0,2,25646,0.0,1557,52849,8,Ven,3.9,0,3,0,0
CMD201974,CLI11149,Kara,Téléphonie,Application mobile,Mobile Money,26.0,H,44.0,0,2,39712,2.5,2733,80171,6,Sam,4.4,0,5,1,0
CMD201975,CLI11669,Lomé,Mode,Réseaux sociaux,Espèces à la livraison,24.0,H,126.0,0,2,8508,0.0,1209,18225,1,Lun,3.8,0,4,1,0
CMD201976,CLI10317,Atakpamé,Électronique,Application mobile,Carte bancaire,44.0,F,254.0,0,2,55613,0.0,2444,113670,1,Lun,,0,3,0,0
CMD201977,CLI10519,Kara,Alimentaire,Site web,Mobile Money,44.0,F,66.0,1,4,6731,12.0,2536,26229,7,Jeu,4.8,0,4,1,0
CMD201978,CLI10945,Dapaong,Alimentaire,Application mobile,Espèces à la livraison,18.0,H,110.0,1,2,6910,18.4,4150,15427,11,Dim,5.4,1,5,1,0
CMD201979,CLI11588,Kara,Beauté,Application mobile,Carte bancaire,24.0,H,133.0,0,2,6815,0.0,3378,17008,12,Dim,5.5,1,3,0,0
CMD201980,CLI10377,Atakpamé,Mode,Application mobile,Mobile Money,35.0,H,312.0,0,3,15677,2.5,3440,49295,1,Mar,3.8,0,3,0,0
CMD201981,CLI11489,Lomé,Électronique,Site web,Mobile Money,47.0,H,1161.0,0,2,53420,0.0,1173,108013,6,Jeu,2.1,0,4,1,0
CMD201982,CLI10874,Lomé,Beauté,Application mobile,Espèces à la livraison,,F,443.0,0,3,7374,0.0,1721,23843,7,Mar,,0,5,1,0
CMD201983,CLI11583,Lomé,Alimentaire,Réseaux sociaux,Mobile Money,24.0,H,448.0,1,2,10745,8.8,1369,20968,5,Ven,2.6,0,4,1,0
CMD201984,CLI11333,Lomé,Mode,Application mobile,Mobile Money,32.0,H,510.0,0,5,15012,0.0,2081,77141,7,Lun,3.9,0,4,1,0
CMD201985,CLI11510,Sokodé,Téléphonie,Site web,Espèces à la livraison,28.0,H,145.0,1,1,49889,12.2,2628,46431,8,Sam,2.0,0,5,1,0
CMD201986,CLI10380,Sokodé,Téléphonie,Application mobile,Mobile Money,37.0,F,1015.0,0,2,36345,8.4,2687,69271,10,Mer,4.8,0,3,0,0
CMD201987,CLI11471,Lomé,Maison,Site web,Mobile Money,27.0,H,2200.0,1,4,11656,11.6,2241,43457,9,Mar,2.9,0,5,1,0
CMD201988,CLI11304,Lomé,Électronique,Application mobile,Mobile Money,37.0,H,257.0,0,3,70700,0.0,1916,214016,6,Lun,1.5,0,4,1,0
CMD201989,CLI11056,Kara,Téléphonie,Application mobile,Espèces à la livraison,28.0,F,156.0,0,7,150793,0.0,3195,1058746,8,Lun,3.9,0,4,1,0
CMD201990,CLI10135,Lomé,Mode,Application mobile,Carte bancaire,,F,277.0,0,2,27142,0.0,837,55121,8,Dim,2.5,0,5,1,0
CMD201991,CLI10395,Dapaong,Mode,Application mobile,Carte bancaire,31.0,F,73.0,0,3,18073,7.1,3043,53412,4,Mar,6.2,1,4,1,0
CMD201992,CLI10567,Lomé,Mode,Application mobile,Mobile Money,46.0,F,793.0,0,4,19182,0.0,1514,78242,3,Mer,3.0,0,5,1,0
CMD201993,CLI10785,Lomé,Alimentaire,Site web,Carte bancaire,20.0,H,47.0,0,2,11025,0.0,1278,23328,9,Lun,3.3,0,4,1,0
CMD201994,CLI10336,Kpalimé,Beauté,Application mobile,Espèces à la livraison,25.0,F,292.0,0,1,8527,9.3,2235,9969,10,Sam,3.1,0,5,1,0
CMD201995,CLI10469,Sokodé,Alimentaire,Application mobile,Mobile Money,42.0,F,6.0,0,1,9908,0.0,2388,12296,7,Mar,1.7,0,4,1,0
CMD201996,CLI11176,Lomé,Beauté,Application mobile,Espèces à la livraison,29.0,F,135.0,0,3,9369,0.0,1651,29758,3,Lun,2.5,0,4,1,0
CMD201997,CLI11535,Kpalimé,Alimentaire,Site web,Espèces à la livraison,23.0,F,21.0,0,4,3353,0.0,2982,16394,4,Sam,4.8,0,3,0,0
CMD201998,CLI11318,Lomé,Maison,Application mobile,Espèces à la livraison,41.0,F,277.0,1,1,28478,17.2,1237,24817,8,Lun,3.1,0,4,1,0
CMD201999,CLI10896,Lomé,Électronique,Application mobile,Espèces à la livraison,37.0,F,97.0,0,3,38299,0.0,1601,116498,4,Sam,1.5,0,4,1,0
CMD202000,CLI11677,Kara,Alimentaire,Réseaux sociaux,Carte bancaire,20.0,F,23.0,0,1,8048,0.0,3301,11349,4,Ven,5.1,1,3,0,0
CMD202001,CLI10419,Lomé,Électronique,Application mobile,Espèces à la livraison,,H,285.0,0,2,72323,0.0,1379,146025,8,Jeu,3.2,0,5,1,0
CMD202002,CLI10094,Lomé,Mode,Réseaux sociaux,Mobile Money,38.0,F,191.0,0,3,26380,0.0,1685,80825,12,Mer,4.2,0,5,1,0
CMD202003,CLI10874,Kara,Mode,Application mobile,Espèces à la livraison,27.0,H,1057.0,1,3,21911,11.6,3508,61616,7,Mar,4.9,0,5,1,0
CMD202004,CLI10015,Lomé,Électronique,Site web,Mobile Money,36.0,H,88.0,0,2,1500,0.0,1617,4617,11,Jeu,1.1,0,4,1,0
CMD202005,CLI11782,Lomé,Beauté,Application mobile,Mobile Money,32.0,H,61.0,0,2,9990,7.6,2250,20712,10,Lun,1.1,0,5,1,0
CMD202006,CLI10325,Lomé,Téléphonie,Site web,Mobile Money,37.0,F,1102.0,1,4,35636,7.2,1198,133479,11,Jeu,,0,4,1,0
CMD202007,CLI10774,Lomé,Mode,Application mobile,Mobile Money,48.0,F,254.0,0,3,10197,4.7,1453,30606,7,Sam,0.5,0,4,1,0
CMD202008,CLI11047,Dapaong,Alimentaire,Application mobile,Carte bancaire,39.0,H,37.0,0,1,10385,0.0,4153,14538,3,Sam,4.9,0,4,1,0
CMD202009,CLI10632,Lomé,Beauté,Site web,Mobile Money,26.0,F,165.0,0,2,19706,0.0,900,40312,2,Ven,2.0,0,4,1,1
CMD202010,CLI11163,Kara,Électronique,Application mobile,Mobile Money,38.0,F,98.0,0,2,18668,0.0,2793,40129,7,Ven,5.7,1,5,1,0
CMD202011,CLI10062,Dapaong,Maison,Application mobile,Mobile Money,48.0,H,515.0,0,3,26441,,3489,79560,11,Mer,,1,4,1,0
CMD202012,CLI11591,Lomé,Mode,Réseaux sociaux,Mobile Money,25.0,F,146.0,0,3,1500,0.0,1880,6380,7,Sam,5.7,1,2,0,1
CMD202013,CLI11503,Lomé,Maison,Application mobile,Mobile Money,,F,,1,3,14699,10.5,1283,40750,7,Jeu,3.6,0,5,1,0
CMD202014,CLI11033,Lomé,Mode,Application mobile,Carte bancaire,,H,281.0,0,1,5036,0.0,1336,6372,7,Dim,3.3,0,4,1,0
CMD202015,CLI10530,Kara,Électronique,Réseaux sociaux,Mobile Money,29.0,H,190.0,0,1,38830,0.0,3083,41913,4,Dim,3.1,0,5,1,0
CMD202016,CLI11540,Lomé,Maison,Site web,Carte bancaire,38.0,F,522.0,0,3,1500,,764,5264,3,Jeu,2.7,0,5,1,0
CMD202017,CLI10494,Lomé,Alimentaire,Site web,Mobile Money,41.0,F,70.0,1,2,4681,8.5,1199,9765,5,Sam,2.2,0,4,1,0
CMD202018,CLI10230,Lomé,Alimentaire,Application mobile,Mobile Money,38.0,H,1117.0,1,6,5928,15.8,1480,31428,6,Mar,0.5,0,5,1,0
CMD202019,CLI10577,Atakpamé,Alimentaire,Application mobile,Espèces à la livraison,42.0,H,242.0,1,2,9585,12.4,3276,20069,12,Sam,2.8,0,4,1,0
CMD202020,CLI11128,Lomé,Maison,Application mobile,Espèces à la livraison,42.0,H,133.0,1,3,27054,16.7,1514,69122,12,Jeu,2.5,0,4,1,0
CMD202021,CLI10605,Lomé,Électronique,Site web,Espèces à la livraison,20.0,F,67.0,0,2,52161,7.3,2210,98916,5,Dim,3.4,0,5,1,0
CMD202022,CLI11514,Lomé,Mode,Application mobile,Mobile Money,28.0,F,823.0,1,1,10907,,1318,11134,9,Sam,3.0,0,4,1,0
CMD202023,CLI10974,Kpalimé,Beauté,Application mobile,Mobile Money,37.0,F,48.0,1,4,10130,13.3,1597,36728,7,Mar,2.4,0,5,1,0
CMD202024,CLI11548,Kara,Maison,Application mobile,Mobile Money,28.0,H,848.0,1,3,1500,13.1,3691,7602,10,Lun,3.0,0,3,0,0
CMD202025,CLI10035,Lomé,Téléphonie,Application mobile,Mobile Money,33.0,H,1484.0,0,4,49176,0.0,1696,198400,6,Sam,2.1,0,5,1,0
CMD202026,CLI11155,Kpalimé,Beauté,Application mobile,Mobile Money,52.0,H,925.0,0,1,4916,0.0,2005,6921,6,Ven,3.3,0,4,1,0
CMD202027,CLI11220,Kara,Téléphonie,Site web,Mobile Money,28.0,H,508.0,0,3,54736,0.0,2815,167023,10,Lun,3.2,0,4,1,0
CMD202028,CLI11095,Lomé,Maison,Application mobile,Espèces à la livraison,36.0,F,988.0,1,2,24280,11.3,1769,44842,11,Sam,4.4,0,4,1,0
CMD202029,CLI10184,Atakpamé,Téléphonie,Site web,Mobile Money,18.0,H,620.0,0,1,68580,0.0,3170,71750,5,Mar,3.9,0,5,1,0
CMD202030,CLI11734,Lomé,Mode,Site web,Mobile Money,29.0,H,183.0,0,4,16795,0.0,1654,68834,4,Mar,0.8,0,4,1,0
CMD202031,CLI11665,Lomé,Beauté,Application mobile,Mobile Money,32.0,H,850.0,0,1,9346,0.0,1877,11223,7,Ven,2.1,0,4,1,0
CMD202032,CLI10572,Atakpamé,Téléphonie,Application mobile,Mobile Money,18.0,H,354.0,1,2,57964,8.5,2849,108923,2,Sam,3.9,0,4,1,0
CMD202033,CLI10585,Lomé,Mode,Réseaux sociaux,Mobile Money,34.0,F,185.0,0,4,13386,9.4,1492,50003,5,Mar,1.8,0,3,0,0
CMD202034,CLI11428,Lomé,Électronique,Site web,Mobile Money,32.0,H,1397.0,1,3,39327,9.5,1200,107973,11,Mar,2.1,0,3,0,0
CMD202035,CLI11700,Lomé,Électronique,Réseaux sociaux,Espèces à la livraison,28.0,H,59.0,0,3,47586,5.2,1190,136525,12,Sam,1.7,0,5,1,0
CMD202036,CLI11002,Kara,Mode,Site web,Espèces à la livraison,,F,862.0,0,1,13199,5.2,2438,14951,7,Dim,5.9,1,3,0,0
CMD202037,CLI10337,Atakpamé,Téléphonie,Application mobile,Mobile Money,26.0,H,285.0,1,3,37186,14.4,3331,98825,10,Ven,1.9,0,4,1,0
CMD202038,CLI11562,Kara,Mode,Application mobile,Mobile Money,35.0,F,15.0,0,2,8041,0.0,3185,19267,4,Lun,4.0,0,5,1,0
CMD202039,CLI10529,Lomé,Mode,Application mobile,Mobile Money,24.0,F,564.0,0,1,25747,0.0,1422,27169,12,Jeu,,0,5,1,0
CMD202040,CLI10324,Sokodé,Alimentaire,Site web,Mobile Money,29.0,F,109.0,0,3,5010,6.3,3131,17214,10,Ven,4.3,0,4,1,0
CMD202041,CLI10633,Lomé,Téléphonie,Application mobile,Carte bancaire,41.0,F,594.0,1,2,54635,18.7,1980,90817,5,Sam,1.7,0,5,1,0
CMD202042,CLI10274,Lomé,Mode,Réseaux sociaux,Mobile Money,20.0,F,270.0,0,3,22075,0.0,865,67090,9,Lun,7.1,1,4,1,0
CMD202043,CLI11591,Sokodé,Mode,Site web,Carte bancaire,25.0,H,268.0,0,2,11467,3.0,3050,25296,7,Dim,4.3,0,3,0,0
CMD202044,CLI11288,Sokodé,Maison,Application mobile,Mobile Money,32.0,F,484.0,0,3,11708,0.0,3148,38272,5,Mer,2.9,0,4,1,0
CMD202045,CLI11171,Atakpamé,Beauté,Site web,Espèces à la livraison,29.0,H,47.0,0,2,18222,0.0,3043,39487,10,Mar,3.6,0,4,1,0
CMD202046,CLI10552,Kara,Mode,Application mobile,Espèces à la livraison,30.0,F,636.0,1,3,8400,15.2,3254,24624,11,Jeu,3.7,0,5,1,0
CMD202047,CLI11343,Sokodé,Électronique,Site web,Mobile Money,25.0,H,180.0,0,2,47488,0.0,2637,97613,9,Dim,2.5,0,5,1,0
CMD202048,CLI10547,Kara,Beauté,Application mobile,Espèces à la livraison,44.0,F,447.0,0,3,13910,9.7,3174,40856,3,Jeu,3.7,0,4,1,0
CMD202049,CLI10952,Lomé,Électronique,Site web,Mobile Money,35.0,F,437.0,0,4,30314,0.0,1982,123238,4,Lun,1.3,0,4,1,0
CMD202050,CLI10137,Atakpamé,Alimentaire,Application mobile,Espèces à la livraison,28.0,F,371.0,0,1,9574,0.0,1799,11373,1,Mar,4.4,0,5,1,0
CMD202051,CLI10291,Lomé,Alimentaire,Réseaux sociaux,Espèces à la livraison,32.0,F,168.0,0,2,3122,0.0,2051,8295,10,Mer,4.8,0,3,0,0
CMD202052,CLI10834,Dapaong,Téléphonie,Application mobile,Espèces à la livraison,35.0,F,207.0,0,1,89196,9.7,4300,84844,1,Ven,6.0,1,3,0,1
CMD202053,CLI11174,Lomé,Maison,Réseaux sociaux,Espèces à la livraison,38.0,H,175.0,1,3,16760,9.3,1918,47522,1,Mar,1.7,0,4,1,0
CMD202054,CLI11113,Lomé,Alimentaire,Application mobile,Espèces à la livraison,25.0,F,176.0,0,1,1500,6.0,1694,3104,8,Jeu,,0,4,1,0
CMD202055,CLI11004,Lomé,Maison,Application mobile,Mobile Money,28.0,H,592.0,0,2,1500,2.5,2117,5042,8,Dim,4.8,0,4,1,0
CMD202056,CLI10963,Lomé,Mode,Application mobile,Espèces à la livraison,40.0,F,656.0,0,2,24692,,1410,50794,9,Mer,0.9,0,3,0,0
CMD202057,CLI11072,Lomé,Mode,Réseaux sociaux,Carte bancaire,37.0,F,59.0,0,3,9346,6.7,1621,27780,6,Jeu,3.4,0,4,1,0
CMD202058,CLI11049,Dapaong,Alimentaire,Site web,Espèces à la livraison,18.0,F,427.0,0,2,10147,0.0,3899,24193,4,Jeu,2.4,0,2,0,0
CMD202059,CLI11033,Lomé,Beauté,Site web,Mobile Money,27.0,F,322.0,0,3,7221,3.8,1761,22601,1,Ven,1.5,0,4,1,0
CMD202060,CLI10272,Atakpamé,Mode,Réseaux sociaux,Mobile Money,29.0,F,245.0,0,2,27460,0.0,2613,57533,10,Sam,3.9,0,4,1,0
CMD202061,CLI11153,Kpalimé,Alimentaire,Site web,Mobile Money,34.0,H,100.0,0,4,10244,0.0,2177,43153,9,Sam,2.8,0,5,1,0
CMD202062,CLI10625,Lomé,Téléphonie,Site web,Mobile Money,18.0,F,41.0,0,1,62703,0.0,1151,63854,4,Ven,4.0,0,5,1,0
CMD202063,CLI10506,Lomé,Mode,Site web,Mobile Money,26.0,H,,0,3,8453,0.0,1403,26762,5,Mar,1.5,0,4,1,0
CMD202064,CLI11008,Lomé,Téléphonie,Site web,Carte bancaire,25.0,F,68.0,1,2,1500,12.7,790,3409,7,Ven,0.5,0,5,1,0
CMD202065,CLI11601,Kara,Alimentaire,Site web,Mobile Money,40.0,H,28.0,0,2,11999,0.0,3551,27549,10,Mar,5.4,1,3,0,0
CMD202066,CLI11658,Sokodé,Beauté,Site web,Mobile Money,38.0,F,428.0,0,4,8345,0.0,2755,36135,11,Sam,1.5,0,4,1,0
CMD202067,CLI11769,Kara,Beauté,Réseaux sociaux,Mobile Money,,H,333.0,0,1,1500,0.0,3168,4668,12,Sam,2.9,0,4,1,0
CMD202068,CLI10464,Kpalimé,Électronique,Application mobile,Mobile Money,18.0,F,3.0,0,3,3106,0.0,1857,11175,3,Sam,2.9,0,5,1,0
CMD202069,CLI11010,Lomé,Mode,Application mobile,Espèces à la livraison,36.0,F,304.0,0,2,14567,9.1,2220,28703,9,Sam,2.3,0,4,1,0
CMD202070,CLI10626,Sokodé,Électronique,Application mobile,Mobile Money,46.0,H,56.0,0,2,26932,0.0,3534,57398,5,Jeu,2.9,0,4,1,0
CMD202071,CLI10121,Lomé,Maison,Application mobile,Mobile Money,,F,109.0,0,4,31948,,1568,129360,3,Dim,8.5,1,3,0,0
CMD202072,CLI11734,Lomé,Électronique,Site web,Espèces à la livraison,26.0,F,131.0,0,2,15077,0.0,1775,31929,10,Sam,4.8,0,4,1,0
CMD202073,CLI10569,Sokodé,Alimentaire,Application mobile,Mobile Money,30.0,F,473.0,0,1,3444,0.0,2742,6186,10,Mar,2.6,0,3,0,0
CMD202074,CLI10602,Kara,Alimentaire,Application mobile,Mobile Money,18.0,H,,1,3,7506,17.3,2814,21436,9,Mar,,1,3,0,1
CMD202075,CLI11532,Lomé,Mode,Application mobile,Mobile Money,40.0,F,203.0,0,3,5466,0.0,1500,17898,2,Lun,2.6,0,3,0,0
CMD202076,CLI11230,Lomé,Maison,Application mobile,Mobile Money,23.0,H,294.0,0,3,27199,6.9,1238,77205,11,Mar,0.5,0,5,1,0
CMD202077,CLI11624,Lomé,Électronique,Application mobile,Mobile Money,18.0,F,191.0,0,2,49124,0.0,1732,99980,2,Ven,1.9,0,4,1,0
CMD202078,CLI10843,Atakpamé,Mode,Application mobile,Espèces à la livraison,30.0,F,550.0,1,3,17358,6.1,3287,52184,4,Sam,3.1,0,4,1,0
CMD202079,CLI10193,Kpalimé,Mode,Site web,Mobile Money,18.0,F,10.0,0,4,4974,0.0,2546,22442,2,Dim,1.9,0,4,1,0
CMD202080,CLI11505,Kpalimé,Mode,Application mobile,Mobile Money,37.0,F,62.0,0,2,21969,0.0,2268,46206,8,Lun,0.5,0,4,1,0
CMD202081,CLI11786,Dapaong,Maison,Réseaux sociaux,Mobile Money,29.0,F,76.0,0,1,5251,0.0,3099,8350,3,Sam,6.4,1,3,0,0
CMD202082,CLI11595,Sokodé,Téléphonie,Site web,Mobile Money,41.0,F,674.0,0,7,3635,0.0,3180,28625,7,Sam,4.7,0,4,1,0
CMD202083,CLI11583,Kara,Alimentaire,Site web,Mobile Money,34.0,F,131.0,0,3,6425,9.0,3143,20683,12,Dim,5.2,1,5,1,0
CMD202084,CLI10097,Sokodé,Téléphonie,Site web,Mobile Money,35.0,H,764.0,1,6,95059,19.1,1772,463188,3,Lun,3.0,0,5,1,0
CMD202085,CLI10510,Lomé,Téléphonie,Application mobile,Mobile Money,19.0,H,217.0,1,2,105810,9.3,1573,193512,5,Mar,4.5,0,5,1,0
CMD202086,CLI10498,Kara,Téléphonie,Site web,Espèces à la livraison,26.0,F,287.0,1,3,82869,7.4,3681,233891,2,Ven,4.1,0,5,1,1
CMD202087,CLI10267,Lomé,Alimentaire,Réseaux sociaux,Mobile Money,38.0,F,120.0,0,3,9005,4.3,1099,26952,10,Dim,,0,5,1,0
CMD202088,CLI10592,Sokodé,Téléphonie,Application mobile,Mobile Money,36.0,F,389.0,0,3,11229,0.0,2731,36418,8,Lun,6.2,1,4,1,0
CMD202089,CLI10367,Lomé,Maison,Application mobile,Mobile Money,29.0,F,829.0,0,3,36405,0.0,1818,111033,3,Lun,1.7,0,4,1,0
CMD202090,CLI10712,Lomé,Beauté,Application mobile,Mobile Money,36.0,H,370.0,0,2,10599,0.0,1184,22382,7,Mar,4.3,0,4,1,0
CMD202091,CLI10555,Lomé,Maison,Site web,Espèces à la livraison,37.0,F,175.0,0,1,8797,2.7,1556,10115,12,Dim,1.6,0,4,1,0
CMD202092,CLI11693,Lomé,Alimentaire,Application mobile,Espèces à la livraison,36.0,H,244.0,1,3,5865,16.5,1878,16570,8,Mer,2.3,0,5,1,0
CMD202093,CLI10588,Lomé,Alimentaire,Application mobile,Espèces à la livraison,30.0,F,1830.0,0,3,4590,4.2,1504,14696,1,Sam,0.7,0,3,0,0
CMD202094,CLI11562,Atakpamé,Téléphonie,Application mobile,Espèces à la livraison,39.0,H,547.0,0,1,1500,0.0,2949,4449,7,Jeu,1.6,0,4,1,0
CMD202095,CLI11243,Lomé,Beauté,Réseaux sociaux,Mobile Money,18.0,F,136.0,0,3,6993,0.0,1337,22316,6,Lun,1.6,0,5,1,0
CMD202096,CLI10712,Sokodé,Électronique,Application mobile,Espèces à la livraison,43.0,H,90.0,0,4,6143,9.5,3055,25293,1,Jeu,3.9,0,5,1,0
CMD202097,CLI10924,Lomé,Alimentaire,Réseaux sociaux,Mobile Money,37.0,F,213.0,0,4,7415,0.0,2030,31690,10,Jeu,2.9,0,3,0,0
CMD202098,CLI10996,Lomé,Maison,Site web,Espèces à la livraison,26.0,H,87.0,0,1,41423,3.0,1194,41374,2,Sam,1.6,0,4,1,0
CMD202099,CLI10185,Kpalimé,Électronique,Application mobile,Mobile Money,27.0,H,198.0,1,2,58061,9.5,2170,107260,12,Dim,3.0,0,3,0,0
CMD202100,CLI11411,Dapaong,Électronique,Site web,Mobile Money,25.0,H,27.0,1,5,28332,19.6,3193,117088,4,Jeu,4.5,0,5,1,0
CMD202101,CLI10558,Lomé,Beauté,Application mobile,Espèces à la livraison,24.0,H,312.0,0,1,3825,0.0,2351,6176,2,Jeu,4.1,0,4,1,0
CMD202102,CLI10236,Lomé,Alimentaire,Réseaux sociaux,Mobile Money,24.0,F,239.0,0,2,5777,0.0,1708,13262,5,Ven,1.7,0,5,1,0
CMD202103,CLI10618,Lomé,Maison,Application mobile,Carte bancaire,18.0,F,109.0,1,1,1500,9.4,1248,2607,8,Dim,4.7,0,5,1,0
CMD202104,CLI11120,Kara,Mode,Application mobile,Mobile Money,46.0,H,282.0,0,2,19524,7.9,3547,39510,10,Sam,1.9,0,3,0,0
CMD202105,CLI10160,Kara,Téléphonie,Site web,Mobile Money,44.0,H,1151.0,0,3,76622,7.5,3180,215806,4,Dim,4.5,0,4,1,0
CMD202106,CLI11794,Sokodé,Alimentaire,Application mobile,Espèces à la livraison,33.0,F,84.0,0,2,6137,0.0,2032,14306,7,Lun,0.9,0,4,1,0
CMD202107,CLI11187,Lomé,Téléphonie,Réseaux sociaux,Mobile Money,61.0,H,18.0,0,2,40567,5.7,1634,78143,9,Dim,5.2,1,5,1,0
CMD202108,CLI10258,Kpalimé,Alimentaire,Application mobile,Espèces à la livraison,42.0,F,242.0,0,3,7092,0.0,2019,23295,6,Dim,3.3,0,5,1,0
CMD202109,CLI10972,Lomé,Beauté,Réseaux sociaux,Espèces à la livraison,25.0,H,315.0,0,4,15336,0.0,1332,62676,6,Mar,2.3,0,4,1,0
CMD202110,CLI10430,Kara,Maison,Application mobile,Mobile Money,18.0,H,117.0,0,3,12170,9.3,3167,36282,10,Lun,5.7,1,3,0,0
CMD202111,CLI10848,Sokodé,Alimentaire,Application mobile,Mobile Money,29.0,F,86.0,1,4,4496,13.3,3152,18744,3,Mer,0.5,0,4,1,0
CMD202112,CLI10453,Lomé,Téléphonie,Application mobile,Mobile Money,25.0,F,468.0,0,3,15586,0.0,1673,48431,12,Mar,4.8,0,4,1,0
CMD202113,CLI10259,Atakpamé,Beauté,Site web,Espèces à la livraison,23.0,F,151.0,0,5,8903,0.0,2506,47021,11,Lun,,0,4,1,0
CMD202114,CLI10210,Lomé,Électronique,Site web,Espèces à la livraison,,H,1.0,0,7,25623,0.0,1303,180664,2,Lun,0.9,0,5,1,0
CMD202115,CLI10714,Sokodé,Électronique,Application mobile,Mobile Money,23.0,F,258.0,0,5,57417,6.6,3072,271209,3,Sam,3.3,0,4,1,0
CMD202116,CLI10998,Lomé,Beauté,Site web,Espèces à la livraison,33.0,H,534.0,0,3,13664,0.0,1834,42826,5,Lun,2.2,0,3,0,0
CMD202117,CLI11394,Sokodé,Mode,Site web,Mobile Money,44.0,H,627.0,0,1,14807,0.0,3176,17983,4,Sam,3.5,0,5,1,0
CMD202118,CLI11476,Kara,Électronique,Site web,Espèces à la livraison,38.0,F,459.0,0,3,32999,0.0,2810,101807,6,Dim,2.1,0,4,1,0
CMD202119,CLI10958,Lomé,Mode,Application mobile,Espèces à la livraison,24.0,H,126.0,0,4,17905,0.0,1692,73312,6,Mar,1.6,0,3,0,0
CMD202120,CLI11455,Kara,Alimentaire,Application mobile,Mobile Money,33.0,F,26.0,0,2,3464,0.0,3008,9936,9,Dim,2.5,0,4,1,0
CMD202121,CLI11732,Lomé,Électronique,Réseaux sociaux,Mobile Money,35.0,F,115.0,0,6,58469,0.0,1890,352704,1,Sam,2.2,0,4,1,0
CMD202122,CLI10784,Sokodé,Mode,Application mobile,Mobile Money,27.0,H,390.0,0,2,11313,0.0,2871,25497,10,Jeu,5.5,1,4,1,0
CMD202123,CLI10964,Lomé,Beauté,Site web,Espèces à la livraison,18.0,F,238.0,1,2,15427,10.1,1313,29051,3,Sam,1.8,0,4,1,0
CMD202124,CLI11707,Sokodé,Beauté,Réseaux sociaux,Mobile Money,22.0,H,265.0,0,1,9368,4.1,2976,11960,6,Mer,2.3,0,3,0,0
CMD202125,CLI11484,Atakpamé,Téléphonie,Réseaux sociaux,Mobile Money,29.0,F,888.0,0,2,60185,2.2,2768,120490,1,Sam,2.1,0,3,0,1
CMD202126,CLI11707,Lomé,Maison,Site web,Mobile Money,31.0,F,147.0,0,2,23484,0.0,1061,48029,5,Dim,3.6,0,5,1,0
CMD202127,CLI10004,Lomé,Beauté,Application mobile,Mobile Money,62.0,F,24.0,0,3,9379,0.0,1710,29847,3,Sam,0.5,0,3,0,0
CMD202128,CLI11555,Kpalimé,Électronique,Application mobile,Espèces à la livraison,29.0,F,293.0,0,1,52871,0.0,2990,55861,9,Dim,2.7,0,3,0,1
CMD202129,CLI10919,Sokodé,Mode,Site web,Mobile Money,33.0,H,304.0,0,4,17640,0.0,3228,73788,4,Sam,2.4,0,5,1,0
CMD202130,CLI10206,Dapaong,Téléphonie,Site web,Carte bancaire,49.0,F,865.0,1,3,80341,12.8,2914,213086,6,Mar,4.2,0,3,0,0
CMD202131,CLI10171,Lomé,Téléphonie,Site web,Mobile Money,,H,2150.0,0,1,101343,0.0,1965,103308,8,Mer,1.4,0,4,1,0
CMD202132,CLI10423,Atakpamé,Téléphonie,Réseaux sociaux,Mobile Money,36.0,H,472.0,1,2,1500,14.2,2765,5339,1,Sam,4.1,0,5,1,0
CMD202133,CLI11438,Lomé,Téléphonie,Réseaux sociaux,Espèces à la livraison,31.0,F,48.0,1,5,11954,5.8,1963,58266,11,Sam,4.1,0,4,1,0
CMD202134,CLI10396,Lomé,Maison,Application mobile,Mobile Money,35.0,F,174.0,0,5,21515,7.4,1460,101074,9,Mar,2.0,0,5,1,0
CMD202135,CLI11650,Lomé,Mode,Application mobile,Espèces à la livraison,43.0,H,74.0,0,1,22873,0.0,1439,24312,2,Mer,4.8,0,4,1,0
CMD202136,CLI11102,Sokodé,Téléphonie,Réseaux sociaux,Espèces à la livraison,26.0,F,357.0,0,1,40185,8.5,2500,39269,6,Sam,2.7,0,3,0,0
CMD202137,CLI11741,Lomé,Beauté,Application mobile,Mobile Money,26.0,H,872.0,0,3,9631,0.0,1917,30810,4,Ven,6.0,1,4,1,0
CMD202138,CLI11074,Lomé,Beauté,Application mobile,Mobile Money,32.0,H,9.0,0,2,15873,0.0,649,32395,8,Lun,1.6,0,4,1,0
CMD202139,CLI11023,Kpalimé,Téléphonie,Application mobile,Mobile Money,32.0,H,4.0,0,4,8211,7.9,2850,33099,8,Sam,5.1,1,3,0,0
CMD202140,CLI11248,Lomé,Alimentaire,Application mobile,Mobile Money,25.0,F,,0,3,4347,6.8,1057,13211,5,Ven,1.2,0,4,1,0
CMD202141,CLI11663,Sokodé,Beauté,Application mobile,Carte bancaire,18.0,F,576.0,0,2,17437,0.0,3476,38350,6,Sam,3.6,0,4,1,0
CMD202142,CLI10923,Kara,Téléphonie,Réseaux sociaux,Mobile Money,39.0,H,741.0,0,2,137393,0.0,2624,277410,7,Dim,4.3,0,4,1,0
CMD202143,CLI11271,Atakpamé,Mode,Application mobile,Espèces à la livraison,37.0,F,125.0,0,5,4509,8.0,2781,23522,4,Mar,2.3,0,4,1,0
CMD202144,CLI11428,Sokodé,Électronique,Application mobile,Espèces à la livraison,,H,,0,1,55109,0.0,2389,57498,10,Ven,2.0,0,4,1,0
CMD202145,CLI11371,Lomé,Téléphonie,Réseaux sociaux,Espèces à la livraison,36.0,H,26.0,0,2,2443,0.0,804,5690,2,Mar,2.5,0,4,1,0
CMD202146,CLI11430,Lomé,Mode,Site web,Carte bancaire,27.0,F,368.0,0,2,11645,0.0,1622,24912,9,Sam,3.5,0,4,1,0
CMD202147,CLI11749,Kara,Téléphonie,Application mobile,Mobile Money,40.0,F,284.0,1,4,131023,6.3,2598,493672,2,Dim,4.0,0,5,1,0
CMD202148,CLI11717,Kara,Électronique,Application mobile,Espèces à la livraison,18.0,F,138.0,1,2,40045,13.3,2321,71759,5,Lun,2.9,0,5,1,0
CMD202149,CLI11659,Lomé,Mode,Application mobile,Espèces à la livraison,,H,17.0,0,1,25688,0.0,1151,26839,8,Ven,2.5,0,4,1,0
CMD202150,CLI11015,Lomé,Mode,Application mobile,Carte bancaire,36.0,H,226.0,0,1,24838,8.7,1314,23991,12,Lun,2.0,0,3,0,0
CMD202151,CLI11286,Kpalimé,Beauté,Réseaux sociaux,Mobile Money,18.0,F,818.0,0,3,8122,5.2,2396,25495,10,Sam,2.2,0,4,1,0
CMD202152,CLI10643,Lomé,Maison,Application mobile,Espèces à la livraison,22.0,H,41.0,0,4,52205,6.5,851,196098,5,Dim,4.5,0,5,1,0
CMD202153,CLI11103,Lomé,Téléphonie,Application mobile,Espèces à la livraison,24.0,F,51.0,0,3,28496,0.0,1587,87075,3,Sam,4.4,0,4,1,0
CMD202154,CLI11735,Kara,Beauté,Réseaux sociaux,Mobile Money,26.0,F,904.0,1,2,6331,18.1,3640,14010,7,Dim,2.9,0,5,1,0
CMD202155,CLI11151,Kpalimé,Maison,Site web,Espèces à la livraison,32.0,F,974.0,0,2,34919,0.0,2148,71986,9,Lun,2.5,0,4,1,0
CMD202156,CLI11762,Dapaong,Mode,Application mobile,Mobile Money,48.0,H,361.0,0,2,21897,0.0,3574,47368,11,Mer,6.0,1,2,0,0
CMD202157,CLI11593,Lomé,Mode,Site web,Espèces à la livraison,18.0,F,277.0,0,1,16514,4.9,1383,17088,1,Ven,5.8,1,3,0,0
CMD202158,CLI11344,Sokodé,Téléphonie,Application mobile,Espèces à la livraison,41.0,F,1462.0,0,6,48476,0.0,2767,293623,5,Mar,2.9,0,3,0,0
CMD202159,CLI11177,Dapaong,Alimentaire,Réseaux sociaux,Mobile Money,32.0,F,152.0,1,3,8273,9.2,3769,26305,9,Jeu,5.3,1,4,1,0
CMD202160,CLI11089,Lomé,Mode,Site web,Espèces à la livraison,29.0,F,,0,2,10575,0.0,1042,22192,1,Lun,,0,4,1,0
CMD202161,CLI10614,Lomé,Alimentaire,Application mobile,Espèces à la livraison,28.0,F,25.0,0,4,4598,0.0,1255,19647,11,Mer,3.2,0,5,1,0
CMD202162,CLI11420,Lomé,Mode,Application mobile,Espèces à la livraison,26.0,F,240.0,0,1,7001,0.0,2105,9106,2,Jeu,1.4,0,4,1,0
CMD202163,CLI10012,Lomé,Maison,Site web,Mobile Money,37.0,F,441.0,0,1,40275,0.0,914,41189,6,Sam,3.2,0,4,1,0
CMD202164,CLI10077,Atakpamé,Maison,Application mobile,Espèces à la livraison,37.0,H,553.0,0,4,20538,8.6,2631,77718,1,Dim,5.2,1,3,0,0
CMD202165,CLI10090,Lomé,Alimentaire,Application mobile,Espèces à la livraison,22.0,F,453.0,0,1,10238,0.0,2189,12427,12,Mar,0.5,0,5,1,0
CMD202166,CLI11668,Lomé,Alimentaire,Réseaux sociaux,Mobile Money,25.0,H,975.0,0,4,4178,2.4,1627,17938,6,Lun,1.8,0,4,1,0
CMD202167,CLI11424,Lomé,Électronique,Réseaux sociaux,Mobile Money,47.0,H,42.0,0,1,47689,10.0,2139,45059,11,Mar,2.5,0,3,0,0
CMD202168,CLI10850,Kara,Mode,Réseaux sociaux,Mobile Money,38.0,H,220.0,0,4,11249,0.0,3344,48340,11,Dim,,1,5,1,0
CMD202169,CLI11126,Lomé,Mode,Site web,Mobile Money,36.0,F,95.0,0,5,1500,3.0,1507,8782,7,Sam,1.6,0,4,1,0
CMD202170,CLI10933,Lomé,Maison,Application mobile,Mobile Money,25.0,H,121.0,1,3,31699,13.0,1955,84689,3,Jeu,1.4,0,5,1,0
CMD202171,CLI11564,Lomé,Mode,Site web,Espèces à la livraison,22.0,H,212.0,0,1,23127,0.0,1475,24602,6,Mer,2.7,0,4,1,0
CMD202172,CLI10070,Lomé,Beauté,Réseaux sociaux,Mobile Money,25.0,F,113.0,0,4,1500,0.0,1752,7752,11,Ven,4.4,0,3,0,0
CMD202173,CLI11292,Lomé,Électronique,Site web,Mobile Money,34.0,H,53.0,0,4,24748,0.0,1659,100651,8,Mer,1.6,0,3,0,0
CMD202174,CLI11701,Lomé,Maison,Application mobile,Mobile Money,34.0,H,697.0,0,1,14661,0.0,1198,15859,3,Mar,0.8,0,5,1,0
CMD202175,CLI10228,Lomé,Alimentaire,Application mobile,Mobile Money,19.0,H,1493.0,0,2,3605,0.0,1981,9191,7,Jeu,3.0,0,5,1,0
CMD202176,CLI10595,Atakpamé,Beauté,Réseaux sociaux,Mobile Money,,F,3.0,0,6,1500,0.0,3403,12403,7,Dim,5.2,1,4,1,0
CMD202177,CLI10016,Lomé,Mode,Application mobile,Mobile Money,34.0,F,773.0,0,2,26394,0.0,1941,54729,10,Dim,2.4,0,5,1,0
CMD202178,CLI10470,Lomé,Beauté,Réseaux sociaux,Espèces à la livraison,18.0,H,494.0,0,4,13113,6.2,1897,51097,1,Lun,4.2,0,4,1,0
CMD202179,CLI10734,Atakpamé,Maison,Application mobile,Mobile Money,41.0,H,32.0,0,2,36412,0.0,2591,75415,1,Mer,2.5,0,4,1,0
CMD202180,CLI10396,Kara,Mode,Application mobile,Mobile Money,28.0,F,351.0,0,6,12547,6.8,2785,72948,8,Ven,2.1,0,4,1,0
CMD202181,CLI10047,Atakpamé,Électronique,Site web,Mobile Money,34.0,F,1585.0,0,3,52828,8.7,1881,146577,11,Sam,2.7,0,5,1,0
CMD202182,CLI10763,Sokodé,Alimentaire,Site web,Mobile Money,27.0,H,947.0,0,2,11460,6.2,2051,23550,3,Ven,6.6,1,4,1,0
CMD202183,CLI11783,Lomé,Mode,Site web,Espèces à la livraison,18.0,F,335.0,0,5,12917,0.0,1837,66422,8,Dim,3.0,0,4,1,0
CMD202184,CLI10695,Lomé,Beauté,Réseaux sociaux,Mobile Money,51.0,H,138.0,0,1,16539,0.0,1918,18457,2,Dim,3.6,0,4,1,0
CMD202185,CLI10150,Kpalimé,Téléphonie,Application mobile,Mobile Money,34.0,F,11.0,0,3,10968,5.6,2224,33285,4,Jeu,0.5,0,4,1,0
CMD202186,CLI11304,Lomé,Alimentaire,Application mobile,Mobile Money,19.0,H,373.0,0,4,1500,0.0,1438,7438,7,Mer,1.7,0,5,1,0
CMD202187,CLI10110,Lomé,Téléphonie,Site web,Espèces à la livraison,33.0,F,85.0,1,2,106347,9.4,1924,194625,12,Mar,1.5,0,5,1,0
CMD202188,CLI11069,Lomé,Alimentaire,Application mobile,Carte bancaire,,H,120.0,0,1,4180,8.5,1553,5378,10,Dim,3.2,0,5,1,0
CMD202189,CLI11612,Sokodé,Maison,Site web,Mobile Money,24.0,H,1112.0,0,1,23413,6.0,2336,24344,11,Ven,0.6,0,4,1,0
CMD202190,CLI10889,Lomé,Mode,Site web,Mobile Money,38.0,F,63.0,0,3,21312,0.0,1067,65003,12,Ven,0.5,0,4,1,0
CMD202191,CLI11720,Kara,Électronique,Réseaux sociaux,Espèces à la livraison,21.0,H,6.0,1,3,63892,16.1,2974,163790,11,Ven,2.1,0,5,1,0
CMD202192,CLI10571,Sokodé,Électronique,Site web,Mobile Money,18.0,F,818.0,0,4,58022,8.7,3016,214912,8,Sam,3.7,0,4,1,0
CMD202193,CLI11557,Lomé,Électronique,Réseaux sociaux,Espèces à la livraison,32.0,F,82.0,0,1,61879,7.4,2073,59373,4,Mer,3.0,0,4,1,0
CMD202194,CLI10520,Lomé,Alimentaire,Réseaux sociaux,Mobile Money,26.0,H,951.0,0,1,1500,0.0,1276,2776,4,Mar,0.5,0,4,1,0
CMD202195,CLI10233,Lomé,Électronique,Application mobile,Carte bancaire,29.0,H,239.0,0,2,57348,0.0,1727,116423,11,Lun,1.6,0,3,0,0
CMD202196,CLI11279,Kara,Maison,Site web,Espèces à la livraison,37.0,F,176.0,1,3,14086,16.6,3065,38308,6,Ven,4.9,0,4,1,0
CMD202197,CLI10553,Atakpamé,Maison,Réseaux sociaux,Espèces à la livraison,25.0,H,725.0,0,2,22056,9.4,3027,42992,2,Mer,5.6,1,3,0,0
CMD202198,CLI11007,Lomé,Alimentaire,Réseaux sociaux,Espèces à la livraison,32.0,H,166.0,0,4,7316,0.0,1914,31178,8,Ven,2.5,0,5,1,0
CMD202199,CLI10351,Dapaong,Électronique,Site web,Mobile Money,22.0,H,140.0,0,5,1500,9.4,3320,10115,3,Ven,1.1,0,3,0,0
CMD202200,CLI10607,Lomé,Mode,Site web,Mobile Money,,H,75.0,0,4,13221,0.0,1750,54634,1,Mar,0.5,0,4,1,0
CMD202201,CLI10953,Sokodé,Alimentaire,Application mobile,Mobile Money,45.0,H,1196.0,0,3,9341,0.0,2695,30718,12,Jeu,3.8,0,5,1,0
CMD202202,CLI10341,Lomé,Électronique,Application mobile,Mobile Money,58.0,H,1212.0,0,4,53576,0.0,1329,215633,11,Sam,3.0,0,4,1,0
CMD202203,CLI11412,Lomé,Alimentaire,Site web,Mobile Money,36.0,F,376.0,0,4,13731,0.0,1611,56535,12,Lun,3.5,0,3,0,0
CMD202204,CLI10851,Lomé,Maison,Réseaux sociaux,Espèces à la livraison,25.0,H,335.0,0,1,15959,0.0,1475,17434,6,Mer,1.3,0,4,1,0
CMD202205,CLI11708,Sokodé,Électronique,Application mobile,Mobile Money,28.0,H,24.0,0,3,1500,0.0,3003,7503,4,Mar,5.1,1,4,1,0
CMD202206,CLI11160,Lomé,Mode,Site web,Mobile Money,36.0,F,1977.0,0,2,30197,6.9,1516,57743,2,Sam,1.2,0,3,0,0
CMD202207,CLI10655,Kara,Alimentaire,Site web,Espèces à la livraison,25.0,F,76.0,0,3,4497,0.0,3282,16773,5,Ven,2.8,0,4,1,0
CMD202208,CLI10203,Lomé,Maison,Application mobile,Mobile Money,44.0,H,47.0,0,2,15288,5.9,1555,30327,12,Lun,4.0,0,3,0,0
CMD202209,CLI10632,Kara,Maison,Réseaux sociaux,Carte bancaire,34.0,F,1999.0,1,1,18183,15.5,3395,18760,9,Ven,4.0,0,5,1,0
CMD202210,CLI10787,Kpalimé,Alimentaire,Site web,Espèces à la livraison,31.0,H,107.0,0,5,11202,0.0,2006,58016,10,Sam,4.9,0,5,1,0
CMD202211,CLI11723,Sokodé,Alimentaire,Site web,Espèces à la livraison,20.0,H,52.0,0,2,4560,4.4,2385,11104,12,Dim,5.7,1,4,1,0
CMD202212,CLI10976,Sokodé,Alimentaire,Réseaux sociaux,Espèces à la livraison,28.0,H,220.0,0,2,6524,0.0,2880,15928,1,Lun,0.5,0,5,1,0
CMD202213,CLI10073,Atakpamé,Beauté,Site web,Mobile Money,27.0,F,347.0,1,1,8617,10.4,2358,10079,3,Sam,4.3,0,5,1,0
CMD202214,CLI11412,Sokodé,Beauté,Site web,Mobile Money,23.0,F,170.0,0,1,15655,0.0,3114,18769,5,Lun,3.1,0,4,1,0
CMD202215,CLI11555,Atakpamé,Téléphonie,Site web,Espèces à la livraison,27.0,F,77.0,0,5,101940,0.0,3021,512721,6,Sam,5.7,1,3,0,0
CMD202216,CLI11150,Lomé,Téléphonie,Application mobile,Mobile Money,24.0,H,163.0,0,2,65402,0.0,1099,131903,5,Lun,1.9,0,4,1,0
CMD202217,CLI10257,Lomé,Beauté,Application mobile,Mobile Money,26.0,F,500.0,0,2,4574,0.0,914,10062,10,Jeu,3.9,0,2,0,0
CMD202218,CLI10444,Lomé,Mode,Application mobile,Mobile Money,35.0,H,1557.0,1,2,24271,16.4,1580,42161,1,Sam,1.7,0,5,1,0
CMD202219,CLI10028,Lomé,Mode,Application mobile,Espèces à la livraison,31.0,H,47.0,0,3,27228,0.0,1158,82842,2,Jeu,1.8,0,5,1,0
CMD202220,CLI11562,Lomé,Électronique,Site web,Mobile Money,34.0,H,91.0,0,3,61047,0.0,1280,184421,8,Mar,0.5,0,5,1,0
CMD202221,CLI11229,Dapaong,Maison,Réseaux sociaux,Mobile Money,18.0,H,237.0,0,1,2664,4.2,3633,6185,4,Lun,3.0,0,5,1,0
CMD202222,CLI10553,Sokodé,Beauté,Application mobile,Espèces à la livraison,20.0,F,205.0,1,3,12263,14.1,2892,34494,1,Jeu,3.6,0,4,1,0
CMD202223,CLI10611,Lomé,Téléphonie,Site web,Mobile Money,38.0,F,68.0,1,1,108014,18.6,1234,89157,8,Mer,3.7,0,5,1,0
CMD202224,CLI11035,Atakpamé,Maison,Réseaux sociaux,Mobile Money,28.0,F,318.0,0,3,44272,2.1,2653,132680,7,Jeu,2.1,0,4,1,0
CMD202225,CLI11150,Dapaong,Mode,Application mobile,Espèces à la livraison,38.0,H,409.0,1,2,12258,8.7,2744,25127,10,Jeu,3.4,0,4,1,0
CMD202226,CLI11267,Lomé,Mode,Application mobile,Espèces à la livraison,21.0,H,82.0,0,3,16387,0.0,1458,50619,11,Mar,4.5,0,5,1,0
CMD202227,CLI11314,Lomé,Électronique,Application mobile,Mobile Money,40.0,F,522.0,0,4,74619,0.0,2043,300519,9,Ven,0.5,0,5,1,0
CMD202228,CLI11297,Kara,Alimentaire,Application mobile,Espèces à la livraison,38.0,H,149.0,0,2,1914,0.0,2941,6769,3,Sam,0.6,0,4,1,0
CMD202229,CLI10783,Lomé,Électronique,Site web,Mobile Money,23.0,H,928.0,0,5,14179,0.0,1458,72353,1,Dim,1.8,0,4,1,0
CMD202230,CLI11523,Kpalimé,Beauté,Site web,Mobile Money,32.0,H,131.0,0,3,12358,0.0,2263,39337,4,Sam,5.9,1,2,0,0
CMD202231,CLI11161,Lomé,Mode,Réseaux sociaux,Carte bancaire,25.0,H,1522.0,0,2,31288,0.0,1349,63925,4,Lun,,0,4,1,0
CMD202232,CLI11427,Sokodé,Électronique,Site web,Mobile Money,44.0,F,316.0,0,1,54464,0.0,2602,57066,10,Ven,5.5,1,3,0,0
CMD202233,CLI11044,Lomé,Alimentaire,Application mobile,Espèces à la livraison,36.0,H,739.0,0,1,9348,3.8,2319,11312,2,Mar,1.6,0,5,1,0
CMD202234,CLI10225,Sokodé,Mode,Application mobile,Espèces à la livraison,28.0,H,155.0,0,1,9541,0.0,3139,12680,2,Sam,3.0,0,4,1,0
CMD202235,CLI10167,Lomé,Électronique,Application mobile,Mobile Money,29.0,H,182.0,1,4,51541,10.8,2123,186021,10,Ven,2.5,0,3,0,0
CMD202236,CLI10313,Lomé,Électronique,Application mobile,Espèces à la livraison,27.0,H,662.0,0,3,48080,5.7,1624,137642,6,Sam,6.3,1,3,0,0
CMD202237,CLI11575,Kpalimé,Téléphonie,Application mobile,Carte bancaire,30.0,H,109.0,1,1,34578,,1473,29274,5,Jeu,1.4,0,5,1,0
CMD202238,CLI10094,Lomé,Électronique,Application mobile,Mobile Money,19.0,F,295.0,0,3,56755,6.5,1807,161005,11,Mer,1.8,0,4,1,0
CMD202239,CLI10322,Lomé,Mode,Site web,Mobile Money,30.0,F,166.0,1,2,1500,13.9,1531,4114,2,Lun,1.0,0,5,1,0
CMD202240,CLI10411,Atakpamé,Mode,Réseaux sociaux,Carte bancaire,34.0,H,82.0,0,2,13134,9.4,2765,26564,12,Jeu,3.4,0,4,1,0
CMD202241,CLI11658,Lomé,Alimentaire,Application mobile,Mobile Money,36.0,F,424.0,0,1,12723,0.0,1951,14674,3,Sam,2.2,0,4,1,0
CMD202242,CLI10245,Kara,Téléphonie,Site web,Espèces à la livraison,41.0,H,206.0,0,2,56835,0.0,2979,116649,8,Mer,4.0,0,4,1,0
CMD202243,CLI10130,Lomé,Maison,Réseaux sociaux,Mobile Money,,F,473.0,0,1,35266,0.0,1338,36604,8,Jeu,2.0,0,4,1,0
CMD202244,CLI11615,Lomé,Électronique,Application mobile,Mobile Money,46.0,H,245.0,0,3,8474,0.0,1932,27354,11,Sam,0.7,0,4,1,0
CMD202245,CLI11786,Atakpamé,Beauté,Application mobile,Mobile Money,31.0,F,334.0,0,4,16999,0.0,2843,70839,7,Lun,4.2,0,3,0,0
CMD202246,CLI10416,Lomé,Maison,Site web,Mobile Money,26.0,F,641.0,0,3,4542,0.0,1624,15250,3,Mar,0.6,0,4,1,0
CMD202247,CLI11582,Kpalimé,Maison,Réseaux sociaux,Mobile Money,26.0,F,159.0,1,1,23766,19.5,2618,21750,10,Sam,3.1,0,4,1,0
CMD202248,CLI11299,Lomé,Mode,Réseaux sociaux,Espèces à la livraison,34.0,F,938.0,0,3,19585,0.0,1951,60706,9,Mar,3.8,0,4,1,0
CMD202249,CLI10366,Lomé,Alimentaire,Application mobile,Mobile Money,42.0,H,118.0,0,4,6970,0.0,1762,29642,8,Ven,0.5,0,4,1,0
CMD202250,CLI10689,Lomé,Mode,Application mobile,Mobile Money,18.0,H,23.0,0,4,6175,0.0,1333,26033,12,Jeu,3.6,0,3,0,0
CMD202251,CLI10897,Sokodé,Mode,Site web,Mobile Money,38.0,F,530.0,1,3,21338,18.6,2707,54814,11,Dim,1.7,0,4,1,0
CMD202252,CLI11324,Lomé,Mode,Site web,Mobile Money,34.0,F,256.0,0,1,10752,0.0,1329,12081,1,Jeu,2.3,0,3,0,0
CMD202253,CLI11428,Lomé,Électronique,Application mobile,Mobile Money,22.0,F,211.0,0,4,57300,0.0,1103,230303,12,Mar,6.0,1,3,0,0
CMD202254,CLI10232,Lomé,Électronique,Réseaux sociaux,Espèces à la livraison,25.0,F,29.0,1,1,14289,15.6,1340,13400,5,Jeu,0.5,0,5,1,0
CMD202255,CLI10710,Lomé,Alimentaire,Réseaux sociaux,Mobile Money,29.0,F,735.0,1,7,11760,10.4,2074,75833,8,Jeu,0.5,0,5,1,0
CMD202256,CLI10183,Atakpamé,Mode,Application mobile,Mobile Money,40.0,H,575.0,0,3,25640,0.0,2740,79660,1,Dim,5.7,1,3,0,0
CMD202257,CLI11252,Lomé,Alimentaire,Réseaux sociaux,Espèces à la livraison,35.0,F,1204.0,0,1,7372,0.0,2356,9728,3,Lun,3.0,0,5,1,0
CMD202258,CLI10094,Lomé,Alimentaire,Application mobile,Mobile Money,31.0,H,1084.0,0,1,8365,3.8,1334,9381,8,Mer,4.3,0,4,1,0
CMD202259,CLI10212,Kpalimé,Mode,Application mobile,Mobile Money,25.0,H,62.0,0,1,13580,0.0,3122,16702,2,Sam,3.2,0,5,1,0
CMD202260,CLI10455,Lomé,Alimentaire,Application mobile,Espèces à la livraison,30.0,F,671.0,0,5,4522,,1848,24458,5,Mar,5.7,1,3,0,0
CMD202261,CLI11286,Lomé,Beauté,Application mobile,Mobile Money,37.0,H,338.0,1,4,11933,16.3,1390,41342,11,Sam,4.0,0,5,1,0
CMD202262,CLI10663,Kpalimé,Beauté,Réseaux sociaux,Espèces à la livraison,22.0,F,331.0,0,3,7246,0.0,2565,24303,10,Mer,0.6,0,5,1,0
CMD202263,CLI11207,Lomé,Mode,Application mobile,Mobile Money,26.0,H,317.0,0,4,13794,0.0,968,56144,12,Mer,4.0,0,4,1,0
CMD202264,CLI11610,Sokodé,Électronique,Site web,Espèces à la livraison,42.0,H,344.0,1,2,1500,17.2,2827,5311,9,Lun,2.3,0,4,1,0
CMD202265,CLI11508,Atakpamé,Beauté,Application mobile,Carte bancaire,36.0,F,1610.0,1,6,8798,15.0,2828,47698,5,Jeu,0.5,0,3,0,0
CMD202266,CLI10596,Lomé,Électronique,Application mobile,Espèces à la livraison,31.0,H,89.0,0,2,30851,0.0,1285,62987,11,Jeu,4.3,0,4,1,0
CMD202267,CLI10208,Lomé,Alimentaire,Site web,Espèces à la livraison,21.0,F,1358.0,1,3,7810,5.1,2073,24308,3,Sam,3.1,0,4,1,0
CMD202268,CLI10251,Atakpamé,Téléphonie,Site web,Mobile Money,40.0,F,145.0,0,4,69956,0.0,2519,282343,12,Jeu,5.2,1,4,1,0
CMD202269,CLI11195,Lomé,Beauté,Application mobile,Carte bancaire,18.0,H,,0,2,12613,0.0,1342,26568,3,Dim,4.7,0,4,1,0
CMD202270,CLI10858,Sokodé,Téléphonie,Application mobile,Mobile Money,33.0,F,168.0,0,2,41111,0.0,3190,85412,12,Ven,4.3,0,5,1,0
CMD202271,CLI11170,Kara,Téléphonie,Application mobile,Mobile Money,48.0,H,27.0,0,3,55304,0.0,3899,169811,12,Ven,0.6,0,4,1,0
CMD202272,CLI10808,Lomé,Téléphonie,Application mobile,Mobile Money,22.0,F,321.0,1,3,29790,6.5,1298,84859,1,Lun,1.9,0,4,1,0
CMD202273,CLI11105,Atakpamé,Mode,Application mobile,Mobile Money,33.0,H,66.0,1,4,10095,16.3,2357,36155,5,Mer,6.8,1,3,0,1
CMD202274,CLI10877,Lomé,Maison,Application mobile,Mobile Money,19.0,F,521.0,0,3,24119,0.0,1618,73975,8,Lun,3.3,0,4,1,0
CMD202275,CLI10190,Lomé,Beauté,Application mobile,Mobile Money,25.0,F,704.0,0,3,1500,0.0,1810,6310,4,Lun,3.2,0,5,1,0
CMD202276,CLI10692,Kara,Téléphonie,Application mobile,Carte bancaire,18.0,H,219.0,0,2,28012,2.5,2910,57533,7,Mer,3.8,0,5,1,0
CMD202277,CLI10404,Lomé,Mode,Site web,Mobile Money,25.0,F,361.0,0,3,1500,7.7,1870,6024,7,Lun,4.0,0,4,1,0
CMD202278,CLI10935,Sokodé,Mode,Application mobile,Espèces à la livraison,30.0,F,161.0,0,2,20657,2.8,3151,43308,9,Dim,4.1,0,3,0,0
CMD202279,CLI10619,Lomé,Mode,Application mobile,Espèces à la livraison,40.0,F,8.0,0,3,11744,9.4,894,32814,2,Jeu,1.2,0,5,1,0
CMD202280,CLI11059,Lomé,Beauté,Site web,Espèces à la livraison,47.0,H,226.0,0,2,6040,0.0,1697,13777,2,Ven,3.2,0,5,1,0
CMD202281,CLI11435,Sokodé,Téléphonie,Application mobile,Espèces à la livraison,30.0,F,297.0,0,4,69695,0.0,3189,281969,6,Ven,3.6,0,4,1,0
CMD202282,CLI10323,Lomé,Maison,Site web,Mobile Money,31.0,F,19.0,0,1,1500,0.0,1520,3020,12,Mer,2.3,0,4,1,0
CMD202283,CLI11076,Lomé,Mode,Application mobile,Mobile Money,32.0,H,743.0,1,1,13251,7.1,1577,13887,5,Ven,2.3,0,5,1,0
CMD202284,CLI11160,Kpalimé,Mode,Application mobile,Mobile Money,18.0,H,510.0,1,1,20718,18.4,2476,19382,6,Jeu,3.8,0,5,1,0
CMD202285,CLI10954,Dapaong,Maison,Application mobile,Mobile Money,35.0,F,101.0,0,1,21146,,4169,23983,2,Dim,4.6,0,4,1,1
CMD202286,CLI10934,Lomé,Maison,Application mobile,Mobile Money,23.0,H,541.0,0,1,15638,0.0,1681,17319,7,Mer,5.4,1,3,0,0
CMD202287,CLI10028,Sokodé,Mode,Application mobile,Espèces à la livraison,35.0,F,27.0,0,6,21597,3.5,3545,128592,11,Jeu,5.6,1,4,1,0
CMD202288,CLI10730,Lomé,Maison,Application mobile,Mobile Money,18.0,F,22.0,0,2,21388,0.0,1671,44447,1,Jeu,2.4,0,3,0,0
CMD202289,CLI10328,Lomé,Téléphonie,Réseaux sociaux,Mobile Money,36.0,H,208.0,0,2,1500,0.0,2090,5090,10,Mer,2.6,0,3,0,0
CMD202290,CLI10758,Lomé,Alimentaire,Réseaux sociaux,Espèces à la livraison,41.0,F,104.0,1,2,3638,10.0,2098,8646,9,Jeu,5.7,1,4,1,0
CMD202291,CLI10557,Sokodé,Mode,Application mobile,Mobile Money,29.0,H,358.0,0,3,29741,0.0,3257,92480,5,Jeu,3.7,0,3,0,0
CMD202292,CLI10480,Lomé,Alimentaire,Réseaux sociaux,Espèces à la livraison,25.0,H,1637.0,0,2,2363,0.0,2050,6776,3,Jeu,2.0,0,5,1,0
CMD202293,CLI11030,Kara,Mode,Application mobile,Espèces à la livraison,30.0,F,226.0,0,2,21582,0.0,2889,46053,7,Mar,1.2,0,3,0,0
CMD202294,CLI10044,Dapaong,Électronique,Application mobile,Mobile Money,31.0,F,922.0,1,1,40010,,3670,38279,3,Ven,4.5,0,5,1,0
CMD202295,CLI10119,Atakpamé,Maison,Site web,Mobile Money,18.0,F,1656.0,0,2,15363,0.0,3333,34059,9,Jeu,,1,3,0,0
CMD202296,CLI10810,Lomé,Téléphonie,Site web,Mobile Money,27.0,H,68.0,1,2,65670,19.6,1732,107329,5,Mar,1.3,0,5,1,0
CMD202297,CLI10334,Lomé,Mode,Site web,Espèces à la livraison,,F,488.0,0,4,17561,0.0,1818,72062,8,Mar,4.8,0,4,1,0
CMD202298,CLI11499,Atakpamé,Beauté,Application mobile,Mobile Money,28.0,F,68.0,0,2,11443,5.5,3097,24724,1,Sam,3.9,0,4,1,0
CMD202299,CLI11543,Lomé,Alimentaire,Réseaux sociaux,Espèces à la livraison,51.0,F,238.0,0,3,1500,0.0,1418,5918,2,Lun,3.1,0,4,1,0
CMD202300,CLI10866,Kara,Alimentaire,Application mobile,Mobile Money,33.0,F,632.0,0,2,9692,0.0,2926,22310,1,Dim,6.9,1,4,1,0
CMD202301,CLI11760,Lomé,Beauté,Site web,Espèces à la livraison,40.0,H,85.0,0,3,15754,0.0,2452,49714,4,Mer,4.7,0,4,1,0
CMD202302,CLI11365,Dapaong,Mode,Site web,Mobile Money,36.0,F,228.0,0,2,7027,3.6,3451,16999,3,Mer,2.3,0,4,1,0
CMD202303,CLI10784,Kara,Mode,Site web,Mobile Money,32.0,F,43.0,0,1,40817,9.4,3110,40090,7,Mar,1.7,0,4,1,0
CMD202304,CLI11746,Kpalimé,Électronique,Réseaux sociaux,Espèces à la livraison,36.0,H,697.0,0,1,60962,7.8,2773,58980,11,Lun,3.4,0,5,1,0
CMD202305,CLI11720,Kara,Téléphonie,Application mobile,Mobile Money,,H,150.0,1,7,88433,9.6,3018,562622,7,Dim,5.4,1,4,1,0
CMD202306,CLI11181,Kara,Électronique,Application mobile,Mobile Money,38.0,H,841.0,0,3,17519,9.0,2619,50446,5,Sam,3.9,0,5,1,0
CMD202307,CLI10787,Lomé,Électronique,Site web,Mobile Money,28.0,F,20.0,0,3,4787,0.0,2251,16612,3,Mer,2.6,0,3,0,0
CMD202308,CLI11020,Kpalimé,Mode,Application mobile,Mobile Money,25.0,F,2200.0,1,3,8196,12.9,2677,24093,9,Mar,2.5,0,4,1,0
CMD202309,CLI10434,Kara,Téléphonie,Site web,Espèces à la livraison,37.0,F,915.0,0,3,40745,7.5,2425,115492,11,Ven,4.5,0,4,1,0
CMD202310,CLI10022,Kara,Téléphonie,Application mobile,Mobile Money,44.0,F,77.0,0,3,89691,0.0,3309,272382,5,Sam,4.8,0,4,1,0
CMD202311,CLI10269,Dapaong,Beauté,Site web,Mobile Money,34.0,H,781.0,1,3,9935,9.1,3397,30490,3,Mer,2.5,0,5,1,0
CMD202312,CLI10230,Lomé,Électronique,Réseaux sociaux,Espèces à la livraison,33.0,H,112.0,0,1,61025,0.0,1753,62778,10,Mer,1.2,0,4,1,0
CMD202313,CLI10983,Lomé,Mode,Site web,Espèces à la livraison,39.0,H,391.0,0,2,6714,0.0,1582,15010,3,Mar,,0,4,1,0
CMD202314,CLI11176,Lomé,Téléphonie,Application mobile,Espèces à la livraison,27.0,H,218.0,0,1,78274,0.0,1507,79781,10,Mar,5.3,1,4,1,0
CMD202315,CLI10157,Lomé,Beauté,Site web,Mobile Money,38.0,H,287.0,1,1,11895,11.9,1043,11522,7,Mer,5.0,0,5,1,0
CMD202316,CLI10009,Lomé,Mode,Application mobile,Espèces à la livraison,33.0,H,80.0,1,2,20989,9.7,1918,39824,11,Sam,3.3,0,4,1,0
CMD202317,CLI10373,Lomé,Mode,Application mobile,Mobile Money,42.0,H,269.0,0,5,9260,3.8,654,45195,3,Lun,2.3,0,4,1,0
CMD202318,CLI11797,Dapaong,Maison,Application mobile,Mobile Money,,F,127.0,1,3,50061,14.8,4129,132085,8,Ven,4.9,0,4,1,0
CMD202319,CLI10288,Lomé,Alimentaire,Application mobile,Mobile Money,24.0,F,1331.0,0,2,3442,0.0,1855,8739,5,Mar,4.9,0,4,1,0
CMD202320,CLI10528,Atakpamé,Alimentaire,Réseaux sociaux,Espèces à la livraison,,H,140.0,1,6,2923,18.6,2720,16996,7,Jeu,4.9,0,4,1,0
CMD202321,CLI11506,Lomé,Électronique,Application mobile,Espèces à la livraison,25.0,F,230.0,0,2,54141,0.0,2597,110879,10,Jeu,1.7,0,3,0,0
CMD202322,CLI10901,Sokodé,Alimentaire,Site web,Mobile Money,43.0,F,319.0,0,2,13145,0.0,2513,28803,10,Ven,2.5,0,5,1,0
CMD202323,CLI11105,Lomé,Téléphonie,Application mobile,Mobile Money,34.0,H,46.0,0,3,73252,2.2,1595,216516,2,Mer,1.9,0,4,1,0
CMD202324,CLI11684,Kpalimé,Téléphonie,Site web,Mobile Money,38.0,F,55.0,0,2,85323,2.9,2888,168585,4,Dim,4.4,0,4,1,1
CMD202325,CLI10756,Sokodé,Maison,Application mobile,Mobile Money,36.0,F,898.0,1,5,29483,6.5,3218,141051,10,Jeu,,0,3,0,0
CMD202326,CLI11358,Atakpamé,Maison,Site web,Espèces à la livraison,23.0,H,55.0,0,4,17456,0.0,2827,72651,5,Ven,0.7,0,5,1,0
CMD202327,CLI10456,Lomé,Électronique,Réseaux sociaux,Mobile Money,43.0,F,311.0,0,2,21595,0.0,1444,44634,10,Dim,1.9,0,3,0,0
CMD202328,CLI10808,Kara,Beauté,Application mobile,Carte bancaire,30.0,H,65.0,0,1,14164,0.0,2630,16794,10,Mer,,0,5,1,0
CMD202329,CLI10418,Lomé,Mode,Application mobile,Carte bancaire,26.0,F,13.0,1,2,31951,12.2,2239,58345,2,Dim,2.6,0,4,1,0
CMD202330,CLI10373,Kpalimé,Maison,Application mobile,Espèces à la livraison,32.0,F,268.0,0,3,16369,0.0,1860,50967,4,Dim,5.0,0,4,1,0
CMD202331,CLI10789,Lomé,Maison,Application mobile,Espèces à la livraison,46.0,H,702.0,1,5,1500,15.5,1233,7570,11,Dim,2.9,0,4,1,0
CMD202332,CLI10049,Lomé,Maison,Site web,Espèces à la livraison,33.0,F,717.0,0,2,12824,0.0,500,26148,11,Sam,4.9,0,4,1,0
CMD202333,CLI10222,Atakpamé,Mode,Site web,Carte bancaire,33.0,F,158.0,0,3,19217,5.4,3310,57848,3,Lun,3.2,0,4,1,0
CMD202334,CLI11708,Kpalimé,Maison,Réseaux sociaux,Mobile Money,18.0,H,630.0,0,3,34046,0.0,2356,104494,4,Mer,1.2,0,4,1,0
CMD202335,CLI10562,Lomé,Électronique,Application mobile,Mobile Money,20.0,F,126.0,0,2,54931,0.0,1822,111684,4,Ven,4.6,0,4,1,0
CMD202336,CLI11716,Sokodé,Électronique,Application mobile,Espèces à la livraison,28.0,H,167.0,0,4,44885,0.0,2523,182063,1,Dim,2.7,0,4,1,0
CMD202337,CLI10332,Lomé,Alimentaire,Site web,Mobile Money,41.0,F,31.0,0,4,6752,0.0,2311,29319,12,Sam,4.2,0,4,1,0
CMD202338,CLI11585,Lomé,Électronique,Application mobile,Mobile Money,43.0,F,262.0,0,2,19279,8.4,2300,37619,4,Ven,0.7,0,4,1,1
CMD202339,CLI11182,Lomé,Électronique,Application mobile,Espèces à la livraison,18.0,F,34.0,1,1,57291,10.5,1668,52943,11,Mar,3.6,0,5,1,0
CMD202340,CLI10178,Lomé,Alimentaire,Application mobile,Mobile Money,35.0,H,958.0,0,2,1500,0.0,1833,4833,9,Sam,1.6,0,4,1,0
CMD202341,CLI10828,Kpalimé,Téléphonie,Site web,Mobile Money,41.0,H,632.0,0,3,79345,2.2,1935,234733,3,Jeu,1.1,0,4,1,0
CMD202342,CLI10919,Lomé,Beauté,Application mobile,Mobile Money,29.0,F,374.0,0,3,8614,0.0,1410,27252,7,Jeu,1.8,0,5,1,0
CMD202343,CLI10199,Lomé,Beauté,Réseaux sociaux,Mobile Money,29.0,F,134.0,0,3,11333,0.0,1932,35931,1,Jeu,2.2,0,5,1,0
CMD202344,CLI10477,Lomé,Beauté,Site web,Mobile Money,30.0,F,26.0,0,3,10227,0.0,2075,32756,9,Ven,2.0,0,5,1,0
CMD202345,CLI10236,Atakpamé,Alimentaire,Site web,Mobile Money,44.0,H,159.0,0,2,6934,3.1,2660,16098,7,Lun,0.5,0,3,0,0
CMD202346,CLI10183,Kara,Électronique,Application mobile,Espèces à la livraison,41.0,H,408.0,0,1,1500,0.0,3215,4715,12,Ven,3.8,0,5,1,0
CMD202347,CLI10662,Atakpamé,Mode,Réseaux sociaux,Mobile Money,35.0,F,66.0,1,1,1500,8.9,3096,4462,6,Mar,4.9,0,4,1,0
CMD202348,CLI10579,Kpalimé,Mode,Réseaux sociaux,Mobile Money,23.0,F,181.0,0,4,11012,0.0,2236,46284,5,Jeu,6.6,1,3,0,1
CMD202349,CLI10766,Lomé,Beauté,Site web,Espèces à la livraison,27.0,F,196.0,0,2,7137,0.0,974,15248,3,Sam,2.1,0,4,1,0
CMD202350,CLI10135,Kpalimé,Alimentaire,Application mobile,Mobile Money,38.0,H,430.0,1,2,13333,16.4,2432,24725,5,Ven,2.8,0,4,1,0
CMD202351,CLI11438,Lomé,Mode,Site web,Mobile Money,33.0,F,153.0,1,2,8035,19.1,1499,14500,6,Sam,3.2,0,4,1,0
CMD202352,CLI11515,Lomé,Beauté,Site web,Espèces à la livraison,31.0,H,420.0,1,3,16486,19.9,1396,41012,3,Ven,5.4,1,4,1,0
CMD202353,CLI10552,Lomé,Téléphonie,Site web,Mobile Money,49.0,H,37.0,0,3,91192,8.1,2185,253601,4,Dim,5.4,1,3,0,0
CMD202354,CLI10499,Lomé,Alimentaire,Réseaux sociaux,Espèces à la livraison,35.0,F,210.0,0,2,11630,0.0,1335,24595,10,Lun,3.0,0,4,1,0
CMD202355,CLI11197,Lomé,Téléphonie,Application mobile,Mobile Money,38.0,H,691.0,1,2,40486,11.0,1258,73323,10,Mar,3.0,0,5,1,0
CMD202356,CLI11515,Lomé,Mode,Site web,Espèces à la livraison,35.0,H,233.0,0,3,33903,0.0,1707,103416,8,Lun,3.9,0,4,1,0
CMD202357,CLI10465,Lomé,Mode,Site web,Espèces à la livraison,42.0,F,28.0,0,5,1500,0.0,965,8465,2,Mar,2.1,0,4,1,0
CMD202358,CLI11733,Lomé,Électronique,Réseaux sociaux,Mobile Money,22.0,F,15.0,0,4,96664,9.0,789,352646,4,Lun,3.1,0,5,1,0
CMD202359,CLI11052,Sokodé,Beauté,Réseaux sociaux,Mobile Money,26.0,H,87.0,0,3,14180,0.0,2757,45297,5,Mar,6.2,1,3,0,0
CMD202360,CLI10136,Lomé,Électronique,Réseaux sociaux,Espèces à la livraison,52.0,F,14.0,0,1,32526,0.0,1020,33546,9,Sam,,0,5,1,0
CMD202361,CLI10544,Sokodé,Mode,Application mobile,Mobile Money,25.0,H,152.0,0,3,1500,9.1,3112,7202,6,Lun,4.1,0,5,1,0
CMD202362,CLI11680,Lomé,Beauté,Réseaux sociaux,Mobile Money,24.0,H,187.0,0,3,9316,0.0,1742,29690,2,Dim,2.6,0,4,1,0
CMD202363,CLI11589,Lomé,Électronique,Site web,Espèces à la livraison,32.0,F,19.0,0,2,24008,0.0,1231,49247,9,Jeu,1.4,0,5,1,0
CMD202364,CLI10210,Lomé,Téléphonie,Application mobile,Mobile Money,31.0,H,572.0,1,3,30637,10.3,1851,84295,2,Mar,0.5,0,5,1,0
CMD202365,CLI11634,Lomé,Maison,Site web,Mobile Money,33.0,F,976.0,0,1,6642,5.1,830,7133,10,Ven,1.6,0,3,0,0
CMD202366,CLI10382,Kara,Électronique,Réseaux sociaux,Mobile Money,,F,229.0,0,3,62761,4.3,3242,183429,10,Mar,2.8,0,3,0,0
CMD202367,CLI10744,Lomé,Alimentaire,Application mobile,Mobile Money,43.0,H,87.0,0,4,7877,8.2,1479,30403,3,Lun,3.2,0,5,1,0
CMD202368,CLI10961,Lomé,Beauté,Site web,Mobile Money,33.0,F,127.0,1,1,18618,16.9,2607,18079,11,Ven,3.8,0,4,1,1
CMD202369,CLI11678,Dapaong,Téléphonie,Site web,Mobile Money,33.0,F,29.0,1,2,1500,13.3,4182,6783,11,Ven,4.3,0,4,1,0
CMD202370,CLI11427,Kara,Beauté,Site web,Mobile Money,29.0,F,34.0,1,2,10867,9.8,2417,22021,9,Dim,5.7,1,3,0,0
CMD202371,CLI11274,Atakpamé,Alimentaire,Application mobile,Espèces à la livraison,30.0,H,1214.0,0,2,13908,0.0,2714,30530,1,Ven,5.7,1,3,0,0
CMD202372,CLI11373,Lomé,Beauté,Site web,Espèces à la livraison,18.0,F,336.0,1,3,6218,8.8,1233,18245,8,Mer,4.7,0,5,1,0
CMD202373,CLI11539,Lomé,Électronique,Application mobile,Mobile Money,18.0,H,87.0,1,3,97843,15.0,972,250472,9,Ven,4.4,0,4,1,0
CMD202374,CLI10665,Lomé,Mode,Application mobile,Espèces à la livraison,27.0,H,148.0,0,2,1500,0.0,2163,5163,2,Dim,0.5,0,4,1,0
CMD202375,CLI10872,Lomé,Mode,Application mobile,Espèces à la livraison,26.0,H,680.0,0,2,5935,3.3,2054,13532,6,Mer,3.2,0,3,0,0
CMD202376,CLI10851,Sokodé,Téléphonie,Réseaux sociaux,Mobile Money,,F,487.0,0,5,45410,0.0,3910,230960,8,Ven,4.9,0,3,0,0
CMD202377,CLI10114,Lomé,Téléphonie,Site web,Mobile Money,35.0,F,298.0,0,2,84653,0.0,1298,170604,9,Mar,0.7,0,4,1,0
CMD202378,CLI10932,Atakpamé,Alimentaire,Application mobile,Carte bancaire,29.0,H,215.0,0,1,9509,0.0,2653,12162,1,Lun,4.6,0,4,1,0
CMD202379,CLI10084,Atakpamé,Téléphonie,Application mobile,Mobile Money,39.0,H,544.0,1,1,74369,9.2,2774,70301,11,Sam,5.8,1,5,1,0
CMD202380,CLI10471,Lomé,Beauté,Application mobile,Mobile Money,34.0,F,300.0,0,1,8431,4.3,1893,9961,7,Lun,4.5,0,4,1,1
CMD202381,CLI10091,Kpalimé,Maison,Réseaux sociaux,Espèces à la livraison,32.0,H,68.0,0,4,31564,7.9,1479,117761,9,Dim,4.0,0,3,0,0
CMD202382,CLI10706,Lomé,Mode,Application mobile,Espèces à la livraison,44.0,F,227.0,1,2,23928,6.6,2135,46833,3,Ven,3.2,0,5,1,0
CMD202383,CLI11327,Lomé,Alimentaire,Site web,Mobile Money,48.0,H,312.0,0,2,10571,0.0,1427,22569,8,Mer,0.5,0,4,1,0
CMD202384,CLI10299,Lomé,Mode,Application mobile,Espèces à la livraison,26.0,H,363.0,0,3,10812,4.8,1900,32779,4,Lun,2.8,0,4,1,0
CMD202385,CLI10940,Lomé,Téléphonie,Réseaux sociaux,Espèces à la livraison,18.0,H,419.0,0,1,108042,7.1,1495,101866,8,Sam,3.6,0,5,1,0
CMD202386,CLI10764,Lomé,Mode,Réseaux sociaux,Mobile Money,31.0,H,188.0,0,1,13831,0.0,1395,15226,8,Sam,1.3,0,3,0,0
CMD202387,CLI10327,Kpalimé,Maison,Réseaux sociaux,Carte bancaire,25.0,F,972.0,0,2,37197,3.1,2252,74340,12,Ven,4.1,0,5,1,0
CMD202388,CLI10560,Kara,Électronique,Application mobile,Carte bancaire,37.0,H,226.0,0,4,57803,6.6,2680,218632,11,Jeu,2.5,0,3,0,0
CMD202389,CLI11495,Kara,Téléphonie,Application mobile,Carte bancaire,37.0,F,25.0,0,1,59383,0.0,2489,61872,10,Lun,1.7,0,4,1,0
CMD202390,CLI10033,Lomé,Maison,Application mobile,Espèces à la livraison,41.0,F,741.0,0,3,12282,0.0,1446,38292,3,Ven,2.0,0,4,1,0
CMD202391,CLI11442,Kara,Maison,Site web,Espèces à la livraison,35.0,F,688.0,0,3,23005,0.0,3319,72334,8,Sam,,0,4,1,0
CMD202392,CLI11601,Kara,Électronique,Réseaux sociaux,Espèces à la livraison,35.0,F,535.0,0,3,39589,2.1,2908,119181,3,Mar,,0,3,0,0
CMD202393,CLI10574,Atakpamé,Mode,Site web,Espèces à la livraison,46.0,F,354.0,1,4,26718,19.3,2485,88731,5,Sam,2.8,0,5,1,0
CMD202394,CLI11240,Lomé,Mode,Application mobile,Mobile Money,30.0,H,95.0,1,4,2217,9.1,1467,9528,8,Sam,,1,4,1,0
CMD202395,CLI11395,Kpalimé,Mode,Application mobile,Carte bancaire,32.0,F,75.0,1,2,13582,14.0,2042,25403,4,Jeu,3.5,0,5,1,0
CMD202396,CLI10899,Lomé,Téléphonie,Application mobile,Mobile Money,30.0,H,405.0,0,1,53318,0.0,1417,54735,1,Ven,2.3,0,4,1,0
CMD202397,CLI11126,Kara,Téléphonie,Application mobile,Mobile Money,27.0,H,209.0,0,4,153247,6.4,2699,576456,4,Sam,2.4,0,4,1,0
CMD202398,CLI10936,Kpalimé,Mode,Site web,Espèces à la livraison,46.0,H,169.0,0,4,20339,0.0,2343,83699,12,Mar,4.2,0,4,1,0
CMD202399,CLI10505,Atakpamé,Mode,Application mobile,Mobile Money,26.0,F,152.0,1,4,18230,8.9,2164,68594,7,Sam,2.6,0,3,0,0
CMD202400,CLI10745,Lomé,Mode,Site web,Espèces à la livraison,31.0,H,1349.0,0,3,14829,2.6,1234,44564,5,Lun,3.1,0,5,1,0
CMD202401,CLI10961,Sokodé,Téléphonie,Application mobile,Carte bancaire,31.0,F,332.0,0,5,49770,0.0,3103,251953,3,Dim,4.5,0,5,1,0
CMD202402,CLI11788,Lomé,Alimentaire,Réseaux sociaux,Mobile Money,29.0,H,259.0,0,2,5546,0.0,1580,12672,5,Dim,,1,4,1,0
CMD202403,CLI11347,Kara,Mode,Application mobile,Mobile Money,22.0,F,1029.0,0,2,16477,0.0,3676,36630,1,Sam,,0,3,0,0
CMD202404,CLI10738,Lomé,Maison,Site web,Espèces à la livraison,38.0,F,573.0,0,3,35318,2.7,1285,104378,7,Sam,3.3,0,4,1,0
CMD202405,CLI11558,Lomé,Mode,Application mobile,Mobile Money,,F,244.0,0,3,25761,0.0,1552,78835,6,Dim,4.5,0,3,0,0
CMD202406,CLI11310,Kara,Alimentaire,Site web,Mobile Money,,F,172.0,1,1,5961,8.7,2912,8354,10,Jeu,5.2,1,4,1,0
CMD202407,CLI11748,Lomé,Maison,Site web,Mobile Money,22.0,F,57.0,0,2,13028,0.0,1460,27516,10,Ven,0.5,0,4,1,0
CMD202408,CLI11040,Lomé,Beauté,Application mobile,Mobile Money,18.0,H,80.0,1,3,10709,19.8,1773,27539,3,Ven,5.9,1,4,1,0
CMD202409,CLI10529,Lomé,Alimentaire,Réseaux sociaux,Mobile Money,36.0,F,85.0,0,1,4196,0.0,1993,6189,5,Mer,3.3,0,5,1,0
CMD202410,CLI10606,Lomé,Mode,Site web,Mobile Money,35.0,H,222.0,1,4,1500,5.0,1808,7508,2,Ven,3.0,0,4,1,0
CMD202411,CLI10684,Kara,Alimentaire,Application mobile,Mobile Money,29.0,F,85.0,0,4,5475,0.0,2457,24357,7,Sam,2.6,0,5,1,0
CMD202412,CLI11247,Atakpamé,Électronique,Site web,Mobile Money,38.0,H,138.0,0,5,28654,2.3,2528,142503,1,Sam,2.1,0,4,1,1
CMD202413,CLI10592,Sokodé,Électronique,Site web,Mobile Money,35.0,F,59.0,0,4,38990,8.3,2814,145829,6,Dim,,0,4,1,0
CMD202414,CLI10041,Lomé,Mode,Réseaux sociaux,Mobile Money,23.0,F,685.0,0,4,13652,,2071,56679,7,Sam,2.3,0,4,1,0
CMD202415,CLI10453,Lomé,Alimentaire,Application mobile,Espèces à la livraison,,F,434.0,1,1,13365,12.7,1569,13237,10,Sam,2.4,0,5,1,0
CMD202416,CLI10384,Kpalimé,Électronique,Site web,Espèces à la livraison,46.0,H,183.0,0,5,35061,0.0,1630,176935,10,Sam,2.6,0,4,1,1
CMD202417,CLI10019,Kara,Maison,Réseaux sociaux,Mobile Money,42.0,F,167.0,0,2,9952,6.7,3155,21725,1,Ven,3.1,0,4,1,0
CMD202418,CLI11607,Lomé,Maison,Application mobile,Mobile Money,18.0,H,430.0,0,8,23498,8.7,1219,172848,8,Jeu,2.4,0,4,1,0
CMD202419,CLI10176,Lomé,Alimentaire,Application mobile,Espèces à la livraison,33.0,F,612.0,1,2,1500,11.3,1018,3679,11,Mer,0.9,0,5,1,0
CMD202420,CLI10211,Atakpamé,Alimentaire,Site web,Carte bancaire,36.0,H,308.0,0,2,1500,,2893,5893,2,Mar,1.5,0,4,1,0
CMD202421,CLI10797,Kara,Alimentaire,Application mobile,Mobile Money,40.0,H,662.0,0,2,6497,6.2,2425,14613,4,Mar,2.0,0,4,1,0
CMD202422,CLI10696,Kpalimé,Beauté,Application mobile,Carte bancaire,37.0,H,479.0,0,2,5918,0.0,1352,13188,4,Mer,4.0,0,4,1,0
CMD202423,CLI11709,Sokodé,Maison,Réseaux sociaux,Mobile Money,22.0,H,159.0,0,2,30754,0.0,3030,64538,4,Sam,5.4,1,4,1,0
CMD202424,CLI10883,Lomé,Alimentaire,Site web,Mobile Money,25.0,H,81.0,1,2,6584,13.2,1669,13099,11,Lun,3.5,0,5,1,0
CMD202425,CLI10259,Kpalimé,Téléphonie,Application mobile,Mobile Money,22.0,F,937.0,0,1,133257,0.0,2827,136084,12,Mer,3.0,0,5,1,0
CMD202426,CLI11031,Lomé,Beauté,Site web,Mobile Money,36.0,F,10.0,0,2,10224,0.0,2335,22783,7,Ven,4.9,0,4,1,0
CMD202427,CLI11532,Sokodé,Électronique,Application mobile,Espèces à la livraison,39.0,F,797.0,0,3,37192,0.0,2282,113858,1,Lun,2.2,0,4,1,0
CMD202428,CLI11617,Dapaong,Téléphonie,Site web,Espèces à la livraison,35.0,F,248.0,1,1,58317,19.1,3671,50849,9,Jeu,6.9,1,4,1,0
CMD202429,CLI10571,Atakpamé,Mode,Application mobile,Espèces à la livraison,18.0,F,15.0,1,2,1500,6.3,2629,5440,12,Mar,1.9,0,4,1,0
CMD202430,CLI11225,Kara,Alimentaire,Application mobile,Mobile Money,,F,326.0,0,2,5453,0.0,2652,13558,12,Dim,4.4,0,4,1,1
CMD202431,CLI10782,Sokodé,Maison,Application mobile,Mobile Money,33.0,H,385.0,0,3,47262,0.0,2461,144247,6,Mar,3.1,0,4,1,0
CMD202432,CLI11496,Atakpamé,Mode,Site web,Mobile Money,32.0,H,90.0,1,5,14117,8.7,2294,66738,11,Mer,2.1,0,3,0,0
CMD202433,CLI10752,Lomé,Électronique,Site web,Carte bancaire,30.0,F,164.0,1,1,32281,16.7,2173,29063,6,Mer,1.5,0,5,1,0
CMD202434,CLI10629,Dapaong,Alimentaire,Site web,Mobile Money,30.0,F,,1,1,8148,9.1,3622,11029,3,Jeu,2.0,0,4,1,1
CMD202435,CLI10159,Dapaong,Électronique,Application mobile,Espèces à la livraison,29.0,F,195.0,0,2,64490,0.0,3183,132163,7,Lun,4.9,0,5,1,0
CMD202436,CLI10264,Lomé,Mode,Réseaux sociaux,Espèces à la livraison,37.0,F,354.0,0,3,21385,0.0,1425,65580,1,Ven,4.9,0,5,1,0
CMD202437,CLI10677,Lomé,Mode,Site web,Mobile Money,36.0,H,832.0,0,2,20514,0.0,1977,43005,5,Sam,5.6,1,4,1,0
CMD202438,CLI11321,Atakpamé,Beauté,Site web,Espèces à la livraison,26.0,F,725.0,0,1,8567,6.1,3211,11255,2,Jeu,5.1,1,4,1,0
CMD202439,CLI10519,Kara,Beauté,Application mobile,Mobile Money,36.0,F,525.0,0,2,13995,0.0,2779,30769,7,Lun,3.5,0,4,1,0
CMD202440,CLI10209,Lomé,Alimentaire,Réseaux sociaux,Mobile Money,31.0,F,835.0,1,1,5942,14.1,1472,6576,7,Lun,3.1,0,5,1,0
CMD202441,CLI10243,Sokodé,Beauté,Site web,Espèces à la livraison,49.0,H,97.0,1,1,14737,5.5,3557,17483,12,Dim,1.0,0,5,1,0
CMD202442,CLI11352,Sokodé,Alimentaire,Réseaux sociaux,Mobile Money,26.0,H,376.0,0,3,1500,7.1,2209,6390,12,Jeu,2.9,0,4,1,0
CMD202443,CLI10435,Kpalimé,Électronique,Application mobile,Espèces à la livraison,33.0,H,1597.0,0,2,14137,0.0,2216,30490,1,Ven,2.5,0,4,1,0
CMD202444,CLI10552,Lomé,Téléphonie,Application mobile,Carte bancaire,29.0,F,439.0,0,6,93379,0.0,1766,562040,10,Ven,1.5,0,4,1,0
CMD202445,CLI10088,Lomé,Électronique,Site web,Espèces à la livraison,18.0,H,308.0,0,2,24090,0.0,1251,49431,9,Sam,1.5,0,5,1,0
CMD202446,CLI10020,Lomé,Maison,Application mobile,Espèces à la livraison,34.0,H,237.0,0,2,13560,0.0,1894,29014,10,Lun,0.5,0,5,1,0
CMD202447,CLI10408,Lomé,Maison,Site web,Mobile Money,36.0,F,300.0,1,2,11469,13.5,1939,21780,12,Jeu,3.3,0,4,1,0
CMD202448,CLI10391,Lomé,Beauté,Application mobile,Mobile Money,37.0,F,364.0,0,2,1500,0.0,1596,4596,4,Mer,2.4,0,5,1,0
CMD202449,CLI11388,Kara,Alimentaire,Réseaux sociaux,Mobile Money,33.0,F,864.0,0,3,4122,8.0,3296,14673,3,Sam,3.3,0,5,1,0
CMD202450,CLI11070,Lomé,Mode,Réseaux sociaux,Espèces à la livraison,40.0,F,693.0,0,1,25172,7.2,1563,24923,2,Mar,2.6,0,4,1,0
CMD202451,CLI11121,Dapaong,Mode,Réseaux sociaux,Mobile Money,26.0,H,288.0,0,2,24522,0.0,4147,53191,4,Dim,4.9,0,3,0,1
CMD202452,CLI10743,Lomé,Électronique,Réseaux sociaux,Espèces à la livraison,31.0,H,1488.0,0,3,45820,6.4,1644,130307,6,Jeu,2.3,0,5,1,0
CMD202453,CLI10607,Kpalimé,Alimentaire,Application mobile,Mobile Money,38.0,H,124.0,0,4,5112,0.0,2281,22729,10,Sam,3.0,0,5,1,0
CMD202454,CLI10904,Kara,Mode,Réseaux sociaux,Mobile Money,30.0,F,38.0,0,6,26192,0.0,3083,160235,8,Mar,3.0,0,3,0,0
CMD202455,CLI11251,Lomé,Maison,Application mobile,Mobile Money,44.0,H,92.0,0,4,18966,8.4,1915,71406,7,Sam,2.4,0,4,1,1
CMD202456,CLI11050,Lomé,Mode,Application mobile,Espèces à la livraison,19.0,F,362.0,1,2,17912,17.4,2094,31685,10,Jeu,0.5,0,4,1,0
CMD202457,CLI11044,Lomé,Alimentaire,Site web,Mobile Money,47.0,F,240.0,0,2,4563,4.2,1663,10406,11,Jeu,2.6,0,4,1,0
CMD202458,CLI11658,Lomé,Électronique,Site web,Mobile Money,,H,757.0,0,1,22086,0.0,1592,23678,7,Ven,,1,4,1,0
CMD202459,CLI11585,Sokodé,Téléphonie,Application mobile,Espèces à la livraison,27.0,F,131.0,0,1,1500,0.0,2244,3744,6,Sam,2.5,0,4,1,0
CMD202460,CLI11542,Lomé,Téléphonie,Site web,Mobile Money,26.0,H,165.0,0,3,71632,0.0,2314,217210,4,Ven,1.9,0,4,1,0
CMD202461,CLI10199,Lomé,Maison,Réseaux sociaux,Mobile Money,27.0,H,690.0,1,2,1500,8.8,1697,4433,6,Dim,4.3,0,4,1,0
CMD202462,CLI11599,Lomé,Téléphonie,Application mobile,Espèces à la livraison,48.0,F,177.0,1,3,43408,13.9,1674,113797,9,Mer,2.6,0,5,1,0
CMD202463,CLI11363,Kpalimé,Maison,Site web,Mobile Money,45.0,F,1033.0,0,3,20918,0.0,2239,64993,4,Dim,2.1,0,3,0,0
CMD202464,CLI10403,Lomé,Téléphonie,Réseaux sociaux,Mobile Money,41.0,F,870.0,0,2,48036,0.0,780,96852,3,Sam,0.5,0,3,0,0
CMD202465,CLI10792,Lomé,Maison,Site web,Espèces à la livraison,40.0,H,177.0,1,2,29325,9.3,1507,54703,9,Mer,0.5,0,5,1,0
CMD202466,CLI11238,Lomé,Maison,Site web,Mobile Money,20.0,H,115.0,0,2,24754,0.0,1444,50952,7,Sam,0.5,0,4,1,0
CMD202467,CLI10899,Kara,Électronique,Application mobile,Mobile Money,36.0,H,225.0,1,2,50727,13.6,3289,90945,1,Lun,4.1,0,4,1,0
CMD202468,CLI11534,Lomé,Électronique,Réseaux sociaux,Mobile Money,28.0,F,394.0,0,1,59070,4.9,2502,58678,11,Dim,3.8,0,5,1,0
CMD202469,CLI10930,Lomé,Électronique,Site web,Espèces à la livraison,18.0,H,237.0,0,2,40284,0.0,1178,81746,9,Ven,4.1,0,5,1,0
CMD202470,CLI10837,Lomé,Téléphonie,Application mobile,Espèces à la livraison,33.0,F,276.0,0,2,33085,0.0,1884,68054,8,Ven,0.5,0,3,0,0
CMD202471,CLI11717,Sokodé,Mode,Application mobile,Espèces à la livraison,31.0,H,108.0,0,3,26497,0.0,3207,82698,6,Mer,4.5,0,3,0,0
CMD202472,CLI10437,Lomé,Beauté,Application mobile,Espèces à la livraison,28.0,H,58.0,0,2,12789,0.0,1559,27137,12,Mer,3.5,0,4,1,0
CMD202473,CLI11353,Kara,Téléphonie,Application mobile,Espèces à la livraison,35.0,F,347.0,1,1,40175,12.8,3534,38567,1,Mar,6.1,1,4,1,0
CMD202474,CLI10794,Lomé,Maison,Réseaux sociaux,Espèces à la livraison,36.0,F,250.0,0,3,34455,0.0,1860,105225,9,Lun,0.5,0,4,1,0
CMD202475,CLI10109,Sokodé,Mode,Site web,Mobile Money,21.0,H,331.0,0,2,18789,0.0,2060,39638,7,Sam,2.6,0,4,1,0
CMD202476,CLI11265,Lomé,Téléphonie,Réseaux sociaux,Mobile Money,36.0,H,205.0,0,2,44165,6.9,1219,83454,5,Mer,3.6,0,4,1,0
CMD202477,CLI11182,Kpalimé,Maison,Site web,Mobile Money,41.0,F,1957.0,0,2,21188,0.0,2697,45073,4,Mar,2.0,0,4,1,0
CMD202478,CLI11180,Lomé,Électronique,Application mobile,Mobile Money,38.0,F,190.0,1,1,39866,9.8,1617,37576,6,Lun,0.6,0,4,1,0
CMD202479,CLI10113,Sokodé,Alimentaire,Réseaux sociaux,Mobile Money,46.0,F,,0,2,4487,0.0,3171,12145,2,Mer,2.1,0,4,1,0
CMD202480,CLI11459,Kara,Mode,Application mobile,Mobile Money,18.0,F,1.0,1,3,8320,19.4,2981,23099,10,Mer,4.3,0,5,1,0
CMD202481,CLI10273,Kara,Alimentaire,Réseaux sociaux,Mobile Money,40.0,F,187.0,1,1,8248,19.7,3697,10320,6,Dim,4.4,0,5,1,0
CMD202482,CLI10098,Lomé,Électronique,Site web,Carte bancaire,43.0,F,194.0,0,2,98726,0.0,1578,199030,10,Dim,1.5,0,5,1,0
CMD202483,CLI10123,Kpalimé,Maison,Site web,Espèces à la livraison,27.0,F,212.0,0,5,12221,0.0,2815,63920,2,Mer,3.4,0,4,1,0
CMD202484,CLI11343,Sokodé,Alimentaire,Site web,Mobile Money,57.0,F,191.0,0,4,5935,0.0,3042,26782,11,Mer,4.3,0,5,1,0
CMD202485,CLI10602,Kara,Beauté,Application mobile,Mobile Money,39.0,F,255.0,1,6,12937,18.8,2593,65622,5,Sam,1.7,0,4,1,0
CMD202486,CLI10988,Lomé,Téléphonie,Réseaux sociaux,Espèces à la livraison,40.0,F,943.0,0,2,1500,5.3,911,3752,4,Jeu,7.3,1,4,1,0
CMD202487,CLI10139,Lomé,Mode,Application mobile,Espèces à la livraison,29.0,F,226.0,1,1,11630,12.4,1568,11756,3,Dim,3.5,0,4,1,0
CMD202488,CLI10615,Sokodé,Alimentaire,Site web,Mobile Money,20.0,H,628.0,0,1,4514,8.8,2943,7060,7,Sam,4.7,0,5,1,0
CMD202489,CLI10092,Lomé,Beauté,Application mobile,Mobile Money,36.0,F,325.0,0,4,11485,6.1,1937,45075,11,Lun,4.5,0,4,1,0
CMD202490,CLI10557,Lomé,Mode,Application mobile,Espèces à la livraison,33.0,H,2.0,0,2,14588,2.0,1368,29960,8,Sam,2.7,0,4,1,0
CMD202491,CLI11035,Kara,Alimentaire,Application mobile,Mobile Money,38.0,F,97.0,0,1,4784,0.0,2334,7118,10,Jeu,4.6,0,4,1,0
CMD202492,CLI10284,Sokodé,Beauté,Site web,Mobile Money,39.0,F,251.0,0,3,10117,0.0,1489,31840,2,Ven,2.6,0,4,1,0
CMD202493,CLI11637,Lomé,Électronique,Réseaux sociaux,Mobile Money,44.0,F,812.0,0,1,79173,0.0,1652,80825,10,Sam,1.9,0,4,1,0
CMD202494,CLI10431,Lomé,Beauté,Application mobile,Mobile Money,33.0,F,290.0,0,4,10811,0.0,1608,44852,3,Jeu,1.5,0,4,1,0
CMD202495,CLI11625,Kpalimé,Électronique,Réseaux sociaux,Mobile Money,29.0,H,257.0,0,3,42952,0.0,1657,130513,10,Lun,1.6,0,4,1,0
CMD202496,CLI10416,Lomé,Téléphonie,Application mobile,Mobile Money,39.0,F,2200.0,0,3,83791,0.0,1238,252611,10,Mer,0.5,0,3,0,0
CMD202497,CLI11486,Lomé,Maison,Site web,Carte bancaire,26.0,H,409.0,0,2,16377,0.0,1846,34600,5,Mer,0.7,0,4,1,0
CMD202498,CLI10735,Lomé,Mode,Application mobile,Espèces à la livraison,39.0,H,617.0,0,5,13260,0.0,1653,67953,4,Jeu,2.4,0,3,0,0
CMD202499,CLI10807,Kara,Alimentaire,Application mobile,Mobile Money,23.0,H,799.0,0,3,10468,0.0,3296,34700,7,Dim,3.2,0,4,1,0
CMD202500,CLI10499,Lomé,Maison,Site web,Mobile Money,26.0,H,458.0,0,3,20269,8.0,1440,57382,9,Ven,3.6,0,5,1,0
CMD202501,CLI11669,Sokodé,Électronique,Application mobile,Espèces à la livraison,40.0,H,27.0,0,2,44069,0.0,3039,91177,11,Jeu,1.9,0,4,1,0
CMD202502,CLI11309,Lomé,Beauté,Application mobile,Mobile Money,23.0,F,41.0,1,2,5670,8.4,1320,11707,4,Lun,2.0,0,5,1,0
CMD202503,CLI11497,Sokodé,Mode,Application mobile,Mobile Money,32.0,F,830.0,1,1,15474,19.5,3341,15798,9,Dim,3.1,0,5,1,0
CMD202504,CLI10807,Lomé,Mode,Application mobile,Espèces à la livraison,35.0,H,248.0,1,5,20424,18.0,500,84238,3,Mar,1.2,0,5,1,0
CMD202505,CLI10282,Lomé,Mode,Application mobile,Espèces à la livraison,35.0,H,499.0,0,2,13835,4.2,1560,28068,4,Lun,3.1,0,4,1,0
CMD202506,CLI10487,Lomé,Électronique,Réseaux sociaux,Espèces à la livraison,,H,201.0,0,4,66325,0.0,1927,267227,11,Lun,1.1,0,4,1,0
CMD202507,CLI11110,Lomé,Alimentaire,Réseaux sociaux,Espèces à la livraison,22.0,F,426.0,0,1,1500,8.4,1598,2972,2,Mer,2.2,0,3,0,0
CMD202508,CLI10376,Lomé,Électronique,Réseaux sociaux,Mobile Money,34.0,H,359.0,0,5,4449,9.4,1585,21739,5,Lun,1.0,0,5,1,1
CMD202509,CLI10557,Lomé,Téléphonie,Réseaux sociaux,Mobile Money,48.0,F,343.0,0,3,6309,0.0,1168,20095,12,Ven,1.0,0,4,1,0
CMD202510,CLI11125,Lomé,Mode,Site web,Espèces à la livraison,18.0,H,46.0,0,1,9084,8.7,1450,9744,4,Mer,0.5,0,4,1,0
CMD202511,CLI11239,Sokodé,Maison,Réseaux sociaux,Mobile Money,33.0,F,260.0,0,6,27813,4.6,2613,161815,2,Ven,4.7,0,3,0,0
CMD202512,CLI11112,Atakpamé,Maison,Application mobile,Mobile Money,29.0,F,464.0,0,3,18921,0.0,2909,59672,8,Mar,3.1,0,4,1,0
CMD202513,CLI11491,Lomé,Électronique,Site web,Mobile Money,49.0,F,656.0,0,2,24277,7.0,1601,46756,5,Jeu,1.6,0,4,1,0
CMD202514,CLI10425,Kpalimé,Maison,Site web,Mobile Money,46.0,F,249.0,0,2,25815,9.2,2193,49073,6,Ven,5.2,1,4,1,0
CMD202515,CLI10416,Dapaong,Téléphonie,Application mobile,Mobile Money,45.0,H,36.0,1,3,70400,15.2,3424,182522,7,Ven,5.4,1,3,0,0
CMD202516,CLI10021,Lomé,Téléphonie,Application mobile,Mobile Money,41.0,F,27.0,1,3,75469,10.9,2153,203882,11,Mar,4.0,0,4,1,0
CMD202517,CLI10359,Lomé,Alimentaire,Site web,Mobile Money,25.0,F,465.0,0,1,5728,0.0,1743,7471,12,Sam,2.2,0,4,1,0
CMD202518,CLI10455,Dapaong,Électronique,Application mobile,Espèces à la livraison,37.0,H,163.0,1,1,43419,15.9,4312,40827,11,Mar,7.5,1,4,1,0
CMD202519,CLI11358,Kara,Électronique,Application mobile,Espèces à la livraison,32.0,F,1243.0,0,1,79364,0.0,3059,82423,11,Lun,7.5,1,4,1,0
CMD202520,CLI11480,Lomé,Téléphonie,Site web,Mobile Money,27.0,F,1203.0,0,3,53686,8.2,1418,149269,2,Mar,0.5,0,5,1,0
CMD202521,CLI10287,Lomé,Alimentaire,Site web,Mobile Money,34.0,F,767.0,0,2,4413,0.0,1929,10755,2,Ven,4.3,0,4,1,0
CMD202522,CLI11319,Kpalimé,Électronique,Site web,Mobile Money,37.0,H,23.0,0,3,70659,0.0,1807,213784,9,Sam,3.2,0,4,1,0
CMD202523,CLI11415,Lomé,Alimentaire,Application mobile,Mobile Money,28.0,F,95.0,1,1,8489,18.8,1655,8548,5,Jeu,3.8,0,4,1,1
CMD202524,CLI10627,Lomé,Alimentaire,Application mobile,Espèces à la livraison,48.0,H,744.0,1,1,2926,19.1,1333,3700,3,Dim,,0,4,1,0
CMD202525,CLI11039,Lomé,Téléphonie,Réseaux sociaux,Mobile Money,34.0,H,256.0,0,3,64283,0.0,1631,194480,4,Mer,2.2,0,3,0,0
CMD202526,CLI11057,Lomé,Beauté,Application mobile,Mobile Money,34.0,H,251.0,0,1,5844,0.0,982,6826,12,Sam,2.0,0,4,1,0
CMD202527,CLI10141,Lomé,Mode,Site web,Espèces à la livraison,31.0,F,219.0,0,2,8218,0.0,1741,18177,3,Ven,3.4,0,4,1,0
CMD202528,CLI10119,Sokodé,Alimentaire,Application mobile,Espèces à la livraison,36.0,H,445.0,0,2,15223,0.0,2971,33417,9,Mer,3.4,0,4,1,0
CMD202529,CLI11317,Lomé,Mode,Application mobile,Espèces à la livraison,38.0,F,357.0,1,2,11436,9.6,2094,22770,12,Mar,2.0,0,4,1,0
CMD202530,CLI11041,Kpalimé,Beauté,Application mobile,Carte bancaire,22.0,H,712.0,0,2,1670,0.0,2483,5823,12,Ven,,0,3,0,0
CMD202531,CLI10824,Lomé,Mode,Application mobile,Espèces à la livraison,22.0,F,384.0,1,5,9113,17.0,908,38727,4,Sam,3.3,0,4,1,0
CMD202532,CLI10484,Lomé,Mode,Application mobile,Mobile Money,26.0,H,200.0,0,1,1500,,1991,3491,11,Mar,1.5,0,4,1,0
CMD202533,CLI10363,Atakpamé,Mode,Application mobile,Mobile Money,,H,277.0,0,3,4528,0.0,2944,16528,7,Ven,3.9,0,3,0,0
CMD202534,CLI10688,Sokodé,Alimentaire,Site web,Mobile Money,41.0,H,,0,4,3635,10.0,2454,15540,9,Dim,2.4,0,5,1,0
CMD202535,CLI10628,Lomé,Électronique,Application mobile,Mobile Money,30.0,F,225.0,0,2,46107,8.2,1943,86595,4,Sam,,0,5,1,0
CMD202536,CLI10453,Lomé,Mode,Site web,Mobile Money,18.0,F,294.0,1,2,18656,6.5,2131,37018,12,Jeu,2.0,0,5,1,0
CMD202537,CLI11452,Sokodé,Alimentaire,Réseaux sociaux,Espèces à la livraison,43.0,F,592.0,0,4,14669,8.0,3073,57055,3,Mar,2.5,0,4,1,1
CMD202538,CLI10383,Dapaong,Beauté,Site web,Espèces à la livraison,28.0,H,775.0,0,3,13079,0.0,3759,42996,11,Ven,3.2,0,4,1,0
CMD202539,CLI10540,Lomé,Alimentaire,Application mobile,Mobile Money,21.0,F,211.0,0,1,9983,2.8,1071,10774,7,Mer,2.6,0,4,1,0
CMD202540,CLI10781,Lomé,Téléphonie,Application mobile,Espèces à la livraison,35.0,F,6.0,0,3,68799,8.1,2663,192342,7,Sam,3.3,0,4,1,1
CMD202541,CLI11579,Kpalimé,Mode,Site web,Mobile Money,24.0,F,129.0,0,3,22335,0.0,2681,69686,5,Mar,4.8,0,4,1,0
CMD202542,CLI11799,Lomé,Électronique,Application mobile,Mobile Money,31.0,H,65.0,1,2,45487,18.7,1869,75831,10,Mer,2.3,0,5,1,0
CMD202543,CLI10800,Atakpamé,Mode,Application mobile,Mobile Money,39.0,F,349.0,1,1,24185,19.2,2465,22006,11,Dim,4.5,0,5,1,0
CMD202544,CLI10669,Kara,Alimentaire,Application mobile,Espèces à la livraison,22.0,H,773.0,1,2,6390,19.5,3085,13373,6,Jeu,1.8,0,4,1,0
CMD202545,CLI11228,Kara,Mode,Application mobile,Espèces à la livraison,,H,90.0,0,2,8696,0.0,2896,20288,6,Jeu,3.4,0,4,1,0
CMD202546,CLI10787,Sokodé,Alimentaire,Site web,Espèces à la livraison,48.0,H,177.0,0,2,4053,0.0,2459,10565,7,Mer,3.7,0,2,0,1
CMD202547,CLI10834,Lomé,Maison,Réseaux sociaux,Mobile Money,40.0,F,167.0,0,1,26448,0.0,1591,28039,5,Dim,1.1,0,5,1,0
CMD202548,CLI10868,Lomé,Mode,Réseaux sociaux,Espèces à la livraison,36.0,H,1123.0,0,2,18494,0.0,1869,38857,10,Lun,0.5,0,3,0,0
CMD202549,CLI10251,Sokodé,Mode,Site web,Espèces à la livraison,36.0,H,25.0,0,2,9133,0.0,3060,21326,8,Mer,3.4,0,4,1,0
CMD202550,CLI10388,Kara,Mode,Site web,Mobile Money,35.0,F,301.0,0,2,28112,0.0,3322,59546,11,Mar,2.1,0,4,1,0
CMD202551,CLI11688,Sokodé,Maison,Application mobile,Mobile Money,50.0,F,465.0,0,1,23119,0.0,2989,26108,1,Ven,3.5,0,5,1,0
CMD202552,CLI10278,Lomé,Alimentaire,Site web,Espèces à la livraison,18.0,F,131.0,0,1,8428,0.0,1369,9797,10,Sam,4.6,0,4,1,0
CMD202553,CLI10070,Lomé,Mode,Application mobile,Mobile Money,20.0,H,435.0,0,3,25706,0.0,2169,79287,6,Jeu,2.2,0,5,1,0
CMD202554,CLI10900,Kara,Téléphonie,Réseaux sociaux,Espèces à la livraison,33.0,F,1218.0,0,3,109318,0.0,3332,331286,4,Mar,3.5,0,3,0,0
CMD202555,CLI11108,Lomé,Beauté,Réseaux sociaux,Espèces à la livraison,36.0,H,454.0,1,3,8905,15.8,1678,24172,12,Ven,2.3,0,4,1,0
CMD202556,CLI10180,Lomé,Alimentaire,Réseaux sociaux,Carte bancaire,36.0,F,460.0,0,6,7753,0.0,1115,47633,5,Jeu,1.9,0,5,1,0
CMD202557,CLI11003,Lomé,Beauté,Application mobile,Mobile Money,45.0,H,824.0,0,2,1500,0.0,1383,4383,3,Jeu,4.9,0,4,1,0
CMD202558,CLI10331,Lomé,Mode,Application mobile,Mobile Money,43.0,F,498.0,0,4,13799,,2115,57311,1,Ven,3.0,0,5,1,0
CMD202559,CLI10090,Kpalimé,Beauté,Application mobile,Espèces à la livraison,42.0,H,21.0,0,2,4748,7.8,2526,11281,11,Sam,4.2,0,3,0,0
CMD202560,CLI10746,Atakpamé,Électronique,Site web,Espèces à la livraison,47.0,H,913.0,1,6,81579,6.6,1936,459105,8,Ven,2.7,0,5,1,0
CMD202561,CLI11698,Lomé,Mode,Application mobile,Mobile Money,44.0,F,90.0,0,5,26801,0.0,2394,136399,6,Mar,,0,5,1,0
CMD202562,CLI11059,Atakpamé,Électronique,Site web,Mobile Money,32.0,F,768.0,0,3,1500,0.0,3061,7561,1,Dim,,0,4,1,0
CMD202563,CLI10342,Lomé,Mode,Site web,Mobile Money,37.0,H,82.0,0,3,13483,8.9,742,37591,4,Sam,5.3,1,3,0,0
CMD202564,CLI10502,Lomé,Mode,Site web,Mobile Money,,H,181.0,0,1,33313,0.0,1237,34550,11,Mar,4.3,0,4,1,0
CMD202565,CLI10166,Lomé,Beauté,Réseaux sociaux,Mobile Money,30.0,H,424.0,1,2,7908,15.1,1257,14685,2,Mar,0.5,0,5,1,0
CMD202566,CLI11445,Lomé,Téléphonie,Application mobile,Mobile Money,30.0,F,236.0,0,2,22434,0.0,2733,47601,10,Dim,3.7,0,3,0,0
CMD202567,CLI11678,Kara,Électronique,Application mobile,Carte bancaire,29.0,F,429.0,0,3,38658,0.0,2823,118797,1,Ven,2.9,0,4,1,0
CMD202568,CLI11232,Sokodé,Mode,Site web,Carte bancaire,,F,288.0,0,1,30684,2.3,2922,32900,8,Jeu,,0,4,1,0
CMD202569,CLI11712,Kpalimé,Maison,Réseaux sociaux,Mobile Money,30.0,F,509.0,1,4,19667,18.3,2369,66641,10,Ven,0.6,0,4,1,0
CMD202570,CLI10825,Dapaong,Maison,Application mobile,Mobile Money,36.0,H,302.0,0,2,25847,0.0,3749,55443,7,Lun,3.5,0,4,1,0
CMD202571,CLI10591,Lomé,Maison,Application mobile,Mobile Money,,F,311.0,0,1,17738,8.5,1411,17641,1,Mar,2.2,0,5,1,0
CMD202572,CLI10049,Sokodé,Beauté,Application mobile,Mobile Money,45.0,H,180.0,1,2,16524,16.7,3472,31001,11,Jeu,1.0,0,5,1,0
CMD202573,CLI10976,Sokodé,Alimentaire,Site web,Espèces à la livraison,18.0,F,10.0,0,3,6921,0.0,3403,24166,2,Mar,3.8,0,4,1,0
CMD202574,CLI10024,Sokodé,Maison,Application mobile,Mobile Money,32.0,F,26.0,0,2,37253,0.0,2868,77374,2,Lun,2.8,0,3,0,0
CMD202575,CLI11576,Lomé,Mode,Application mobile,Espèces à la livraison,36.0,H,431.0,1,4,29795,15.2,2163,103228,7,Jeu,4.8,0,4,1,0
CMD202576,CLI10845,Kara,Beauté,Site web,Mobile Money,19.0,H,321.0,0,4,6660,0.0,2859,29499,7,Mar,3.1,0,4,1,0
CMD202577,CLI10711,Lomé,Téléphonie,Application mobile,Espèces à la livraison,38.0,H,207.0,0,1,55633,6.0,1916,54211,5,Dim,2.5,0,4,1,0
CMD202578,CLI10336,Dapaong,Beauté,Application mobile,Espèces à la livraison,43.0,F,703.0,0,5,10441,0.0,3905,56110,10,Ven,3.6,0,4,1,1
CMD202579,CLI11341,Lomé,Mode,Application mobile,Espèces à la livraison,25.0,F,46.0,0,2,17771,0.0,1413,36955,3,Dim,0.5,0,4,1,0
CMD202580,CLI10451,Atakpamé,Beauté,Application mobile,Espèces à la livraison,18.0,F,431.0,0,3,5119,7.7,2675,16850,3,Mer,3.2,0,4,1,0
CMD202581,CLI11790,Sokodé,Mode,Réseaux sociaux,Mobile Money,20.0,F,791.0,1,2,3351,5.0,2247,8614,5,Mer,0.6,0,4,1,0
CMD202582,CLI11374,Kpalimé,Téléphonie,Site web,Mobile Money,21.0,H,262.0,1,1,36630,15.9,2761,33567,6,Ven,3.8,0,4,1,0
CMD202583,CLI10161,Lomé,Téléphonie,Application mobile,Mobile Money,29.0,F,12.0,0,1,36511,9.6,745,33751,11,Lun,,0,5,1,0
CMD202584,CLI11706,Dapaong,Maison,Site web,Espèces à la livraison,50.0,F,380.0,0,3,20301,0.0,3526,64429,12,Mar,4.1,0,4,1,0
CMD202585,CLI11693,Kara,Mode,Site web,Mobile Money,20.0,F,40.0,0,3,14324,0.0,3033,46005,10,Dim,2.5,0,4,1,0
CMD202586,CLI10125,Kara,Mode,Site web,Mobile Money,41.0,H,1106.0,0,1,26942,4.8,2305,27954,5,Ven,3.9,0,5,1,0
CMD202587,CLI10715,Kara,Mode,Site web,Mobile Money,34.0,H,105.0,0,2,22524,7.7,3831,45410,5,Ven,1.9,0,4,1,0
CMD202588,CLI10347,Lomé,Alimentaire,Application mobile,Espèces à la livraison,18.0,F,33.0,0,2,5841,0.0,1089,12771,11,Sam,0.7,0,4,1,0
CMD202589,CLI10889,Lomé,Alimentaire,Site web,Espèces à la livraison,26.0,F,575.0,0,4,7301,0.0,1000,30204,8,Lun,0.8,0,5,1,0
CMD202590,CLI11319,Lomé,Mode,Application mobile,Carte bancaire,42.0,H,53.0,0,1,8960,0.0,1045,10005,5,Mer,2.5,0,4,1,0
CMD202591,CLI10609,Kara,Électronique,Application mobile,Mobile Money,19.0,H,130.0,0,1,115140,8.4,2206,107674,6,Ven,4.2,0,5,1,0
CMD202592,CLI10091,Lomé,Alimentaire,Application mobile,Mobile Money,43.0,F,521.0,0,3,5389,8.1,1411,16268,4,Sam,1.3,0,5,1,0
CMD202593,CLI10039,Lomé,Maison,Application mobile,Espèces à la livraison,33.0,F,153.0,0,3,25910,0.0,1892,79622,11,Ven,2.7,0,3,0,1
CMD202594,CLI11633,Sokodé,Téléphonie,Application mobile,Espèces à la livraison,27.0,F,420.0,0,1,73357,0.0,3090,76447,3,Dim,3.5,0,3,0,0
CMD202595,CLI11242,Lomé,Électronique,Application mobile,Mobile Money,33.0,H,88.0,0,5,49857,0.0,1836,251121,8,Mar,1.4,0,4,1,0
CMD202596,CLI10644,Lomé,Téléphonie,Réseaux sociaux,Espèces à la livraison,44.0,F,392.0,0,1,58380,0.0,1614,59994,6,Lun,3.9,0,4,1,0
CMD202597,CLI10949,Sokodé,Mode,Site web,Espèces à la livraison,28.0,H,497.0,1,5,27402,14.5,3201,120345,9,Dim,3.0,0,5,1,0
CMD202598,CLI11794,Kpalimé,Électronique,Site web,Espèces à la livraison,32.0,F,363.0,0,2,48040,0.0,2172,98252,4,Sam,3.9,0,5,1,0
CMD202599,CLI10047,Kara,Maison,Site web,Mobile Money,18.0,H,1203.0,0,2,15444,8.5,3203,31466,12,Sam,4.2,0,3,0,0
CMD202600,CLI11079,Kara,Maison,Réseaux sociaux,Espèces à la livraison,42.0,H,614.0,0,3,17629,0.0,2398,55285,3,Mar,5.2,1,4,1,0
CMD202601,CLI11496,Lomé,Alimentaire,Réseaux sociaux,Espèces à la livraison,30.0,H,541.0,0,3,8683,7.2,1799,25972,6,Sam,3.5,0,4,1,0
CMD202602,CLI10042,Lomé,Mode,Site web,Mobile Money,23.0,F,253.0,0,2,9368,6.5,2079,19597,2,Dim,3.8,0,3,0,0
CMD202603,CLI11450,Kara,Électronique,Réseaux sociaux,Espèces à la livraison,40.0,F,239.0,1,4,10362,7.5,3019,41358,6,Sam,2.7,0,3,0,0
CMD202604,CLI10316,Sokodé,Alimentaire,Site web,Mobile Money,35.0,F,494.0,0,3,10952,6.5,2195,32915,8,Ven,1.1,0,5,1,0
CMD202605,CLI10626,Lomé,Mode,Application mobile,Espèces à la livraison,18.0,F,241.0,1,6,17995,19.9,2233,88717,3,Mar,2.7,0,5,1,1
CMD202606,CLI10084,Lomé,Alimentaire,Site web,Mobile Money,26.0,H,423.0,0,2,12400,0.0,1209,26009,9,Sam,2.1,0,5,1,0
CMD202607,CLI11426,Lomé,Téléphonie,Réseaux sociaux,Mobile Money,22.0,F,481.0,1,2,24486,,1012,40532,3,Ven,3.9,0,5,1,0
CMD202608,CLI10566,Lomé,Beauté,Site web,Carte bancaire,36.0,H,285.0,0,2,8431,0.0,1159,18021,1,Ven,1.5,0,4,1,0
CMD202609,CLI11322,Lomé,Mode,Application mobile,Mobile Money,34.0,F,317.0,1,4,10419,7.7,1431,39898,1,Ven,2.2,0,5,1,0
CMD202610,CLI11181,Lomé,Mode,Application mobile,Mobile Money,18.0,H,99.0,0,2,1500,0.0,1143,4143,3,Mer,2.8,0,3,0,0
CMD202611,CLI11110,Lomé,Électronique,Réseaux sociaux,Espèces à la livraison,44.0,F,244.0,1,4,7859,11.9,1774,29469,12,Dim,5.2,1,5,1,0
CMD202612,CLI10714,Lomé,Maison,Application mobile,Mobile Money,33.0,H,183.0,0,3,6517,0.0,1571,21122,3,Dim,4.0,0,5,1,0
CMD202613,CLI10884,Lomé,Téléphonie,Application mobile,Mobile Money,35.0,F,6.0,0,4,61707,4.7,1694,236921,4,Mar,2.4,0,4,1,0
CMD202614,CLI11329,Sokodé,Mode,Site web,Mobile Money,28.0,F,544.0,0,3,22995,0.0,3032,72017,4,Dim,4.1,0,4,1,0
CMD202615,CLI11416,Dapaong,Mode,Application mobile,Mobile Money,33.0,H,787.0,0,2,28734,0.0,3865,61333,10,Lun,3.8,0,3,0,0
CMD202616,CLI11134,Atakpamé,Mode,Réseaux sociaux,Carte bancaire,43.0,F,225.0,0,4,8251,2.8,1956,34036,10,Lun,3.2,0,4,1,0
CMD202617,CLI11627,Atakpamé,Électronique,Application mobile,Espèces à la livraison,25.0,F,,0,8,37398,0.0,2594,301778,2,Ven,4.8,0,4,1,0
CMD202618,CLI10324,Atakpamé,Téléphonie,Application mobile,Mobile Money,26.0,F,250.0,0,1,75931,3.3,2985,76410,11,Dim,1.2,0,4,1,0
CMD202619,CLI11691,Lomé,Électronique,Site web,Mobile Money,18.0,H,604.0,0,3,21455,0.0,1614,65979,11,Mar,2.6,0,5,1,0
CMD202620,CLI11385,Kara,Maison,Application mobile,Mobile Money,,H,104.0,1,2,29595,10.1,2708,55920,4,Dim,,1,3,0,0
CMD202621,CLI11782,Sokodé,Téléphonie,Application mobile,Carte bancaire,27.0,F,36.0,0,4,40021,9.3,2631,147827,12,Ven,3.1,0,4,1,0
CMD202622,CLI11781,Sokodé,Alimentaire,Réseaux sociaux,Carte bancaire,59.0,H,41.0,0,4,1500,0.0,3085,9085,8,Lun,3.8,0,2,0,0
CMD202623,CLI11443,Lomé,Électronique,Réseaux sociaux,Mobile Money,34.0,F,1347.0,1,2,38030,9.3,1264,70250,5,Dim,0.5,0,4,1,0
CMD202624,CLI10502,Lomé,Mode,Application mobile,Mobile Money,34.0,H,451.0,0,4,18132,0.0,1403,73931,8,Lun,1.1,0,5,1,0
CMD202625,CLI10488,Lomé,Mode,Site web,Carte bancaire,,F,633.0,0,4,3064,2.6,1543,13480,8,Sam,3.0,0,5,1,0
CMD202626,CLI10748,Lomé,Beauté,Application mobile,Espèces à la livraison,26.0,H,284.0,0,2,4620,0.0,1366,10606,7,Jeu,1.0,0,4,1,0
CMD202627,CLI11541,Lomé,Électronique,Application mobile,Mobile Money,18.0,H,137.0,0,2,46315,0.0,1742,94372,2,Mar,1.3,0,4,1,0
CMD202628,CLI11451,Kpalimé,Alimentaire,Application mobile,Espèces à la livraison,,F,569.0,1,4,7406,14.0,1372,26849,5,Lun,4.7,0,4,1,0
CMD202629,CLI11354,Lomé,Beauté,Application mobile,Espèces à la livraison,43.0,F,322.0,1,1,4833,19.9,1097,4968,8,Ven,2.0,0,4,1,0
CMD202630,CLI10208,Sokodé,Maison,Application mobile,Espèces à la livraison,46.0,H,646.0,0,1,14959,0.0,2751,17710,5,Lun,2.5,0,4,1,0
CMD202631,CLI11629,Sokodé,Beauté,Application mobile,Mobile Money,48.0,H,134.0,1,3,9337,7.0,2703,28753,9,Dim,4.7,0,5,1,0
CMD202632,CLI10138,Sokodé,Alimentaire,Application mobile,Espèces à la livraison,37.0,H,360.0,0,2,6137,0.0,1884,14158,6,Lun,5.4,1,4,1,0
CMD202633,CLI11689,Sokodé,Maison,Site web,Mobile Money,42.0,H,96.0,1,3,35534,13.2,3254,95785,9,Mar,3.9,0,4,1,0
CMD202634,CLI11070,Kpalimé,Alimentaire,Application mobile,Espèces à la livraison,18.0,H,1403.0,0,2,9943,6.9,2210,20724,4,Sam,1.6,0,4,1,0
CMD202635,CLI10037,Sokodé,Mode,Application mobile,Espèces à la livraison,18.0,F,1263.0,0,1,1500,0.0,2764,4264,2,Ven,3.8,0,4,1,0
CMD202636,CLI10003,Lomé,Téléphonie,Application mobile,Mobile Money,42.0,H,99.0,0,3,30552,0.0,1614,93270,1,Mer,,0,3,0,0
CMD202637,CLI10245,Kpalimé,Téléphonie,Site web,Mobile Money,27.0,F,291.0,0,3,51988,4.0,2707,152432,8,Jeu,4.2,0,4,1,0
CMD202638,CLI11600,Kara,Téléphonie,Site web,Mobile Money,21.0,F,107.0,0,1,30823,0.0,2923,33746,6,Ven,2.6,0,4,1,0
CMD202639,CLI11708,Lomé,Beauté,Application mobile,Espèces à la livraison,25.0,H,102.0,1,3,8176,19.7,1068,20764,5,Jeu,0.5,0,4,1,0
CMD202640,CLI11235,Lomé,Beauté,Application mobile,Mobile Money,19.0,F,493.0,0,4,9122,0.0,1129,37617,7,Lun,3.9,0,4,1,0
CMD202641,CLI11321,Sokodé,Alimentaire,Application mobile,Mobile Money,18.0,H,298.0,0,2,3996,7.4,2625,10026,9,Mar,,0,4,1,0
CMD202642,CLI11642,Lomé,Téléphonie,Application mobile,Mobile Money,31.0,F,110.0,0,2,77912,0.0,1586,157410,4,Dim,5.8,1,4,1,0
CMD202643,CLI10083,Lomé,Électronique,Réseaux sociaux,Espèces à la livraison,18.0,H,1295.0,0,3,9823,0.0,987,30456,4,Sam,4.0,0,4,1,0
CMD202644,CLI11782,Lomé,Maison,Application mobile,Espèces à la livraison,39.0,F,100.0,0,5,41256,0.0,1381,207661,10,Mar,0.5,0,4,1,0
CMD202645,CLI10775,Lomé,Téléphonie,Application mobile,Espèces à la livraison,25.0,F,106.0,0,3,82480,0.0,1834,249274,9,Mer,6.3,1,4,1,0
CMD202646,CLI10260,Lomé,Mode,Application mobile,Mobile Money,29.0,F,289.0,0,4,14862,0.0,1819,61267,2,Ven,3.5,0,3,0,0
CMD202647,CLI11176,Kara,Électronique,Réseaux sociaux,Mobile Money,38.0,F,81.0,0,4,45981,0.0,2893,186817,7,Ven,4.4,0,4,1,0
CMD202648,CLI11535,Lomé,Alimentaire,Application mobile,Mobile Money,53.0,F,140.0,1,1,6936,12.9,2453,8494,11,Jeu,5.6,1,4,1,0
CMD202649,CLI10211,Lomé,Maison,Site web,Espèces à la livraison,25.0,F,107.0,0,2,17033,0.0,1369,35435,3,Mer,3.8,0,5,1,0
CMD202650,CLI11298,Kpalimé,Beauté,Site web,Espèces à la livraison,34.0,H,63.0,0,3,11279,0.0,2842,36679,8,Mer,3.7,0,4,1,0
CMD202651,CLI11599,Lomé,Mode,Site web,Espèces à la livraison,26.0,F,604.0,0,3,14834,9.4,1453,41772,6,Mer,1.4,0,3,0,0
CMD202652,CLI11484,Kpalimé,Mode,Application mobile,Espèces à la livraison,25.0,F,279.0,1,3,21908,9.2,2877,62554,3,Ven,0.9,0,3,0,0
CMD202653,CLI11262,Kpalimé,Beauté,Site web,Espèces à la livraison,36.0,F,1832.0,0,1,11291,0.0,1830,13121,12,Mer,4.9,0,4,1,0
CMD202654,CLI11508,Lomé,Électronique,Site web,Espèces à la livraison,36.0,F,553.0,0,2,29786,0.0,1507,61079,3,Dim,2.0,0,4,1,0
CMD202655,CLI10161,Atakpamé,Électronique,Application mobile,Mobile Money,26.0,H,318.0,0,5,34628,0.0,2613,175753,5,Sam,2.6,0,5,1,0
CMD202656,CLI11400,Atakpamé,Téléphonie,Application mobile,Mobile Money,39.0,F,146.0,0,2,51696,0.0,1651,105043,1,Dim,2.8,0,5,1,0
CMD202657,CLI11010,Sokodé,Électronique,Application mobile,Espèces à la livraison,24.0,H,1398.0,0,1,19660,0.0,2985,22645,8,Ven,1.9,0,3,0,0
CMD202658,CLI11198,Lomé,Mode,Réseaux sociaux,Mobile Money,35.0,F,,0,4,24419,0.0,1545,99221,1,Mer,3.2,0,3,0,0
CMD202659,CLI11346,Sokodé,Alimentaire,Application mobile,Mobile Money,43.0,H,794.0,1,1,3140,11.8,2920,5689,6,Jeu,7.6,1,4,1,0
CMD202660,CLI11712,Lomé,Alimentaire,Application mobile,Espèces à la livraison,31.0,H,553.0,0,2,2478,7.8,2382,6951,2,Jeu,3.9,0,4,1,0
CMD202661,CLI10953,Kara,Mode,Réseaux sociaux,Espèces à la livraison,,F,610.0,0,2,22125,,3272,47522,1,Dim,4.2,0,4,1,0
CMD202662,CLI11043,Kara,Alimentaire,Application mobile,Espèces à la livraison,24.0,F,1377.0,0,2,7429,0.0,2460,17318,7,Jeu,,1,4,1,0
CMD202663,CLI11600,Lomé,Téléphonie,Réseaux sociaux,Mobile Money,,F,85.0,0,3,37334,0.0,756,112758,3,Dim,5.5,1,4,1,0
CMD202664,CLI10597,Lomé,Électronique,Site web,Mobile Money,32.0,F,367.0,0,3,82408,0.0,1055,248279,4,Mar,3.4,0,5,1,0
CMD202665,CLI11618,Lomé,Alimentaire,Site web,Mobile Money,,F,242.0,0,2,6801,0.0,1923,15525,4,Sam,2.7,0,4,1,0
CMD202666,CLI10334,Lomé,Beauté,Application mobile,Espèces à la livraison,24.0,H,274.0,0,1,16906,10.0,1805,17020,12,Sam,3.3,0,5,1,0
CMD202667,CLI10833,Lomé,Mode,Application mobile,Mobile Money,18.0,F,427.0,0,2,27114,2.1,1571,54660,11,Mar,1.3,0,3,0,0
CMD202668,CLI10488,Lomé,Mode,Application mobile,Mobile Money,28.0,H,53.0,0,6,23705,7.5,1891,133454,7,Mar,3.8,0,4,1,0
CMD202669,CLI10912,Atakpamé,Mode,Site web,Espèces à la livraison,20.0,F,1428.0,0,3,5580,0.0,3137,19877,4,Mer,6.1,1,3,0,0
CMD202670,CLI10013,Lomé,Téléphonie,Site web,Carte bancaire,43.0,F,362.0,1,2,75513,14.5,2329,131456,1,Mar,1.5,0,5,1,0
CMD202671,CLI10500,Kpalimé,Mode,Réseaux sociaux,Espèces à la livraison,48.0,H,580.0,0,2,13737,0.0,2035,29509,12,Lun,2.1,0,4,1,0
CMD202672,CLI11330,Kpalimé,Électronique,Application mobile,Espèces à la livraison,39.0,F,212.0,0,2,44351,6.7,2291,85050,5,Ven,0.5,0,3,0,0
CMD202673,CLI10361,Kpalimé,Alimentaire,Réseaux sociaux,Mobile Money,24.0,F,158.0,0,2,6869,0.0,2790,16528,2,Sam,1.9,0,5,1,0
CMD202674,CLI11286,Kpalimé,Mode,Application mobile,Mobile Money,18.0,H,55.0,1,4,14324,11.8,2717,53252,1,Sam,1.9,0,4,1,0
CMD202675,CLI10743,Lomé,Mode,Application mobile,Carte bancaire,49.0,F,260.0,0,1,11312,0.0,1818,13130,5,Dim,3.9,0,5,1,0
CMD202676,CLI10969,Sokodé,Alimentaire,Site web,Mobile Money,29.0,H,236.0,0,1,1500,0.0,2474,3974,11,Ven,1.5,0,4,1,0
CMD202677,CLI10949,Lomé,Maison,Site web,Mobile Money,43.0,F,261.0,0,2,22468,0.0,1362,46298,1,Mar,4.1,0,5,1,0
CMD202678,CLI11474,Lomé,Téléphonie,Réseaux sociaux,Mobile Money,38.0,F,,0,3,77766,0.0,842,234140,11,Jeu,2.7,0,4,1,1
CMD202679,CLI10473,Lomé,Maison,Application mobile,Espèces à la livraison,30.0,H,171.0,0,3,24118,0.0,1440,73794,10,Mer,4.1,0,3,0,0
CMD202680,CLI11091,Lomé,Téléphonie,Application mobile,Espèces à la livraison,40.0,F,239.0,0,3,1500,0.0,1347,5847,3,Lun,2.3,0,4,1,0
CMD202681,CLI11565,Lomé,Alimentaire,Application mobile,Mobile Money,38.0,F,472.0,0,1,7649,0.0,1753,9402,9,Mer,2.5,0,3,0,0
CMD202682,CLI10940,Kpalimé,Téléphonie,Réseaux sociaux,Espèces à la livraison,,F,152.0,1,3,49225,10.6,2184,134205,12,Dim,2.4,0,4,1,0
CMD202683,CLI10374,Atakpamé,Maison,Application mobile,Carte bancaire,33.0,F,1096.0,0,3,28567,0.0,2776,88477,12,Dim,4.1,0,4,1,0
CMD202684,CLI11278,Sokodé,Beauté,Application mobile,Mobile Money,27.0,H,486.0,0,2,7706,0.0,2341,17753,10,Lun,6.0,1,3,0,0
CMD202685,CLI11696,Atakpamé,Beauté,Site web,Mobile Money,37.0,F,179.0,1,1,1500,19.5,2932,4140,6,Dim,4.0,0,4,1,0
CMD202686,CLI11753,Sokodé,Maison,Application mobile,Espèces à la livraison,44.0,F,488.0,0,3,4957,0.0,3076,17947,12,Ven,5.6,1,3,0,0
CMD202687,CLI11064,Sokodé,Électronique,Application mobile,Espèces à la livraison,21.0,F,270.0,0,1,40213,9.3,2444,38917,2,Ven,2.2,0,3,0,0
CMD202688,CLI10623,Lomé,Mode,Réseaux sociaux,Mobile Money,,H,788.0,1,3,14994,8.8,1171,42195,5,Jeu,0.5,0,4,1,0
CMD202689,CLI11112,Dapaong,Mode,Réseaux sociaux,Mobile Money,18.0,H,613.0,0,2,9857,9.5,4861,22702,11,Lun,3.4,0,4,1,0
CMD202690,CLI10115,Atakpamé,Mode,Application mobile,Mobile Money,31.0,H,92.0,0,1,21728,0.0,3474,25202,12,Mar,5.4,1,3,0,0
CMD202691,CLI10963,Kpalimé,Mode,Réseaux sociaux,Carte bancaire,35.0,F,1100.0,0,2,36005,0.0,2497,74507,10,Lun,4.7,0,4,1,0
CMD202692,CLI11166,Sokodé,Mode,Application mobile,Espèces à la livraison,48.0,H,31.0,0,2,26409,6.1,3497,53093,5,Jeu,2.9,0,4,1,0
CMD202693,CLI11599,Lomé,Maison,Réseaux sociaux,Espèces à la livraison,49.0,H,212.0,0,4,24493,0.0,1289,99261,5,Ven,2.8,0,5,1,0
CMD202694,CLI10374,Lomé,Beauté,Application mobile,Mobile Money,31.0,F,1016.0,0,3,13503,0.0,1208,41717,6,Mer,2.6,0,5,1,0
CMD202695,CLI10737,Lomé,Électronique,Réseaux sociaux,Mobile Money,19.0,F,200.0,0,2,29807,0.0,1122,60736,10,Mer,2.5,0,4,1,0
CMD202696,CLI10598,Kara,Alimentaire,Site web,Mobile Money,42.0,H,232.0,1,2,3743,19.5,2640,8666,5,Jeu,4.8,0,4,1,0
CMD202697,CLI10987,Lomé,Maison,Application mobile,Espèces à la livraison,34.0,H,74.0,0,1,33838,0.0,1027,34865,3,Dim,4.6,0,3,0,0
CMD202698,CLI10513,Atakpamé,Électronique,Site web,Mobile Money,44.0,F,313.0,0,3,42597,0.0,2618,130409,1,Sam,2.7,0,4,1,0
CMD202699,CLI10229,Sokodé,Électronique,Application mobile,Mobile Money,41.0,H,1201.0,0,3,1500,9.9,2208,6262,12,Ven,5.2,1,4,1,0
CMD202700,CLI10652,Lomé,Maison,Application mobile,Mobile Money,25.0,F,495.0,0,2,6914,7.1,1701,14547,4,Sam,5.6,1,4,1,0
CMD202701,CLI10030,Lomé,Téléphonie,Application mobile,Mobile Money,31.0,F,665.0,0,4,28565,0.0,1992,116252,11,Ven,1.8,0,4,1,0
CMD202702,CLI10661,Lomé,Mode,Application mobile,Mobile Money,48.0,H,81.0,0,3,17234,0.0,1892,53594,10,Ven,2.7,0,4,1,0
CMD202703,CLI11106,Lomé,Électronique,Site web,Mobile Money,21.0,F,226.0,0,2,36050,0.0,2080,74180,2,Ven,3.4,0,4,1,0
CMD202704,CLI10188,Lomé,Beauté,Réseaux sociaux,Mobile Money,18.0,H,257.0,0,2,6936,0.0,1964,15836,8,Jeu,4.6,0,5,1,0
CMD202705,CLI11075,Lomé,Électronique,Réseaux sociaux,Carte bancaire,31.0,F,1304.0,0,2,32875,0.0,1448,67198,4,Jeu,3.5,0,3,0,0
CMD202706,CLI10240,Sokodé,Mode,Réseaux sociaux,Mobile Money,28.0,F,546.0,0,5,7116,3.6,3542,37841,11,Dim,,0,3,0,0
CMD202707,CLI11694,Lomé,Alimentaire,Application mobile,Mobile Money,40.0,H,180.0,1,4,4865,17.8,2229,18225,4,Ven,0.8,0,4,1,0
CMD202708,CLI10903,Lomé,Électronique,Site web,Espèces à la livraison,41.0,H,334.0,0,1,41732,4.0,1225,41288,5,Mer,2.6,0,5,1,0
CMD202709,CLI10856,Kpalimé,Électronique,Application mobile,Espèces à la livraison,32.0,F,71.0,0,2,61143,0.0,2888,125174,7,Ven,2.6,0,4,1,0
CMD202710,CLI10610,Lomé,Mode,Réseaux sociaux,Espèces à la livraison,42.0,F,569.0,0,1,25054,5.0,1664,25465,11,Lun,6.2,1,4,1,0
CMD202711,CLI10623,Sokodé,Beauté,Site web,Carte bancaire,36.0,F,357.0,0,2,10908,0.0,2809,24625,5,Dim,4.8,0,3,0,0
CMD202712,CLI10033,Lomé,Téléphonie,Application mobile,Mobile Money,46.0,F,293.0,1,3,91664,12.0,1002,242995,9,Ven,3.1,0,5,1,0
CMD202713,CLI11325,Lomé,Alimentaire,Application mobile,Carte bancaire,36.0,H,170.0,0,3,6559,0.0,1475,21152,12,Sam,2.7,0,4,1,0
CMD202714,CLI11727,Sokodé,Téléphonie,Site web,Mobile Money,19.0,H,36.0,0,2,60929,0.0,3366,125224,8,Mer,3.9,0,3,0,0
CMD202715,CLI10978,Lomé,Mode,Site web,Espèces à la livraison,36.0,H,352.0,1,2,23766,16.9,1433,40932,5,Sam,4.0,0,5,1,0
CMD202716,CLI10467,Kpalimé,Maison,Application mobile,Mobile Money,27.0,H,547.0,0,3,13619,0.0,2429,43286,11,Lun,2.1,0,4,1,0
CMD202717,CLI10381,Kara,Mode,Application mobile,Mobile Money,18.0,F,292.0,0,2,20637,,2338,43612,4,Ven,4.6,0,5,1,0
CMD202718,CLI10841,Lomé,Mode,Réseaux sociaux,Espèces à la livraison,23.0,H,188.0,0,2,13219,0.0,2199,28637,1,Sam,4.3,0,4,1,0
CMD202719,CLI10422,Lomé,Téléphonie,Site web,Mobile Money,42.0,H,921.0,0,2,67292,6.0,1861,128370,11,Jeu,0.5,0,4,1,0
CMD202720,CLI11672,Kara,Téléphonie,Site web,Mobile Money,33.0,H,435.0,0,1,1500,7.5,3585,4972,11,Sam,2.1,0,4,1,0
CMD202721,CLI11613,Kara,Maison,Réseaux sociaux,Espèces à la livraison,27.0,H,117.0,0,2,24557,3.7,2915,50212,8,Sam,3.7,0,5,1,0
CMD202722,CLI10125,Lomé,Maison,Site web,Mobile Money,33.0,H,706.0,0,3,1500,,1231,5731,3,Mar,2.1,0,4,1,0
CMD202723,CLI11284,Lomé,Électronique,Réseaux sociaux,Mobile Money,44.0,F,441.0,0,1,47137,2.9,1925,47695,10,Ven,3.8,0,4,1,0
CMD202724,CLI10543,Sokodé,Beauté,Application mobile,Espèces à la livraison,18.0,F,126.0,0,3,8310,0.0,3011,27941,10,Mar,3.6,0,5,1,0
CMD202725,CLI10944,Sokodé,Alimentaire,Site web,Carte bancaire,41.0,F,83.0,0,2,15198,0.0,2703,33099,9,Dim,5.9,1,3,0,0
CMD202726,CLI10645,Lomé,Beauté,Réseaux sociaux,Mobile Money,28.0,F,1.0,0,4,6247,4.8,1605,25394,11,Jeu,3.5,0,4,1,0
CMD202727,CLI10376,Lomé,Électronique,Application mobile,Mobile Money,37.0,F,1.0,0,5,39320,0.0,1486,198086,4,Lun,3.7,0,5,1,0
CMD202728,CLI10238,Lomé,Beauté,Site web,Espèces à la livraison,47.0,F,131.0,0,4,17476,0.0,1802,71706,12,Sam,2.8,0,4,1,0
CMD202729,CLI10452,Kpalimé,Mode,Application mobile,Mobile Money,33.0,F,323.0,0,2,7276,0.0,2937,17489,5,Jeu,4.8,0,3,0,0
CMD202730,CLI10146,Dapaong,Maison,Réseaux sociaux,Mobile Money,28.0,H,130.0,0,3,17118,0.0,3773,55127,1,Jeu,2.1,0,3,0,0
CMD202731,CLI10007,Kara,Alimentaire,Application mobile,Mobile Money,32.0,H,424.0,0,1,3381,0.0,3605,6986,2,Dim,6.4,1,4,1,0
CMD202732,CLI10461,Kpalimé,Beauté,Site web,Espèces à la livraison,21.0,H,221.0,0,3,9580,0.0,2237,30977,4,Mer,4.7,0,4,1,0
CMD202733,CLI10168,Lomé,Mode,Réseaux sociaux,Carte bancaire,24.0,H,227.0,1,3,20480,8.5,1396,57614,1,Jeu,,0,5,1,0
CMD202734,CLI10997,Lomé,Électronique,Réseaux sociaux,Mobile Money,43.0,F,681.0,0,4,73187,0.0,1538,294286,9,Lun,,0,4,1,0
CMD202735,CLI10460,Sokodé,Électronique,Application mobile,Carte bancaire,26.0,F,396.0,0,2,1500,8.7,2393,5132,6,Ven,,0,5,1,0
CMD202736,CLI11724,Lomé,Beauté,Site web,Mobile Money,40.0,F,1340.0,0,3,8715,0.0,923,27068,1,Lun,3.3,0,4,1,0
CMD202737,CLI11234,Lomé,Mode,Application mobile,Mobile Money,27.0,H,98.0,0,1,15441,6.9,1660,16036,11,Ven,0.5,0,4,1,0
CMD202738,CLI11049,Lomé,Beauté,Site web,Espèces à la livraison,27.0,F,180.0,0,2,5636,0.0,1320,12592,7,Mer,1.8,0,4,1,0
CMD202739,CLI10551,Lomé,Électronique,Application mobile,Mobile Money,46.0,H,96.0,0,1,60471,0.0,1401,61872,11,Sam,3.4,0,4,1,0
CMD202740,CLI11535,Lomé,Mode,Application mobile,Mobile Money,33.0,H,606.0,0,2,11850,0.0,2241,25941,8,Mar,1.8,0,5,1,0
CMD202741,CLI10710,Sokodé,Mode,Site web,Espèces à la livraison,23.0,H,922.0,0,4,15080,0.0,2717,63037,8,Mer,1.8,0,4,1,0
CMD202742,CLI11731,Sokodé,Mode,Application mobile,Espèces à la livraison,35.0,F,323.0,0,4,2386,0.0,2942,12486,8,Jeu,5.2,1,3,0,0
CMD202743,CLI10915,Dapaong,Maison,Site web,Mobile Money,27.0,F,819.0,0,1,2067,0.0,3409,5476,6,Ven,6.3,1,4,1,0
CMD202744,CLI11694,Kara,Mode,Réseaux sociaux,Mobile Money,48.0,H,572.0,0,1,11278,5.9,2088,12701,7,Ven,4.8,0,5,1,0
CMD202745,CLI11117,Lomé,Maison,Application mobile,Carte bancaire,31.0,F,95.0,0,3,38693,0.0,2083,118162,7,Sam,1.3,0,3,0,0
CMD202746,CLI10694,Kara,Alimentaire,Application mobile,Espèces à la livraison,38.0,F,480.0,0,1,6005,,2748,8753,4,Sam,2.0,0,5,1,0
CMD202747,CLI11576,Kpalimé,Alimentaire,Réseaux sociaux,Espèces à la livraison,21.0,F,991.0,0,5,1500,,2597,10097,10,Sam,2.3,0,4,1,0
CMD202748,CLI10386,Kara,Maison,Application mobile,Mobile Money,18.0,H,533.0,0,6,13875,0.0,2903,86153,11,Dim,4.8,0,4,1,0
CMD202749,CLI11627,Kpalimé,Mode,Site web,Espèces à la livraison,28.0,H,573.0,1,1,20543,9.7,2694,21244,8,Ven,2.1,0,5,1,0
CMD202750,CLI11306,Lomé,Électronique,Site web,Espèces à la livraison,18.0,F,693.0,1,3,65973,10.3,884,178417,9,Jeu,4.2,0,5,1,0
CMD202751,CLI11400,Lomé,Alimentaire,Application mobile,Mobile Money,18.0,H,,1,1,7696,15.6,1586,8081,2,Lun,3.5,0,4,1,0
CMD202752,CLI11602,Kpalimé,Téléphonie,Site web,Espèces à la livraison,31.0,F,37.0,1,2,52822,6.6,2226,100897,11,Dim,3.6,0,4,1,0
CMD202753,CLI11791,Lomé,Beauté,Application mobile,Mobile Money,39.0,F,75.0,0,2,12606,0.0,1679,26891,9,Lun,0.7,0,5,1,0
CMD202754,CLI10004,Atakpamé,Mode,Site web,Mobile Money,36.0,H,185.0,1,4,6671,12.5,3221,26570,7,Sam,2.1,0,5,1,0
CMD202755,CLI11362,Sokodé,Beauté,Application mobile,Espèces à la livraison,25.0,F,755.0,0,2,10501,0.0,2760,23762,4,Ven,7.0,1,4,1,0
CMD202756,CLI11300,Lomé,Téléphonie,Réseaux sociaux,Espèces à la livraison,53.0,H,191.0,0,1,74727,0.0,1148,75875,8,Dim,0.7,0,4,1,0
CMD202757,CLI10326,Lomé,Maison,Site web,Mobile Money,30.0,H,189.0,0,3,27658,2.3,1541,82607,1,Dim,5.3,1,4,1,0
CMD202758,CLI11368,Sokodé,Alimentaire,Application mobile,Mobile Money,22.0,F,184.0,0,2,2955,8.9,3809,9193,8,Lun,3.6,0,4,1,0
CMD202759,CLI10450,Lomé,Mode,Réseaux sociaux,Espèces à la livraison,37.0,F,252.0,0,3,30696,0.0,1763,93851,8,Mar,4.4,0,3,0,0
CMD202760,CLI10743,Atakpamé,Électronique,Application mobile,Espèces à la livraison,49.0,H,461.0,0,3,24213,0.0,3211,75850,4,Mer,1.0,0,3,0,0
CMD202761,CLI11209,Lomé,Mode,Application mobile,Mobile Money,18.0,H,117.0,0,2,23025,0.0,2232,48282,4,Lun,3.4,0,4,1,0
CMD202762,CLI10776,Lomé,Téléphonie,Réseaux sociaux,Espèces à la livraison,23.0,F,286.0,0,2,62331,0.0,1417,126079,3,Jeu,2.7,0,3,0,1
CMD202763,CLI11513,Kara,Alimentaire,Application mobile,Espèces à la livraison,26.0,F,625.0,0,4,13035,4.8,2467,52104,8,Sam,2.7,0,4,1,0
CMD202764,CLI10349,Lomé,Mode,Application mobile,Mobile Money,29.0,F,35.0,0,2,19727,7.8,2077,38454,11,Lun,4.5,0,5,1,0
CMD202765,CLI11717,Lomé,Beauté,Application mobile,Mobile Money,48.0,F,1.0,0,3,18306,6.3,1492,52950,11,Sam,1.9,0,4,1,0
CMD202766,CLI10597,Lomé,Téléphonie,Application mobile,Mobile Money,32.0,H,314.0,0,2,2957,0.0,2394,8308,9,Sam,,0,4,1,0
CMD202767,CLI11319,Kara,Téléphonie,Réseaux sociaux,Carte bancaire,18.0,F,358.0,0,2,63096,0.0,3543,129735,8,Sam,6.1,1,4,1,0
CMD202768,CLI10544,Kara,Beauté,Site web,Espèces à la livraison,30.0,F,224.0,0,3,5774,4.7,2895,19403,5,Sam,5.3,1,4,1,0
CMD202769,CLI10415,Lomé,Mode,Application mobile,Espèces à la livraison,41.0,H,299.0,0,3,1500,7.3,2083,6254,9,Mar,1.5,0,4,1,0
CMD202770,CLI10460,Sokodé,Mode,Réseaux sociaux,Mobile Money,49.0,F,9.0,1,3,6975,17.0,1787,19155,8,Dim,4.2,0,5,1,0
CMD202771,CLI11464,Lomé,Mode,Site web,Espèces à la livraison,24.0,H,240.0,0,3,16087,0.0,1747,50008,5,Mar,2.7,0,4,1,0
CMD202772,CLI10870,Sokodé,Maison,Réseaux sociaux,Espèces à la livraison,30.0,H,448.0,0,2,49624,0.0,2193,101441,5,Mer,4.5,0,4,1,0
CMD202773,CLI11231,Lomé,Alimentaire,Application mobile,Espèces à la livraison,26.0,F,484.0,1,3,13906,19.7,1674,35174,3,Ven,3.3,0,5,1,0
CMD202774,CLI11715,Lomé,Maison,Application mobile,Espèces à la livraison,47.0,H,209.0,0,1,36093,7.0,1427,34993,2,Jeu,,1,3,0,0
CMD202775,CLI11016,Dapaong,Maison,Site web,Espèces à la livraison,26.0,H,36.0,0,1,46263,2.0,3651,48989,7,Mer,3.9,0,4,1,0
CMD202776,CLI11687,Dapaong,Mode,Application mobile,Carte bancaire,26.0,F,245.0,0,2,17508,0.0,4228,39244,12,Sam,2.9,0,4,1,0
CMD202777,CLI11260,Lomé,Mode,Application mobile,Carte bancaire,42.0,H,127.0,0,4,21456,0.0,1417,87241,8,Mer,,1,3,0,0
CMD202778,CLI10700,Sokodé,Alimentaire,Application mobile,Mobile Money,22.0,F,496.0,0,2,5595,0.0,1986,13176,5,Mer,3.6,0,5,1,0
CMD202779,CLI10455,Lomé,Téléphonie,Réseaux sociaux,Espèces à la livraison,44.0,H,219.0,0,1,41310,0.0,1716,43026,2,Lun,2.3,0,4,1,0
CMD202780,CLI10751,Sokodé,Beauté,Site web,Mobile Money,31.0,H,650.0,0,1,8617,3.5,3145,11460,9,Lun,1.9,0,3,0,0
CMD202781,CLI10091,Atakpamé,Électronique,Site web,Mobile Money,29.0,F,158.0,1,2,23152,13.8,2587,42501,6,Sam,2.3,0,4,1,0
CMD202782,CLI10312,Lomé,Maison,Application mobile,Espèces à la livraison,43.0,H,900.0,1,4,32381,7.3,1138,121207,5,Ven,4.2,0,5,1,0
CMD202783,CLI11602,Atakpamé,Mode,Application mobile,Mobile Money,37.0,H,73.0,0,3,11345,0.0,3198,37233,11,Sam,4.0,0,2,0,0
CMD202784,CLI10973,Lomé,Beauté,Réseaux sociaux,Mobile Money,41.0,F,360.0,0,2,1500,0.0,2116,5116,11,Lun,5.4,1,5,1,0
CMD202785,CLI10099,Lomé,Alimentaire,Application mobile,Mobile Money,34.0,H,10.0,0,2,7833,0.0,1550,17216,8,Lun,0.7,0,4,1,0
CMD202786,CLI10880,Lomé,Téléphonie,Réseaux sociaux,Espèces à la livraison,33.0,H,,0,5,23378,0.0,1755,118645,5,Lun,1.0,0,4,1,0
CMD202787,CLI11377,Kpalimé,Beauté,Application mobile,Mobile Money,27.0,F,583.0,0,4,17582,2.1,3008,71859,8,Sam,6.6,1,4,1,0
CMD202788,CLI10439,Kpalimé,Beauté,Application mobile,Espèces à la livraison,39.0,F,1241.0,0,4,8571,0.0,2605,36889,2,Jeu,3.2,0,5,1,0
CMD202789,CLI10288,Atakpamé,Beauté,Réseaux sociaux,Espèces à la livraison,40.0,F,212.0,0,1,5571,9.3,2696,7749,9,Ven,6.1,1,3,0,0
CMD202790,CLI11360,Lomé,Téléphonie,Application mobile,Mobile Money,30.0,F,154.0,0,2,3288,0.0,868,7444,7,Ven,1.4,0,3,0,0
CMD202791,CLI11180,Lomé,Mode,Site web,Mobile Money,27.0,H,996.0,0,4,18849,0.0,1940,77336,4,Ven,2.5,0,4,1,0
CMD202792,CLI10768,Kpalimé,Téléphonie,Réseaux sociaux,Mobile Money,34.0,F,754.0,0,2,90381,0.0,2327,183089,2,Jeu,1.6,0,5,1,0
CMD202793,CLI10753,Lomé,Alimentaire,Réseaux sociaux,Mobile Money,53.0,H,4.0,0,2,12914,0.0,1208,27036,11,Jeu,0.5,0,4,1,0
CMD202794,CLI11400,Sokodé,Maison,Réseaux sociaux,Mobile Money,40.0,F,136.0,0,2,40643,0.0,2237,83523,11,Mar,,0,5,1,0
CMD202795,CLI11169,Lomé,Mode,Application mobile,Mobile Money,32.0,F,373.0,0,3,12540,0.0,1636,39256,2,Mar,3.2,0,5,1,0
CMD202796,CLI11582,Lomé,Téléphonie,Réseaux sociaux,Espèces à la livraison,22.0,H,427.0,0,1,42536,0.0,926,43462,11,Mar,2.9,0,4,1,0
CMD202797,CLI11247,Lomé,Téléphonie,Application mobile,Mobile Money,25.0,F,610.0,0,2,67311,0.0,1712,136334,12,Ven,1.5,0,4,1,0
CMD202798,CLI10667,Lomé,Beauté,Site web,Espèces à la livraison,37.0,F,873.0,0,1,11304,8.5,1811,12154,6,Ven,5.1,1,4,1,0
CMD202799,CLI11305,Lomé,Téléphonie,Site web,Mobile Money,46.0,F,308.0,1,2,58142,9.7,1791,106795,12,Jeu,1.6,0,4,1,0
CMD202800,CLI10695,Lomé,Téléphonie,Réseaux sociaux,Mobile Money,36.0,H,,0,2,24253,0.0,1120,49626,7,Mer,3.7,0,4,1,0
CMD202801,CLI10071,Lomé,Maison,Application mobile,Mobile Money,33.0,F,348.0,0,3,31314,8.7,1514,87283,7,Mer,5.7,1,4,1,0
CMD202802,CLI11690,Kpalimé,Maison,Application mobile,Mobile Money,34.0,H,207.0,0,2,18541,2.8,2880,38924,12,Sam,1.6,0,4,1,0
CMD202803,CLI11341,Lomé,Électronique,Site web,Mobile Money,31.0,F,226.0,0,1,55088,6.3,1589,53206,8,Lun,3.2,0,5,1,0
CMD202804,CLI10045,Kpalimé,Beauté,Site web,Mobile Money,26.0,H,419.0,0,3,3437,0.0,2566,12877,10,Jeu,2.5,0,4,1,0
CMD202805,CLI10080,Kpalimé,Alimentaire,Site web,Espèces à la livraison,,F,737.0,0,3,8993,0.0,1976,28955,10,Sam,3.8,0,5,1,0
CMD202806,CLI11594,Atakpamé,Maison,Application mobile,Mobile Money,34.0,H,69.0,0,2,15479,0.0,2490,33448,7,Lun,2.8,0,3,0,1
CMD202807,CLI11188,Kara,Alimentaire,Application mobile,Mobile Money,35.0,H,1738.0,0,3,2742,0.0,3619,11845,2,Dim,5.9,1,4,1,0
CMD202808,CLI10284,Sokodé,Téléphonie,Application mobile,Espèces à la livraison,35.0,F,3.0,1,2,124565,7.8,3406,233104,11,Mer,2.7,0,5,1,0
CMD202809,CLI11278,Lomé,Mode,Application mobile,Espèces à la livraison,,H,86.0,0,4,35194,0.0,1128,141904,1,Mar,2.4,0,4,1,0
CMD202810,CLI11682,Sokodé,Alimentaire,Site web,Espèces à la livraison,38.0,H,724.0,0,1,1500,0.0,2657,4157,7,Sam,4.0,0,4,1,0
CMD202811,CLI10608,Lomé,Électronique,Application mobile,Espèces à la livraison,44.0,H,29.0,0,3,31171,0.0,1160,94673,3,Mer,1.7,0,5,1,0
CMD202812,CLI11091,Lomé,Électronique,Application mobile,Carte bancaire,38.0,F,371.0,0,4,18511,0.0,1496,75540,4,Dim,5.0,0,4,1,0
CMD202813,CLI11002,Kara,Téléphonie,Application mobile,Espèces à la livraison,33.0,H,350.0,0,3,21406,2.3,3036,65777,9,Mer,3.7,0,4,1,0
CMD202814,CLI11515,Kpalimé,Mode,Application mobile,Mobile Money,36.0,H,93.0,0,2,13127,0.0,2474,28728,7,Mer,2.5,0,4,1,0
CMD202815,CLI11136,Kara,Maison,Site web,Mobile Money,35.0,H,12.0,0,3,7115,0.0,2682,24027,4,Mer,4.4,0,2,0,0
CMD202816,CLI10891,Dapaong,Téléphonie,Site web,Espèces à la livraison,32.0,H,197.0,1,1,112787,20.0,3539,93769,4,Mar,6.6,1,3,0,0
CMD202817,CLI11421,Lomé,Alimentaire,Réseaux sociaux,Espèces à la livraison,30.0,F,356.0,0,4,8313,5.7,1425,32782,6,Mar,2.3,0,4,1,1
CMD202818,CLI11369,Lomé,Électronique,Site web,Mobile Money,29.0,F,916.0,0,1,25819,5.6,2164,26537,1,Sam,4.4,0,5,1,0
CMD202819,CLI10259,Kpalimé,Électronique,Application mobile,Mobile Money,35.0,H,181.0,1,2,81823,11.0,2560,148205,8,Dim,5.3,1,5,1,0
CMD202820,CLI10277,Kpalimé,Alimentaire,Site web,Mobile Money,41.0,F,229.0,0,1,6405,0.0,2306,8711,6,Jeu,,1,3,0,0
CMD202821,CLI10799,Lomé,Électronique,Site web,Mobile Money,34.0,F,286.0,1,1,33430,11.7,1255,30774,2,Mer,0.5,0,4,1,0
CMD202822,CLI10316,Kpalimé,Beauté,Application mobile,Mobile Money,21.0,H,37.0,0,3,8490,0.0,2240,27710,10,Mar,0.6,0,4,1,0
CMD202823,CLI10532,Kpalimé,Alimentaire,Application mobile,Mobile Money,23.0,F,1452.0,0,1,4167,0.0,1587,5754,3,Lun,2.3,0,5,1,0
CMD202824,CLI11271,Kara,Mode,Application mobile,Mobile Money,,H,207.0,0,2,9497,0.0,3248,22242,5,Lun,3.3,0,4,1,0
CMD202825,CLI10018,Lomé,Mode,Application mobile,Carte bancaire,29.0,F,692.0,0,1,20375,0.0,1301,21676,3,Ven,1.1,0,4,1,0
CMD202826,CLI11706,Sokodé,Beauté,Site web,Mobile Money,38.0,H,19.0,1,3,3096,9.3,3027,11451,12,Mer,4.2,0,4,1,0
CMD202827,CLI10455,Atakpamé,Téléphonie,Site web,Carte bancaire,36.0,F,206.0,0,2,22372,0.0,3206,47950,6,Dim,3.1,0,4,1,0
CMD202828,CLI11170,Sokodé,Mode,Application mobile,Espèces à la livraison,25.0,H,210.0,1,1,12825,9.1,1976,13634,10,Jeu,5.7,1,3,0,0
CMD202829,CLI10801,Kpalimé,Téléphonie,Réseaux sociaux,Mobile Money,30.0,F,687.0,0,1,83851,8.9,2957,79345,5,Ven,0.5,0,3,0,0
CMD202830,CLI10102,Lomé,Maison,Application mobile,Mobile Money,23.0,F,251.0,0,2,21283,0.0,1877,44443,1,Mar,3.4,0,4,1,0
CMD202831,CLI11486,Lomé,Maison,Réseaux sociaux,Mobile Money,36.0,H,41.0,0,5,32281,0.0,1660,163065,6,Mer,4.0,0,5,1,0
CMD202832,CLI10306,Lomé,Mode,Site web,Espèces à la livraison,18.0,F,439.0,1,1,8935,12.0,1582,9445,3,Jeu,4.1,0,5,1,0
CMD202833,CLI10302,Lomé,Maison,Site web,Mobile Money,42.0,F,55.0,0,2,63528,7.4,1585,119239,5,Mar,3.5,0,4,1,0
CMD202834,CLI10105,Kara,Électronique,Application mobile,Mobile Money,44.0,H,224.0,0,3,78856,0.0,2889,239457,9,Lun,5.4,1,3,0,0
CMD202835,CLI10763,Dapaong,Téléphonie,Site web,Espèces à la livraison,18.0,H,1353.0,0,2,121158,0.0,3782,246098,1,Dim,5.2,1,4,1,0
CMD202836,CLI10075,Kpalimé,Mode,Site web,Mobile Money,39.0,H,555.0,1,2,16761,17.2,2162,29918,1,Jeu,0.8,0,5,1,0
CMD202837,CLI10285,Kpalimé,Mode,Site web,Mobile Money,43.0,F,419.0,0,5,21974,0.0,2346,112216,5,Jeu,4.2,0,3,0,0
CMD202838,CLI11259,Sokodé,Téléphonie,Application mobile,Espèces à la livraison,33.0,H,369.0,0,1,89860,0.0,2383,92243,9,Jeu,3.3,0,3,0,0
CMD202839,CLI11058,Lomé,Maison,Application mobile,Espèces à la livraison,25.0,H,920.0,0,1,28540,0.0,1352,29892,7,Jeu,2.0,0,4,1,0
CMD202840,CLI10800,Lomé,Téléphonie,Application mobile,Mobile Money,38.0,H,574.0,0,3,32289,0.0,1649,98516,8,Ven,0.9,0,5,1,0
CMD202841,CLI11792,Lomé,Maison,Réseaux sociaux,Mobile Money,18.0,F,53.0,0,1,43814,0.0,1616,45430,2,Lun,4.0,0,4,1,0
CMD202842,CLI10478,Lomé,Mode,Application mobile,Mobile Money,40.0,H,125.0,0,5,24107,0.0,1292,121827,6,Lun,2.2,0,5,1,0
CMD202843,CLI10850,Atakpamé,Électronique,Site web,Mobile Money,32.0,H,58.0,1,3,38015,5.9,3566,110882,3,Jeu,0.7,0,4,1,1
CMD202844,CLI10938,Lomé,Mode,Réseaux sociaux,Espèces à la livraison,37.0,H,362.0,1,1,13109,8.6,1081,13063,3,Jeu,1.1,0,4,1,0
CMD202845,CLI10021,Sokodé,Maison,Application mobile,Mobile Money,47.0,F,2.0,0,2,38905,9.9,2629,72736,3,Sam,6.8,1,5,1,0
CMD202846,CLI11415,Lomé,Maison,Site web,Espèces à la livraison,44.0,F,348.0,1,1,33836,16.5,2134,30387,6,Jeu,3.6,0,5,1,0
CMD202847,CLI11324,Lomé,Électronique,Réseaux sociaux,Espèces à la livraison,41.0,F,308.0,0,4,90314,9.6,2382,328957,3,Ven,3.8,0,3,0,0
CMD202848,CLI10565,Lomé,Électronique,Application mobile,Espèces à la livraison,25.0,H,136.0,0,3,37758,6.8,2020,107591,1,Sam,7.2,1,4,1,0
CMD202849,CLI10132,Lomé,Alimentaire,Site web,Mobile Money,30.0,H,362.0,0,5,6223,2.5,1017,31354,1,Sam,0.5,0,4,1,0
CMD202850,CLI10237,Lomé,Alimentaire,Application mobile,Mobile Money,37.0,F,337.0,1,2,8741,7.1,1627,17868,3,Ven,0.5,0,4,1,0
CMD202851,CLI11304,Lomé,Beauté,Site web,Mobile Money,33.0,F,546.0,0,2,3742,0.0,1881,9365,1,Sam,1.9,0,5,1,0
CMD202852,CLI11443,Lomé,Alimentaire,Application mobile,Espèces à la livraison,26.0,F,816.0,0,1,9372,0.0,2627,11999,2,Jeu,0.5,0,5,1,0
CMD202853,CLI10120,Lomé,Alimentaire,Site web,Mobile Money,42.0,F,136.0,0,1,2707,0.0,2009,4716,8,Sam,6.3,1,4,1,0
CMD202854,CLI10543,Atakpamé,Mode,Site web,Mobile Money,38.0,H,289.0,0,1,21643,0.0,3095,24738,10,Jeu,2.8,0,5,1,0
CMD202855,CLI10211,Lomé,Beauté,Site web,Mobile Money,41.0,F,567.0,0,1,1500,0.0,1461,2961,8,Ven,4.2,0,4,1,0
CMD202856,CLI10789,Sokodé,Mode,Application mobile,Espèces à la livraison,39.0,H,228.0,1,3,22337,19.5,2570,56514,7,Ven,2.8,0,4,1,0
CMD202857,CLI11451,Lomé,Téléphonie,Site web,Carte bancaire,31.0,F,447.0,0,3,72547,4.7,1616,209028,2,Lun,1.0,0,5,1,0
CMD202858,CLI10400,Kpalimé,Alimentaire,Réseaux sociaux,Mobile Money,36.0,F,916.0,1,1,9579,13.7,2306,10573,11,Dim,3.3,0,5,1,0
CMD202859,CLI10581,Kara,Téléphonie,Application mobile,Espèces à la livraison,41.0,H,363.0,0,3,49350,0.0,2991,151041,5,Mer,4.6,0,4,1,0
CMD202860,CLI11185,Lomé,Mode,Site web,Espèces à la livraison,29.0,F,,1,2,14434,14.6,2319,26972,1,Sam,2.7,0,5,1,0
CMD202861,CLI10756,Sokodé,Électronique,Site web,Carte bancaire,,F,414.0,0,2,22497,8.4,3794,45009,1,Mer,5.0,0,4,1,0
CMD202862,CLI11508,Kpalimé,Alimentaire,Application mobile,Espèces à la livraison,22.0,F,263.0,1,4,1500,15.0,2675,7775,5,Mar,3.1,0,5,1,0
CMD202863,CLI10314,Atakpamé,Mode,Application mobile,Mobile Money,31.0,H,424.0,1,5,11115,18.7,2164,47346,6,Dim,0.5,0,5,1,1
CMD202864,CLI11670,Lomé,Mode,Application mobile,Mobile Money,35.0,H,92.0,0,2,19056,,1245,39357,7,Mar,2.9,0,4,1,0
CMD202865,CLI10616,Lomé,Beauté,Application mobile,Mobile Money,42.0,F,20.0,0,1,10243,0.0,1719,11962,4,Dim,1.6,0,3,0,0
CMD202866,CLI11611,Lomé,Beauté,Application mobile,Mobile Money,38.0,F,107.0,0,4,9545,0.0,1897,40077,11,Lun,1.5,0,4,1,1
CMD202867,CLI11514,Lomé,Alimentaire,Réseaux sociaux,Mobile Money,38.0,H,931.0,0,2,1500,0.0,2055,5055,3,Mer,5.7,1,4,1,0
CMD202868,CLI11217,Lomé,Téléphonie,Site web,Mobile Money,27.0,H,1213.0,0,5,95306,0.0,1159,477689,1,Mar,1.9,0,5,1,0
CMD202869,CLI10714,Atakpamé,Électronique,Site web,Mobile Money,27.0,F,133.0,0,3,2386,0.0,3006,10164,8,Ven,1.3,0,3,0,0
CMD202870,CLI10290,Atakpamé,Maison,Site web,Espèces à la livraison,38.0,F,179.0,0,3,14415,3.7,2455,44100,2,Mer,4.0,0,3,0,0
CMD202871,CLI10152,Lomé,Alimentaire,Application mobile,Mobile Money,18.0,F,52.0,0,3,10954,0.0,1694,34556,4,Mar,3.0,0,4,1,0
CMD202872,CLI10077,Atakpamé,Maison,Application mobile,Espèces à la livraison,20.0,H,44.0,0,2,15473,0.0,2460,33406,4,Jeu,4.1,0,4,1,0
CMD202873,CLI11559,Lomé,Mode,Application mobile,Espèces à la livraison,28.0,F,749.0,0,2,7670,0.0,1692,17032,11,Dim,4.0,0,5,1,0
CMD202874,CLI10571,Lomé,Beauté,Application mobile,Mobile Money,34.0,H,347.0,0,2,13717,0.0,1819,29253,7,Mer,,1,4,1,0
CMD202875,CLI10187,Lomé,Alimentaire,Site web,Espèces à la livraison,39.0,H,617.0,0,2,5162,6.3,1978,11652,12,Lun,3.5,0,3,0,0
CMD202876,CLI11397,Lomé,Maison,Réseaux sociaux,Carte bancaire,22.0,H,40.0,0,1,19090,4.2,1540,19828,11,Jeu,2.3,0,4,1,0
CMD202877,CLI10218,Dapaong,Téléphonie,Site web,Espèces à la livraison,28.0,F,143.0,0,2,49790,0.0,3675,103255,4,Mar,5.4,1,5,1,0
CMD202878,CLI10638,Lomé,Beauté,Application mobile,Carte bancaire,28.0,H,42.0,0,3,1500,7.0,1660,5845,1,Jeu,3.6,0,3,0,0
CMD202879,CLI11430,Lomé,Électronique,Application mobile,Mobile Money,18.0,H,668.0,0,2,31731,0.0,2044,65506,1,Sam,2.4,0,5,1,0
CMD202880,CLI11062,Lomé,Maison,Réseaux sociaux,Mobile Money,26.0,F,,0,2,20628,0.0,1220,42476,12,Mar,0.6,0,4,1,0
CMD202881,CLI10540,Sokodé,Électronique,Site web,Carte bancaire,53.0,H,901.0,0,1,43515,0.0,2988,46503,9,Ven,6.0,1,4,1,0
CMD202882,CLI11738,Lomé,Beauté,Application mobile,Espèces à la livraison,26.0,F,120.0,0,3,1500,0.0,1221,5721,5,Dim,4.5,0,4,1,0
CMD202883,CLI11029,Kara,Maison,Application mobile,Espèces à la livraison,41.0,F,137.0,0,2,3338,0.0,2551,9227,2,Mar,0.7,0,3,0,0
CMD202884,CLI10370,Kpalimé,Alimentaire,Réseaux sociaux,Mobile Money,33.0,F,38.0,0,5,1500,0.0,2164,9664,12,Ven,0.5,0,5,1,0
CMD202885,CLI10556,Lomé,Électronique,Réseaux sociaux,Mobile Money,24.0,H,111.0,0,3,34366,0.0,889,103987,6,Ven,0.5,0,5,1,0
CMD202886,CLI11760,Kpalimé,Alimentaire,Application mobile,Mobile Money,25.0,H,228.0,1,2,7897,11.2,2476,16501,7,Dim,5.5,1,4,1,1
CMD202887,CLI10738,Lomé,Beauté,Réseaux sociaux,Carte bancaire,31.0,F,414.0,0,4,10358,0.0,1627,43059,11,Sam,1.8,0,5,1,0
CMD202888,CLI11793,Atakpamé,Beauté,Site web,Espèces à la livraison,31.0,H,315.0,1,5,10921,12.0,2221,50273,6,Mar,,0,5,1,0
CMD202889,CLI10734,Sokodé,Mode,Application mobile,Espèces à la livraison,32.0,F,114.0,0,5,19451,5.0,3013,95405,7,Dim,3.9,0,5,1,0
CMD202890,CLI11101,Lomé,Maison,Application mobile,Mobile Money,36.0,H,10.0,0,1,26383,5.4,1475,26433,3,Mar,1.0,0,4,1,0
CMD202891,CLI11176,Kpalimé,Mode,Application mobile,Espèces à la livraison,30.0,F,134.0,1,3,9375,17.3,2463,25722,4,Sam,4.8,0,4,1,0
CMD202892,CLI11091,Sokodé,Téléphonie,Application mobile,Mobile Money,18.0,H,252.0,0,2,14223,0.0,3087,31533,12,Dim,5.4,1,4,1,0
CMD202893,CLI10974,Sokodé,Téléphonie,Site web,Carte bancaire,23.0,H,141.0,1,2,36323,19.8,2701,60963,3,Dim,6.4,1,4,1,0
CMD202894,CLI10242,Lomé,Téléphonie,Site web,Espèces à la livraison,21.0,H,15.0,0,2,169428,0.0,911,339767,11,Sam,2.5,0,4,1,0
CMD202895,CLI10344,Kara,Mode,Site web,Espèces à la livraison,40.0,F,458.0,0,2,14929,0.0,3426,33284,8,Jeu,1.5,0,5,1,0
CMD202896,CLI10419,Lomé,Beauté,Application mobile,Espèces à la livraison,31.0,F,1016.0,1,2,16528,9.3,1147,31129,12,Jeu,3.1,0,4,1,0
CMD202897,CLI10693,Lomé,Beauté,Application mobile,Mobile Money,36.0,H,459.0,0,3,7113,0.0,1318,22657,1,Lun,4.1,0,4,1,0
CMD202898,CLI10320,Lomé,Mode,Site web,Espèces à la livraison,46.0,F,48.0,0,3,1500,0.0,989,5489,12,Dim,1.5,0,4,1,0
CMD202899,CLI10076,Lomé,Mode,Site web,Mobile Money,25.0,H,940.0,1,4,25476,12.5,2327,91493,7,Ven,1.4,0,5,1,0
CMD202900,CLI11796,Kara,Mode,Application mobile,Carte bancaire,26.0,F,1047.0,0,2,1500,0.0,3462,6462,8,Mar,3.7,0,3,0,1
CMD202901,CLI10034,Dapaong,Électronique,Réseaux sociaux,Mobile Money,27.0,H,103.0,0,2,51161,2.0,3523,103799,1,Jeu,2.6,0,4,1,0
CMD202902,CLI10642,Sokodé,Alimentaire,Application mobile,Mobile Money,28.0,F,49.0,0,5,1500,9.6,2383,9163,5,Lun,4.4,0,4,1,0
CMD202903,CLI10030,Kpalimé,Téléphonie,Réseaux sociaux,Carte bancaire,18.0,H,181.0,1,3,1500,10.0,2656,6706,7,Lun,2.4,0,4,1,0
CMD202904,CLI10788,Lomé,Électronique,Application mobile,Carte bancaire,18.0,F,469.0,0,4,40323,0.0,2037,163329,8,Sam,1.4,0,5,1,0
CMD202905,CLI11572,Lomé,Beauté,Réseaux sociaux,Mobile Money,35.0,F,406.0,0,1,10251,7.5,2232,11714,7,Mar,0.5,0,5,1,0
CMD202906,CLI10768,Kara,Électronique,Application mobile,Espèces à la livraison,19.0,H,244.0,0,3,62578,0.0,3270,191004,12,Jeu,4.8,0,4,1,0
CMD202907,CLI10278,Lomé,Maison,Site web,Mobile Money,30.0,H,342.0,0,2,24373,0.0,1171,49917,2,Mer,,0,3,0,0
CMD202908,CLI10682,Lomé,Téléphonie,Application mobile,Carte bancaire,26.0,H,93.0,0,1,50352,0.0,1500,51852,6,Sam,5.7,1,4,1,1
CMD202909,CLI11258,Lomé,Mode,Réseaux sociaux,Mobile Money,29.0,F,65.0,1,3,3086,16.8,1938,9641,2,Mar,1.5,0,5,1,0
CMD202910,CLI11377,Atakpamé,Téléphonie,Site web,Carte bancaire,,F,626.0,0,5,19496,0.0,3034,100514,11,Dim,4.1,0,4,1,0
CMD202911,CLI11522,Sokodé,Électronique,Application mobile,Carte bancaire,33.0,F,46.0,0,5,36174,0.0,3104,183974,9,Mar,1.3,0,2,0,0
CMD202912,CLI11326,Lomé,Maison,Site web,Espèces à la livraison,31.0,H,1053.0,0,3,23093,8.2,1419,65017,7,Lun,1.6,0,5,1,0
CMD202913,CLI10910,Lomé,Maison,Réseaux sociaux,Mobile Money,39.0,F,22.0,0,3,1500,0.0,1348,5848,1,Lun,4.7,0,3,0,0
CMD202914,CLI10465,Lomé,Mode,Site web,Mobile Money,43.0,F,19.0,1,3,26724,16.8,1190,67893,4,Mar,3.6,0,4,1,0
CMD202915,CLI11545,Lomé,Téléphonie,Site web,Espèces à la livraison,51.0,F,37.0,1,1,51255,17.3,1624,44012,8,Lun,1.7,0,5,1,0
CMD202916,CLI10032,Lomé,Mode,Site web,Mobile Money,43.0,F,596.0,1,2,8354,9.0,2347,17551,12,Sam,4.1,0,3,0,0
CMD202917,CLI10007,Sokodé,Mode,Site web,Espèces à la livraison,34.0,H,447.0,0,4,10724,0.0,2633,45529,7,Ven,2.2,0,4,1,0
CMD202918,CLI10933,Kara,Beauté,Application mobile,Espèces à la livraison,25.0,F,137.0,0,5,10634,3.0,2949,54524,11,Ven,4.3,0,4,1,0
CMD202919,CLI11170,Lomé,Mode,Site web,Mobile Money,29.0,F,379.0,0,3,11211,,1554,35187,9,Mer,0.5,0,4,1,0
CMD202920,CLI10094,Kara,Électronique,Réseaux sociaux,Mobile Money,34.0,F,331.0,1,2,4724,5.2,2259,11216,7,Dim,2.8,0,4,1,0
CMD202921,CLI11096,Lomé,Beauté,Application mobile,Mobile Money,29.0,H,379.0,1,5,4295,16.2,1396,19392,3,Sam,5.2,1,4,1,0
CMD202922,CLI10831,Lomé,Beauté,Site web,Mobile Money,25.0,F,732.0,0,1,8009,0.0,1441,9450,7,Ven,4.4,0,4,1,0
CMD202923,CLI10723,Dapaong,Mode,Réseaux sociaux,Mobile Money,24.0,F,1201.0,0,2,16922,0.0,2972,36816,5,Sam,4.8,0,4,1,0
CMD202924,CLI10375,Lomé,Alimentaire,Site web,Mobile Money,45.0,H,587.0,0,2,5621,0.0,1377,12619,6,Mar,1.8,0,5,1,0
CMD202925,CLI10547,Kpalimé,Téléphonie,Application mobile,Mobile Money,38.0,F,306.0,0,4,57637,9.3,2729,211836,7,Sam,1.3,0,3,0,0
CMD202926,CLI11615,Sokodé,Alimentaire,Réseaux sociaux,Mobile Money,21.0,F,224.0,0,5,7616,4.7,2284,38574,6,Mer,4.2,0,4,1,0
CMD202927,CLI11492,Lomé,Alimentaire,Application mobile,Mobile Money,,F,1239.0,1,3,8848,7.8,2024,26498,1,Lun,3.0,0,4,1,0
CMD202928,CLI11783,Lomé,Maison,Réseaux sociaux,Mobile Money,31.0,F,232.0,0,1,19391,0.0,1851,21242,4,Ven,2.3,0,4,1,0
CMD202929,CLI10937,Lomé,Beauté,Réseaux sociaux,Espèces à la livraison,32.0,F,461.0,0,3,8318,0.0,1805,26759,4,Sam,2.8,0,3,0,0
CMD202930,CLI10010,Lomé,Téléphonie,Application mobile,Mobile Money,18.0,F,247.0,1,3,26539,10.0,1722,73377,1,Jeu,0.6,0,4,1,0
CMD202931,CLI11237,Lomé,Électronique,Application mobile,Mobile Money,18.0,H,150.0,0,4,39742,0.0,1939,160907,1,Lun,3.2,0,4,1,0
CMD202932,CLI10783,Lomé,Téléphonie,Application mobile,Espèces à la livraison,23.0,F,228.0,0,5,73808,0.0,1813,370853,10,Lun,2.4,0,3,0,0
CMD202933,CLI11529,Kpalimé,Beauté,Réseaux sociaux,Mobile Money,40.0,H,482.0,1,2,3323,6.6,2393,8600,12,Lun,2.8,0,4,1,0
CMD202934,CLI10740,Lomé,Mode,Application mobile,Mobile Money,32.0,F,854.0,0,3,7356,2.1,1246,22851,6,Mar,0.5,0,5,1,1
CMD202935,CLI10510,Lomé,Électronique,Application mobile,Mobile Money,27.0,H,977.0,0,4,90815,0.0,1472,364732,7,Jeu,2.0,0,4,1,0
CMD202936,CLI10265,Lomé,Téléphonie,Site web,Espèces à la livraison,23.0,F,10.0,0,2,31069,2.1,2230,63063,12,Mer,4.7,0,4,1,0
CMD202937,CLI10568,Lomé,Maison,Application mobile,Mobile Money,33.0,F,263.0,0,2,13353,0.0,1797,28503,11,Mer,2.4,0,3,0,1
CMD202938,CLI10129,Dapaong,Mode,Réseaux sociaux,Espèces à la livraison,39.0,F,1268.0,0,4,22023,8.3,3187,83967,2,Ven,,0,3,0,0
CMD202939,CLI10784,Lomé,Mode,Application mobile,Carte bancaire,21.0,F,939.0,0,3,12469,0.0,2454,39861,7,Jeu,2.8,0,4,1,0
CMD202940,CLI11038,Lomé,Maison,Application mobile,Carte bancaire,46.0,F,71.0,0,3,9087,4.5,1401,27435,2,Sam,2.0,0,5,1,0
CMD202941,CLI10098,Sokodé,Maison,Réseaux sociaux,Mobile Money,,H,565.0,0,2,25876,0.0,2481,54233,9,Mar,5.5,1,3,0,1
CMD202942,CLI10900,Kara,Maison,Réseaux sociaux,Espèces à la livraison,40.0,F,,0,3,15721,0.0,2724,49887,11,Mer,5.3,1,3,0,0
CMD202943,CLI10418,Kara,Beauté,Site web,Mobile Money,53.0,H,391.0,0,1,14922,0.0,2738,17660,2,Dim,4.7,0,4,1,0
CMD202944,CLI10920,Lomé,Mode,Site web,Mobile Money,25.0,F,405.0,0,2,26394,7.2,924,49911,7,Jeu,2.4,0,4,1,0
CMD202945,CLI11486,Lomé,Maison,Application mobile,Carte bancaire,42.0,H,791.0,0,3,36327,0.0,2599,111580,7,Mar,1.7,0,3,0,0
CMD202946,CLI11718,Kara,Mode,Site web,Espèces à la livraison,36.0,H,860.0,0,2,14877,0.0,2640,32394,6,Sam,2.2,0,4,1,0
CMD202947,CLI11520,Kpalimé,Électronique,Application mobile,Mobile Money,27.0,H,127.0,0,4,25363,0.0,2825,104277,7,Jeu,3.4,0,3,0,0
CMD202948,CLI10404,Kara,Alimentaire,Application mobile,Mobile Money,20.0,F,239.0,0,2,1500,8.8,3026,5762,10,Jeu,3.2,0,3,0,0
CMD202949,CLI10365,Kpalimé,Beauté,Application mobile,Espèces à la livraison,18.0,F,62.0,1,3,2463,13.3,2588,8994,7,Dim,4.4,0,4,1,0
CMD202950,CLI10032,Lomé,Maison,Site web,Mobile Money,22.0,F,11.0,0,1,46170,0.0,1592,47762,2,Mar,3.5,0,4,1,0
CMD202951,CLI10531,Kpalimé,Mode,Site web,Mobile Money,34.0,F,393.0,0,3,3351,0.0,2561,12614,6,Ven,1.7,0,4,1,0
CMD202952,CLI10170,Kara,Beauté,Application mobile,Mobile Money,31.0,F,182.0,0,5,5147,4.3,2694,27322,4,Ven,4.8,0,4,1,0
CMD202953,CLI11056,Dapaong,Alimentaire,Application mobile,Mobile Money,19.0,H,138.0,0,2,6859,2.6,4457,17818,10,Jeu,5.0,0,3,0,0
CMD202954,CLI10406,Lomé,Alimentaire,Application mobile,Mobile Money,27.0,F,407.0,0,3,1500,0.0,1930,6430,9,Mar,2.2,0,4,1,0
CMD202955,CLI10960,Kara,Alimentaire,Application mobile,Mobile Money,23.0,H,800.0,0,4,7969,7.4,2596,32113,3,Jeu,2.3,0,4,1,0
CMD202956,CLI11419,Dapaong,Mode,Site web,Mobile Money,41.0,F,193.0,0,1,14241,4.2,3808,17451,7,Lun,4.9,0,4,1,0
CMD202957,CLI10620,Sokodé,Électronique,Site web,Mobile Money,43.0,F,56.0,0,2,43833,2.6,2475,87862,11,Sam,3.7,0,5,1,0
CMD202958,CLI10370,Lomé,Alimentaire,Application mobile,Mobile Money,34.0,H,437.0,1,6,8390,10.4,945,46050,10,Sam,3.6,0,3,0,0
CMD202959,CLI11269,Sokodé,Maison,Réseaux sociaux,Mobile Money,38.0,H,253.0,0,1,29497,0.0,2406,31903,7,Mer,4.4,0,4,1,0
CMD202960,CLI11579,Lomé,Mode,Site web,Espèces à la livraison,39.0,H,181.0,0,3,24674,0.0,2026,76048,7,Ven,5.2,1,3,0,0
CMD202961,CLI11365,Kpalimé,Alimentaire,Application mobile,Mobile Money,36.0,H,713.0,0,1,2293,0.0,1818,4111,12,Mar,3.2,0,4,1,0
CMD202962,CLI10323,Lomé,Beauté,Application mobile,Espèces à la livraison,18.0,H,2200.0,0,2,10130,,1563,20121,9,Mar,4.6,0,5,1,0
CMD202963,CLI11094,Lomé,Mode,Site web,Espèces à la livraison,48.0,F,160.0,0,2,13384,0.0,2187,28955,5,Dim,3.1,0,4,1,0
CMD202964,CLI11600,Kpalimé,Téléphonie,Application mobile,Mobile Money,33.0,F,,0,2,71277,4.5,2029,138168,7,Lun,5.0,0,5,1,0
CMD202965,CLI10147,Lomé,Électronique,Réseaux sociaux,Mobile Money,25.0,F,45.0,0,2,45516,4.1,1935,89235,10,Dim,2.4,0,4,1,0
CMD202966,CLI11386,Kara,Maison,Site web,Mobile Money,40.0,H,172.0,0,1,25244,0.0,2991,28235,7,Lun,3.1,0,4,1,0
CMD202967,CLI10888,Dapaong,Mode,Site web,Mobile Money,27.0,H,27.0,1,3,7528,8.6,4318,24960,6,Mer,1.8,0,4,1,0
CMD202968,CLI11603,Kpalimé,Électronique,Application mobile,Espèces à la livraison,29.0,F,211.0,0,4,62940,9.8,1916,229004,4,Sam,2.9,0,3,0,0
CMD202969,CLI11099,Lomé,Alimentaire,Application mobile,Mobile Money,43.0,H,744.0,1,2,9828,13.4,1877,18899,4,Dim,5.3,1,5,1,0
CMD202970,CLI10129,Lomé,Maison,Site web,Espèces à la livraison,36.0,F,262.0,0,4,36542,0.0,1301,147469,9,Dim,4.6,0,4,1,0
CMD202971,CLI11011,Kara,Maison,Site web,Mobile Money,33.0,H,29.0,0,2,32599,6.7,3589,64419,7,Mar,4.8,0,5,1,0
CMD202972,CLI11212,Lomé,Maison,Application mobile,Mobile Money,45.0,H,780.0,0,2,6490,5.6,1753,14006,6,Sam,1.7,0,4,1,0
CMD202973,CLI11392,Atakpamé,Maison,Site web,Carte bancaire,19.0,F,176.0,0,1,36168,0.0,2800,38968,9,Sam,6.4,1,4,1,0
CMD202974,CLI11016,Lomé,Électronique,Application mobile,Espèces à la livraison,37.0,F,208.0,0,3,53047,0.0,1617,160758,9,Dim,3.2,0,4,1,0
CMD202975,CLI10742,Kpalimé,Mode,Application mobile,Mobile Money,26.0,F,113.0,0,1,17034,0.0,2572,19606,12,Dim,2.6,0,5,1,0
CMD202976,CLI10800,Dapaong,Mode,Réseaux sociaux,Mobile Money,42.0,H,274.0,0,3,39438,0.0,3779,122093,8,Ven,6.0,1,4,1,0
CMD202977,CLI10637,Lomé,Mode,Site web,Espèces à la livraison,35.0,H,122.0,0,1,33094,0.0,1789,34883,4,Ven,1.9,0,4,1,0
CMD202978,CLI11324,Atakpamé,Téléphonie,Application mobile,Espèces à la livraison,21.0,F,5.0,1,1,29035,9.3,3081,29416,12,Jeu,1.4,0,5,1,0
CMD202979,CLI10165,Kpalimé,Électronique,Réseaux sociaux,Mobile Money,48.0,H,110.0,0,1,66776,2.3,2563,67803,10,Jeu,1.1,0,3,0,0
CMD202980,CLI10385,Lomé,Mode,Réseaux sociaux,Carte bancaire,28.0,H,391.0,0,3,26468,0.0,2310,81714,6,Mar,0.5,0,4,1,1
CMD202981,CLI10294,Lomé,Maison,Application mobile,Mobile Money,21.0,F,74.0,0,2,19177,0.0,1562,39916,8,Ven,,0,4,1,0
CMD202982,CLI10668,Kpalimé,Alimentaire,Application mobile,Espèces à la livraison,39.0,H,390.0,0,2,5922,9.7,2037,12732,12,Lun,4.6,0,4,1,0
CMD202983,CLI11467,Kpalimé,Alimentaire,Réseaux sociaux,Espèces à la livraison,31.0,H,89.0,0,3,4845,0.0,2625,17160,12,Sam,4.8,0,4,1,0
CMD202984,CLI11133,Lomé,Téléphonie,Application mobile,Espèces à la livraison,44.0,F,744.0,1,3,74757,14.2,2126,194551,5,Jeu,0.8,0,5,1,0
CMD202985,CLI10855,Lomé,Beauté,Site web,Mobile Money,31.0,H,174.0,1,1,8796,5.1,1636,9983,9,Dim,,0,4,1,0
CMD202986,CLI11516,Lomé,Électronique,Site web,Carte bancaire,,F,44.0,0,1,49888,8.6,2382,47980,5,Dim,2.8,0,4,1,0
CMD202987,CLI10674,Lomé,Alimentaire,Application mobile,Mobile Money,41.0,F,522.0,1,2,10857,,2548,22677,7,Dim,1.1,0,5,1,0
CMD202988,CLI11226,Kpalimé,Mode,Application mobile,Espèces à la livraison,36.0,H,2200.0,0,3,23443,5.0,2428,69241,6,Mar,3.5,0,5,1,0
CMD202989,CLI10254,Kara,Alimentaire,Site web,Mobile Money,32.0,F,301.0,0,3,4537,5.0,3309,16239,12,Jeu,5.0,0,4,1,0
CMD202990,CLI10639,Lomé,Beauté,Site web,Espèces à la livraison,37.0,F,102.0,0,2,12748,2.1,727,25688,1,Mer,2.9,0,4,1,0
CMD202991,CLI10520,Kara,Téléphonie,Réseaux sociaux,Espèces à la livraison,30.0,H,298.0,0,1,61341,0.0,3302,64643,2,Sam,1.8,0,5,1,0
CMD202992,CLI10597,Lomé,Beauté,Site web,Mobile Money,37.0,F,123.0,0,1,13985,9.2,1734,14432,9,Lun,0.5,0,5,1,0
CMD202993,CLI11150,Kara,Alimentaire,Site web,Mobile Money,39.0,F,181.0,0,2,6726,9.8,3011,15145,10,Mar,4.7,0,4,1,0
CMD202994,CLI11475,Kpalimé,Téléphonie,Site web,Mobile Money,23.0,H,176.0,0,1,52991,0.0,2433,55424,11,Sam,3.8,0,4,1,0
CMD202995,CLI10196,Lomé,Mode,Application mobile,Mobile Money,39.0,H,94.0,0,3,13908,3.0,2277,42749,2,Mar,3.2,0,3,0,0
CMD202996,CLI10425,Lomé,Mode,Application mobile,Carte bancaire,29.0,F,106.0,1,4,6370,8.7,1439,24702,6,Mar,3.0,0,4,1,0
CMD202997,CLI11451,Lomé,Mode,Réseaux sociaux,Mobile Money,35.0,F,12.0,0,2,23887,6.5,1978,46647,6,Dim,4.6,0,3,0,1
CMD202998,CLI11574,Lomé,Mode,Réseaux sociaux,Espèces à la livraison,18.0,H,137.0,0,4,1500,0.0,2349,8349,8,Ven,2.6,0,4,1,0
CMD202999,CLI10109,Sokodé,Maison,Site web,Mobile Money,22.0,H,1807.0,0,1,28426,,3092,29386,7,Lun,,0,4,1,0
CMD201957,CLI11411,Lomé,Beauté,Site web,Espèces à la livraison,51.0,H,1220.0,0,4,11012,2.2,1377,44456,11,Mer,0.8,0,4,1,1
CMD202087,CLI10267,Lomé,Alimentaire,Réseaux sociaux,Mobile Money,38.0,F,120.0,0,3,9005,4.3,1099,26952,10,Dim,,0,5,1,0
CMD201394,CLI11522,Lomé,Alimentaire,Réseaux sociaux,Mobile Money,31.0,H,,0,2,9722,4.5,1710,20279,11,Ven,3.9,0,4,1,0
CMD201520,CLI10700,Atakpamé,Mode,Site web,Mobile Money,20.0,H,91.0,0,2,15701,0.0,2707,34109,2,Mer,4.4,0,5,1,0
CMD201098,CLI10690,Lomé,Alimentaire,Site web,Espèces à la livraison,33.0,H,284.0,0,4,10710,0.0,1616,44456,11,Lun,0.5,0,5,1,0
CMD200393,CLI10632,Kpalimé,Électronique,Site web,Mobile Money,40.0,H,551.0,0,3,7289,2.6,2965,24263,9,Ven,2.1,0,5,1,0
CMD200028,CLI10723,Atakpamé,Mode,Application mobile,Espèces à la livraison,36.0,H,82.0,1,4,7669,10.6,2275,29699,3,Lun,0.5,0,4,1,0
CMD200099,CLI11671,Lomé,Mode,Réseaux sociaux,Espèces à la livraison,23.0,H,457.0,0,2,26262,0.0,1881,54405,12,Mer,3.2,0,4,1,0
CMD200351,CLI11440,Kpalimé,Mode,Application mobile,Carte bancaire,23.0,F,644.0,0,4,7982,0.0,2756,34684,5,Lun,5.3,1,3,0,0
CMD202020,CLI11128,Lomé,Maison,Application mobile,Espèces à la livraison,42.0,H,133.0,1,3,27054,16.7,1514,69122,12,Jeu,2.5,0,4,1,0
CMD201352,CLI10244,Lomé,Téléphonie,Site web,Mobile Money,25.0,F,107.0,0,1,40597,0.0,1621,42218,5,Mer,1.1,0,4,1,0
CMD201144,CLI10159,Lomé,Alimentaire,Application mobile,Mobile Money,26.0,H,62.0,0,2,9074,0.0,1648,19796,1,Sam,1.7,0,4,1,0
CMD202855,CLI10211,Lomé,Beauté,Site web,Mobile Money,41.0,F,567.0,0,1,1500,0.0,1461,2961,8,Ven,4.2,0,4,1,0
CMD201225,CLI11573,Lomé,Électronique,Site web,Mobile Money,,H,191.0,0,2,47507,3.3,1857,93736,2,Sam,0.5,0,5,1,0
CMD200297,CLI10113,Kara,Maison,Réseaux sociaux,Carte bancaire,42.0,F,55.0,0,2,20691,0.0,2960,44342,8,Sam,3.1,0,4,1,0
